<TEI version="3.3.0" xmlns="http://www.tei-c.org/ns/1.0">
 <teiHeader>
  <fileDesc>
   <titleStmt>
    <title>The shortest TEI Document Imaginable</title>
   </titleStmt>
   <publicationStmt>
    <p>First published as part of TEI P2, this is the P5
         version using a namespace.</p>
   </publicationStmt>
   <sourceDesc>
    <p>No source: this is an original work.</p>
   </sourceDesc>
  </fileDesc>
 </teiHeader>
 <text>
  <body>
   <p>This is about the shortest TEI document imaginable.</p>
  </body>
 </text>
  <text>
  <body>
Поттарвна плаћена т готовом.

Ванредно издање

Зо слободну ноуку
но
слободнои Уннверзитету

Студент

Сетииосемртоваполих
9 одброни
А9ТOНOИИЈЕ

ОРГАН СТРУЧНИХ, ЕКОНОМСКИХ И КУЛТУРНИХ СТУДЕНТСКИХ УДРУЖЕЊА НА БЕОГРАД. УНИВЕРЗИТЕТУ

У ОДБРАНУ!

Јединствен став
проФесора и студената

Слобода науке не може
бити укинута
а да се не побреди устаб

Пре неколико дана разговарали смо саг. Ректором. Он се
врло радо одазвао нашој жељи да нам да једну изјаву за „СтуДент
. Г. Ректор Је говорио сигурно имајући у виду чињенице,
догађаје и резултате. Говорио је одмерено, као човек који сваким
поступком, сваком својом речи жели да користи Универзитету и
студентима. Говорио је искрено,јер је поред другог својом искреношћу
и тражећи од других искреност успео да ове две последње
године управља нашим Универзитетом на задовољство не само
професора и студената већ и свих оних који цене науку и научни
рад.

Разговарали смо баш 29 априла. Тачно две године раније
29 априла 1936 г. др. Драгослав Јовановић изабран је за
ректора нашег Универзитета. Тачно две године раннје разговарали
су са њим и г. проректором г. др. Мицићем студентски
претставници. На основу тога разговора, требало је одлучити
да ли ће се штрајк продужити или обуставити. И штрајк је обустављен.
Обустављен штрајк, највећи у историји нашег покрета,
штрајк који је вођен за одбрану аутономије, угрожене тада увођењем
универзитетске страже, једном мером која је, истина,
била усвојена од наших универзитетских власти. Али, познаЈући
добро карактер универзитетске страже као установе, и последице
њеног увођења не само за нас, студенте, већ и за Универзитет
уопште, ми нисмо водили штрајк против професора,
већ, напротив, ми смо им се тада обратили једним писмом, у
коме смо указали на праве и непосредне опасности које прете
нашем Универзитету и науци, професорима и студентима подједнако,
ми смо у пуном јеку штрајка тражили њихову сарадњу.
Ми смо удувек били за сарадњу, у том погледу су се са нама слагвли
и многи професори. Њима и нама ове последње две године
дале су за право. Ево најбоље потврде тога становишта, ево шта
г. Рсктср пдговара ка каше питање:

Сарадња /е корисиа
и»у трс&а иастаиити
и протиритш

Шта Ви, г. Ректоре, на
основу личног искуства, мислитс
о сарадњи професора и студе•
ната?

Сарадња је корисна, њу
треба наставити и разгранати.
Годинама није било прилике за
трајну сарадњу, мада је она у
већој или мањој мери увек и
раније постојала. јер школа често
није радила. Међутим, данас
постоје за њу сви услови.
Многа питања, која се односе на
живот и рад на нашем Универзитету
заједничка су студентима
и професориа, подједнако
их интересују. 0 тим заједничким
питањима потребно је заједнички
разговарати. Тако на
пр. код питања спровођења и
савлађивања наставног програма,
при чему су од значаја и мишљења
студената о томе шта и
колико они могу, под садашњим
својим тешким економских приликама,
да савладају, а да би
настава ипак бнла успешна. Тако
се приликом груписања испита
и постављања баријере за
уписивање даљих семестара водило
рачуна о студентским потребама
и жељама, а ипак без
икакве штете по наставу.

Студи/е иису
прииилеги/а
имуЂии/е класе
Исто тако важна су питања
економска. Пре рата је био релативно
мали број сиромашних
студената и они су могли себи
наћи запослење у каквој канцеларији
као практиканти или дајући
кондиције. Данас се стање
погоршало из више узрока. Број
студената је огромно порастао,
а осиромашили су они друштвени
слојеви који своју децу шаљу
на студије и који се налазе у
немогућности да издржавају једног
свог члана на Универзитету.
Данас се студије не сматрају за
привилегију имућније класе, већ
право на њих полажу и најсиромашнији,
због тога што се показало
да у ратним тегобама
учествује џео народ, па му треба
допустити да се и у миру користи
свима тековинама: Ова
појава није само код нас примећена
већ и на страни. И свуда
где број студената није на разне

начине ограничен сиромашни
студенти су заступљени у великом
броју. Међутим, начин њихова
издржавања јако је отежан,
због тога што су кондиције и
ранија практикантска места сада
постала врло привлачна и за
дипломиране студенте, којих такоће
има у великом броју незапослених.
Свуда се на страни
схватило као дужпост друштва
да се о сиромашним студентима
много више брине него пре рата.
Отуда огроман број студентских
домова, мензи, стипендија, опоравилишта,
санаторијума и другпх
здравствених установа, намењених
искључиво студентима
и издржаваних не само од стране
државе и јавноправних установа,
већ и од многобројних приватних
удружења, фондација и
појединаца.

Студенти и профссори
Ј*ОГу сво/им
радом постићн на/бол»е
рсзултате

Код нас је пре рата постојао
Фонд за помагање сиромашних
студената. После рата Фонд је
извесно време обуставио свој
рад, и старање о сиромашним
студентиЛа узео је на себе један
одбор професора. Студенти су
организовањем својих мензи узели
великог учешћа у збрињавању
себе и својих другова, али
се убрзо показало да је ту најкорисније
ако професори и студенти
буду радили удруженим
снагама. Отуда је резултирало
оснивање Потпорног удружења,
које је узело на себе улогу ранијег
Фонда и у коме сарађују
професори и студенти. Ова сарадња
ће се свакако проширити
при оргапизацији студентских
домова и мензи, а и у здравственим
установама, које се намеравају
ускоро основати.

Студенти непосредним познавањем
прилика својих другова, и
професори, својим знањем, искуством
и положајем, могу заједничким
радом постићи најбоље
резултате.

Наш ректор

Дисциплина

Удружеља се све
внше баве сво/нлј
с тр учннлг пттавлима

Шта Ви г. Ректоре, мислите
о студентским организацијама,
које играју веома важну улогу
у животу наших студената,
о студентској дисциплини, која
је толико пута дошла до израза,
и осталим појавама. које се по
вашем мишљењу значајне у дру■
штвеном животу наших студената?
На Универзитету постти
них удружења која се све више
баве својим стручним питсњима.
Поједина удружења су V том
постигла веома леп успех оснивајуНи
:-.змеђу осТаЛО| и деоатнс
клубове, који су код студената
побудили врло велико интересовање
и показују добре резултате.
Прво је почело Правничко
друштво, па затим филозофи,
око педесет разних стручних, 1
културних и других студентских
удружења. Нису сва ова друштва
подједнако активна и нису
имала прилике да своју активност
развију у пуној мери у
смислу своји правида, али постепено
све се већма прилике и
у овом погледу сређују, што се
нарочито примећује код стручних
удружења.
Овде се најчешће расправљају
стручна питања општег
значаја и то скоро увек у присуству
професора, што је најбоља

гаранција да се у њима ради
онако како треба да буде на
Универзитету.

Велика потреба
репрезеита тнвно
удружење

Осећа се велика потреба једног
општег, репрезентативног удружења,
сличног »Побратимству«,
које би на себе узело расправљање
питања најопширнијег ка,
рактера. Организацији се доса-Iда
није могло приступити услед
извесних потешкоћа које потичу
од прописа који се односе на ову
материју. Осим тога, потребно
је бнло организовати и оживети
оад појединих удружења, што
се нНјС тако лако и брзо урасе
није тако лако и брзо могло
урадити, с обзиром на њихов
велики број. Тек пошто је ово
урађено може се приступити
организацији »Побратимства«,
>чије ће поједине секције узети
на себе известан део послова,
које су досада морали радити
хтели не хтели поједини одбори,
Акциони, Културни, Мировни
и Одбор за правну заштиту,
и други одбори, као и стручна
удружења, којима то није
требао нити им је био главни
задатак. После оснивања »Побратимства«
моћи ће се остала
удружења тек у пуној мери посветити
своме стручном и осталом
раду према својим правилима.
Аутономија битан
предуслов за правилан
рад на Универзитету

каже проректор г. Мицић

Питање аутономије је питање
које је одувек интересовало студенте
и то нарочито у погледу
на ваншколске власти, Они о
њсму пишу, разговарају, дискутују
и врло често аутономији
дају и шири делокруг него што
га она има по духу и слову закона.
То је појмљиво. Студентство,
увек будно и осетљиво као
сеизмограф за мерење потреса
земље, на сваку па и најмању
повреду аутономије жијЛ,'реагира.
То узбуђује духове, изазива
духовни немир, који је свакако
шкодљив и непожељан на Универзитету,
јер ремети праву научну
атмосферу.
Стога сматрам за потребно организовање
неколико предавања,
заједничких дискусија професора
и студената, на којима
би се ствари поставиле на своје
место и обавестило се о делокругу
саме аутономије. Сем тога,
било би коначно потребно да се
поштовање закоиских прописа
о аутономији осигура, јер то
је битан предуслов за правилан
рад на Универзитету. Не би
смело да се студенти малтретирају
ни са које страпе. Они морају
бити мирни, сталожени,
дсбрих живаца, да би им се са
те стране омогућио пун, садр-

жајан, правилан и интензиван
рад на студијама. Две године
сарадње студената са својим професорила
то потврђују. Она се
показа;.а не само као потребна ;
него и као неопходна. У једној
дивној атмосфери, где се осећа да
су студенти и професори једно,
у атмосфери узајамног поверења
и једино у таквој
‘атмосфери било је могуће
повољно решити онолика горућа
питања; питања чисто школска
и питања социјално-економска
везана за Школу и за студије.
Студеити сада, у свакој прилици,
показују здрав и конструктиван
смисао за све што је прогресивно,
корисно, лепо и добро.
Не могу, а да не истакнем са
колико самопрегора раде студенти
у својим стручним, културним
и економским удружењима
за опште студентске ствари,
што само доказује чврстину
њиховог јединства и високу свест
о заједничким интересима И да
завршим; поштовање и уважење
универзитетских власти и професора
појединачно, жеља за
студирањем, за продубљавањем
науке, искрена и топла жеља за
општим културним напретком
јесте и остаје битна карактеристика
данашњег студента.

Како је повређена
аутономија

После годино мира и ргда на Универзнтету две године стваралачког
рада о чнјнм рсаултатнма сведоче не еамо многи уепешно решени
нроГмемн етудената, веК м најајие гг. нрофееора Универзитета у овом
оро]у •>( ту дента« ]едннм низом напада на Аутовомнју увпверзнтета
ноновно Је доведен у Iпггаи.е дољн нормални рад на нашо] школи. Чнњеннце
еу веК познате: нпак, радн шнрпх кругова студената н радп јавноети,
а пмаЈуКн у внду тенденцнозне веетн ко]е ее нокушавају протурати, мора]у
се Још Једном подвуКн:
Иосле нзненадпог упада органа Управе града Београда у ВоЈвођанеку
Академеку Трпеау н хапшења евих етудената коЈн су тамо становади,
долази. у иоКн између 17 н 18 о.м. до у.таска полициЈе и претреса на Техн.
факултету. Иретрес је извршен без одобрења г. Ревтора Унивсрзитета иг.
Декана Техиичког факултета. без присуетва г. Декава н професора. Гриликом
иетог дошло Је до оштећења унив. п студентске имовнве: резудтати
претреев пак, допео Је, како ее у званичном комуникеу каже. до открића
знатне колнчипе »еубверзивног матери Јала«.
Како за студенте, тако п за гг. професоре и Унив. влаети, био Је,
после свега овога, могућ само Једаи став: АутономиЈа Је погажена, позитивни
закоиски пропиеи су прекршени. Резултати и »налази« из таввог
лоетунка не могу нматн никакве законеке важности: Јср, да се је радило
само о томе, Је ли било што лакше него поверити таЈ претрес самим органима
Унив. Управе?! За ове прекршаЈе закона, за причињену штету,
треба добнтн законску сатисфакциЈу. То је био и став величанственог студеитеког
збора 19 О.м., на коме Је 8000 студепата жарко манифестовало
за АутономиЈу, и прогласило протестни тродневни штраЈк.
ШтраЈк ]е, у наЈвећем реду и миру свуда снроведен; ради Још веће
гарантнЈе, \ нив. влаети су за време његовог тра Јања затвориле Универзитет.
Тада, 20 о.м. пре подне, групица од 58 студеиата, чланова »Слов.
Југа« и »Збора« унала Је кроз прозоре разбивши их претходно —на
Правни факултет, разби Јала по празној згради нарочито у кабинетима
гг. професора 'l*аЈе и Станковића и демонстрирала за свога политичког
партиског вођу, против Уннв. власти. Тако Је, по трећи пут Јер се то
толсриеало епоља повређена АутоиомиЈа и закон.
То су голе чињенице о догађаЈима: опе мораЈу свакоме локазати ко ]•
етварно за рад и мир на Универзитоту, а ко све то, у интересу партизанства
хоће да сруши. Оне мораЈу свима показати да Је Одбрана АутовомиЈе, пре
свега, одбрана законитости у овоЈ земљи, и, као таква, дужност свих.
аававааа|lа|,аваа|lаавва **вавввваавваввааивавввввввввавввввввввввававшвмав>

Сви смо ми за аутономију
кажу и г.г. Двкани

Арх. Петар БаЈаловић
декан Техничког факултета

Мислим да не може бити сумње
да је аутономија Универзитета
битан услов за успешно и
слободно излагање науке.
Сарадња и што ближи контакт
професора и студената, могу
слободно рећи и узајамна љубав
и поверење, од највеће су
користи за успех наставе. Држим
да сваки наставник, поред
све своје научне спреме и способности
да преда знања другима,
треба да ужива ученичку
љубав, оданост и поштовање,
и да и он воли своје ученике.
То је, по мом мишљењу, један
од најглавнијих услова за успе
наставе. Некадањи „страх од
наставника" треба да се потпуно
изгуби, а да га замени
љубав и искрено слободно
поштовање.

Ужи контакт између професора
и студената отежан је на
извесним катедрама често природом
предмета, нарочито оних
без вежбања и семинара. Међутим,
треба тежити да се он
постигне разним састанцима, излетима,
спортом и другим приредбама
на којима би суделовали
студенти и професори. Јиме
би се смањила хладноћа и скратила
огромна удаљеност која
влада у аудиторијима, између
професора на катедри и студената
у клуцама.
У последње време тај је
контакт био чешћи но раније,
и дао већ одличне резултате:
године мирног и интензивног
рада, побољшање студентских
материјалних прилика и све већи
успех у нуци. На студентским
приредбама имао сам прилике,
заједно са присутним колегама,
да се дивим другарској
срдачности, здравој забави и
савршеном реду који је ненаметнут
и спонтан, а који влада
на овим састанцима. Нарочито
последњи заједнички излет
■■■■■■■■■■■■■■■■■■■■■■■■■■■■■■■■■■■■

Ђурђевски уранак био је
пример реда и дисциплине, иако
је број ученика био велик и са
свих факултета.

Инж. Станоје Недељковић

декан пољопр.-шумар. факултота
Напредак је учињен на
свима пољима рада на Унив.
за ове две године. Сарадња
професора и студената је доказала
да се само тако може ићи напред.
Са студентима сам потпуно задовољан.
Заједнички уранак на
Авали, иа коме сам и ја учествовао,
био је заиста дивна манифестација
јединства студената
Београдског универзитета. Број
присутних професора и студената
јасно то доказује. Желим да
што чешће будемо заједно.
Што се тиче аутономије Универзитета
то се питање сада не
може ни поставити. Уосталом
став свих професора по томе питању
је једнодушан. Сви смо
ми за аутономију Универзитета.

Др. Тодоровнћ
декан Ветерииарског факултета

Немам ништа да додам изјави
г. Недељковића са којом се потпуно
слажем. Ипак, желим да
нарочито подвучем да је за ове
две године интересовање студената
за научни рад много порасло.
Студенти сада редовно посећују
предавања, вежбе и семинаре.
Све више учествују у
дискусијама по појединим научним
проблемима. Једном речју
напредак је велики.

Ове две године су заиста године
мира, реда и рада на Универзитету.
Желим да се овако продужи
и даље.

На питање шта мисли о аутономији
Универзитета г. Тодоровић
је био кратак:
Па ко би могао да буде против
аутономије?!

Данас више него икад

ЈЕДИНСТБОСлободна наука
не може бити унинута
а да се не повреди
Устав

(Наставак са 1-ве стране)
Нарочиту пажњу заслужује
организација јавних предавања,
која на Универзитету приређују
поједина студентска удружења.
Приходи од ових предавања употребљавају
се на потребе друштва,
а раније и на помоћ м,ензама
и оболелим студентима.
Предавачи су најчешће професори
и сами студенти, а намењена
су широј јавности. После
извесног колебања утврђено ]е
да се ту не расправл»ају питања
која би могла имати везе са политиком,
а од предавача, који
неприпадају Универзитету, изостввљене
су личности истакнуте
у политици.
у свима овим многоструким
манифестацијама школског живота,
у коме студенти узимају
на]ширег учешћа, показала се
једна савршена дисциплинованост
од стране студената. Од
кад сам на овом положају ниједанпут
ми се није десило да су
ми студенти нешто обећали а да
то нису испунили.
У последње време чују се
приговори против аутономије Универзитета.
Шта Ви мислите
о аутономији. нарочито с обзиром
па развитак науке, чему
Универзитет треба првенствено
да служи?

Наш данашњи устав у своме
члану 15 прописује да је наука
слободна и то, што је од значаја,
без оног , ограничења
као што је учинио код осталих
слобода које је тако!)е пронисао,
напр. код слободе штампе и
права удруживања збора и договора.
Ово зчачи да слобода
науке не би могла бшпи укинута,
па ни путем закона, а да се тиме
не повреди Устав, ипак законодавац
има право да ову слободу
науке законом регулише
и обезбеди. Због тога је наш
законодавац у чл. 1 Закона о
универзитетима прописао да су
Универзитети аутономна тела.
У чему се састоји аутономија
у.ниверзитета прописао је овај
закон. Општа уредба и факултетске
уредбе. Ту пре свега долази
право Универзитета да
предлаже измене и допуне прописа
који се на Универзитет односе.
Затим, право професора
да сами обнављају свој професорски
колегијум. Нико не може
бити постављен за универзитетског
наставника или унапређен,
а да га претходно нису изабрала
или предложила надлежна тела.
Затим нико не може бити уклоњен
без цретходне одлуке Универзитета.
Тако исто наставници
потпадају под дисциплинску
власт самог Универзитета. Све
су то прописи који сачињавају
аутоиомпју Универзитета. Као
што су прониси о судиској стал-

ности и независности дати искључиво
у интересу правосуђа, а
не у личном интересу судија,
тако су и ови прописи, ради
личне користи професора, него
баш ради обезбеђења оне слободе
науке коју прописује Устав,
и која још н данас једино тим
путем може бити обезбеђена.
Данас се истина не може десити
да један научник буде спаљкн
ради својих научничких убеђења
или да их се мора јавно одрећи
да би сачувао живот. Али је на
жалост још увек могуће да научни
радници на други начин буду
прогањани, да им се спаљују књиге
и цензуришу радови Зато је
за слободу потребна нарочита
заштита.
На нашем Универзитету има
неколико најодличнијих професора
који су ту провели 30—40
год. и као професори и као научници
и писци стекли су највећих
заслуга за науку и наш народ,
и који ту извесно не би толико
време остали да су могли са тога
места бити смењени ако су се,
својим радом, излагањем свога
научничког убеђења, замерили
можда коме код тако честих промена
код нас. Њихово смењмвање
би несумњиво било од велике
штете нашој општој ствари
којој су послужили таквим својим
радом.
Шта студенти непосредно
имају од аутономије Универзитета?
Закон о универзитетима у
своме чл. 17 прописује да слушаоцима
за полициске иступе
суди суд за студенте под дисциплинској
уредби. У свима временима
са’ студентима се поступало
изузетно, на један блажи
и културнији начин, него са
осталим иступницима, што такоће
свакако има свога врло
оправданог разлога. Примена овога
тако јаснога прописа постала
је данас коД нас спорна.
Универзитет се нада да ће ово
питање бити решено у смислу
важења Закона о униве зитетима.
Сем тога студенти имају
интереса да се поштују и остали
прописи аутономије, јер напр.
ни њима није свеједно да ли ће
им предавати људи прпзнати
за најбоље у својој струци, или
неко ко се мање вг.ше случајно
обрео на месту наставника и
који као и други чиновник може
бити смењен. Отуда је аутономија
Универзитета јгдна ствар.
која је важна и за професоре и
за студенте.

Целом нашем народу може
користити само такав Универзитет,
на коме ће се гајити и
развијати слободна научна мисао,
тако да се са Универзитета
увек може чути »Ерриг зј пшоуе«...
_____

Без аутономије ова школа не би могла бити

оно што
треба да буде

Две године мирног рада на нашем
Универзитету вратиле су нас
у ранију атмосферу поверења
међу студентима и иаставницима,
у којој је једино и могућ
заједнички рад .на циљу коме
та висока школа служи. Ни за
последњих година узбурканог
живота на нашем Универзитсту
није било унутрашњег несноразума,
у самој школи и у раду
у њој, он је био дошао са странЈ
и односио се готово искључиво
на то како студенти с једне, и
њихови наставници с друге стране,
бирају и примењују методе
да би очували оно што једни и
други подједнако цене: научну
аутономију нашег највишег научног
института. Да ли је она
у истини била у нитању, да ли
је њој грозила каква опасност?
Може бити да и није, и утолико
боље, али не треба се чудити
ако је и најмањи повод
веровању, да то није тако био
знак за узбуну оној младој и
импулзивној половини наше акалемске
заједнице код студената.
Аутономија није привилигија
ни наставника ни ђака (студената)
она припада овој школи
и без ње она не би могла бити
онаква каква треба да буде.
Зг. студенте и њихове настав-

нике она значи и једну нарочиту,
нову и не лаку дужност
и обавезу: да се старају да и
сами буду ње достојни.
Нвћу говорити о томе колико
смо ми наставници умели дати
доказа о схватању те своје дужности.
Радујем се што су ове
две последње године поткрепиле
и потврдиле моју веру, да су
те дужности увек били свесни
и наши студенти. Они су учинили
велики напор нал самима
себи да даду непобитног доказа
о своме схватању да је рад у
школи, на науци, нрва њихова
дужност, јер је он једна од најпречих
потреба наше земље.
Признање за то дужни смо им
не само ми, њихови наставници,
него и сви мислећи људи који
познају и иене путеве којим
Универзитет служи интересима,
будућности наше земље.
Исто тако дугујемо признање
и онима нашим колегама, којима
је пала у део та тешка али
и велика дужност, да као органи
универзитетске власти рашчисте
пут и олакшају сваки
корак студената на томе путу.
Ми се сви не мање од њих
самих радујемо њиховом успеху.
Кирило Савић
проф. Универз.

Две годиие конструктивног рада
створнле су услове за иапредак
нашег Уиииерзитета студеиата и
иауке

Даиас за иаше професоре и за иас
ради се о томе да се иастаии са
стиаралачким радом иа слободном
Универз итету

Зато /е потре&но од&ранити
аутоиомиЈу

Др. Синиша
Станковнћ

Насупрот осталом делу омладиие
наше земље, наши студенти
су у могућности да много лакше
приступе свпма проблемима данашњег
културног и јавног живота.
Плагодарећи високом образовању
које имају прилике да
стекну на Уииверситету, они
су у стању да те проблеме лакше
упознају, осете њихов значај
и њихову сложеност, и заузму
став према њиховом решавању.
Али у исти мах они могу, пре
од остале омладине, да дођу до
свести и одговорности која на
њима као умним радницима и
грађанима. Развити у себи пуну
свест о одговорности и оспособити
се за право научно мишљење,
два су основна задатка која
студенти имају да испуне.

Имам утисак да данашњи студенти
нашег университета све
јаче осећају значај та два задатка.-
У њиховим одлукама
и њиховој делатности, у њиховим
раснрављтњима разноврсних
културних питања, најзад
и у њиховом школском раду
све се више осећа озбиљност и
критичност. То треба подвући.

Др. Урош Џонић

Питате ме шта мнслим о сарадњи.
Само добро. Не знам
да ли се о њој уопште може
нешто рђаво рећи. То је врло
корисна ствар. Данас на факултетима
влада много боља атмосфера
него раније. Професори и
студенти се редовно разговарају,
саветују, мењају Аисли, једном
речју допуњују једни друге. Коначно
је остварен лични контакт
између наставника и студсната,
а што се тиче могућности
које тај лични контакт пружа,
и користи које њим стичемо,
мислим да није потребно ни да
говорим.

Резултати сарадње се већ запажају.
У самој библиотеци рад
је много интересантнији, озбиљнији.
На семинарима студенти
говоре о ономе што је на дневном
реду, не удаљују се од теме,
што је несумњив знак спремности
и познавања градива. На
испитима је знање много солидније,
боље, а и писменост је
много већа. Једном речју све је
кренуло на боље.

Коначно, желим да истакнем
само још ово; )између студената
и професора остварен је однос
човека према човеку, однос који

Студентима
Београдског
универзитета

Уинверзитет Је у опасности!
Последн.и догађаји Јасно су показали, да су кршења аутономпј
довела у опасност не само студенте, већ и сам Универзитет, као целииу.
Ради се о томе да се одбрани слоб* да и партиско-политичка незавцсност
овс наше највише просветне народне установе; ради се о томе да се спасе
слобода науке, приступ евима зато вфалификованима па ову школу, да се
одбраие култура и студентска правн. Зато је: »Одбрана Уииверзитета«
први задатак тренутка, задатак комг има да се подреди све остало.
Протестни штраЈк је доказао огромну снагу. јединство и свест студентски*
маса; њему насупрот, презреи>з достоЈан подвиг оне бB-рице,
показао је Још Једном иаолованост и противстудентски лик Једне групице
разбн јача.
Пред чињеиицама падаЈу лажи и интриге. Није истина да студенти
воде оваЈ штраЈк за рвчун некс политичке партије: Јер, да лн се за »политичку«
у том смислу може уштн борба за очување аутономије слободе
иауке и културе. загарантовани* законима ове зем.ве. Шта је »политнка«
утом смислу: Је ли то кршење закона или одбрана закона ?! А студенти се
данас боре за поштовање законитости, данас постојеће позитивне законито**ти.
Није истина да студеити хоће да се омете рад на универзитету: баш
садв. прсд краЈ године. нама је. стало до рада и испита. Да задње две године
смо то доказали: данас знају сви да студентске масе. оне коЈе су штрајксвале.
хоћеради мир насвојој школи. Упад чланова »Слов. Југа« наПравни.
као и догађаЈи иа Техн.факултету показали су с друге стране ко уноси
немир и неред, ко руши и разара општу имовину, ко хоће опет крв на
уннверзнтету. И баш зато што студенти хоће рад п ред, опи морају против
таквих стварн устати: Јер, ми нећемо рад и ред по сваку цену. рад и
ред касарне, већ слободни рад на едободном универзитету. опако како
то интереси науке а и законп ове аемље одређују!
То је смисао наше Ворбе у коЈу идемо одлучно, борбе у којоЈ Је место
евнм студентима. без обаира на политичку прнпадност.
Студеити и етуденткиње!
Вудите будни и спремпи! Вудите дисциплиновани и органнзовани,
јединствени око ваших одбрамбених одбора! Не наседаЈте провокаинјама
Одржите контакт са вашпм ирофесоримам вашим првим сарадиицима и
приЈатсл.«lма!
Јавност! Разуми правилпо нашу борбу! Нека се чуЈе твој глас, глас
твоЈих организациЈа н претставника. у одбрану ТВОЈЕ школе, твоЈе деце'
Ла одбрану Упиверзитета;
д а р ад н мир, за слободну науку на слободном универзитету;
;)а поштовање закоиа и наших права;
,(а одбрану културе и науке, за одбрану студентскнх права и тековкиа!
Живела аутоиомија!
СТУДЕНТСКИ ОДВОР ЗА ОДВРАНУ УНИВЕРЗНТЕТА

Ред
Рад
Мир

Кад смо завршили разговор.
г. Ректор се распитивао о студентима.
о студентским организацијама,
говорио о питањима
која треба решавати. При одласку
цоздравл-ајуки се. оп кам
је рекао: »Поздравите колеге*.
И ми то чинимо овде. знајући
да ће тако највећи број студената
сазнати за поздрав који
им је упутио њихов Ректор,
Ректор кога они цене и поштују,
Ректор кога студенти волс ...

се само пожелети може, а који
на.м је донео много више реда
и рада на Универзитету, и који,
у крајњој линији, и може да донесе
само позитивине резултате.

Др. Дрогољуб
Повловић

»Немз ниједног про<|)есора који
пе би био задовољан овим
стањем. Ја се не сећам да је
било икада овако на Универзитету
да је за двс године
владао ред. рал и мир.
Ми смо сви задовољни овакпом
ситуацијом«...

Др. Ђорђе Тасиђ

После рата наступпле су многе
и важне промене код студентства,
почевши од броја студената;
тако су се сви позванм чиниоци
друштва и државе нашли
пред новим проблемима, сложенијим
него што су били они од
пре рата. Свест о овоме дошла
је до изражаја на Међународно.м
конгресу за вишу наставу. одржаном
прошле године, јула месеца,
у Паризу, алп нарочито
у енглеско.м реферату, који је
написао Унивсрзитетски биро
(састављен највећим делом од
професора универзитета) и американском.
Ту је дошло до изражаја
и гледиште да универзитети
и професори не могу остати
равнодушни према моралном
и социалиом стању студената и
ограничити се само на предавања,
не долазећи ни у какву
ближу везу са студептима. Сами
педагошки разлози траже нешто
више од тога. Из овога гледишта
које како изгледа осваја
све више универзитетске професоре
у свим земљама излази један
деликатан задатак за професоре:
задатак општења и сарадње
њихове са студентима у новим
видовима, који ће допринети
ономе што је морално у једној
школи најдрагоцеиије и што
пружа најсигурнији ослонац за
дисииплину и рад у школи
узајамном разумевању (не споразумевању).
За овај задатак
потребно је да професори буду
запојени новим духом, оним који
јасно избија из реферата ен-

глеског и амернканског, који
траже и нове методе рада на
универзитетима и што бол>ег
прилагођавања универзитетских
ирограма и наставе потребама
савременог живота.

Тто се шче самих студената
имао оих да кажем пуно ствари.
То остављам за другу прнлику.
Овом приликом рећи ћу да ми
се чини да студенти почињу да
схватају значај конструктивног
и систематског рада, толико потребног
у нашем друштву уопште.
О томе сведоче дебатни клубови
који су врло згодни да
развију код студената међусобну
то.терантност и објективност
у расправљању културних, друштвених
и политичкнх питања.
Треба их тако организовати и
водити. И још више о томе ми
светочи њихово живо иитерссовање
за социолошке колективне
анкете. Ове ће не само имати
утицаја на њихово ментално формирање
него ће и припомоћи за
практиковање нових метода рада
и борбе у нашем културном,
друштвеном и пблитичком
живота а позитивиих резултат
по целокупно друштво и државу
у различнтим видовима. Ове методе,
научне и објективне, чуваће
нас од утопија и претеривања,
а истовремено ће наш идеализам
продубити и начинити га
отпорнијим и трајнијим, чувајући
нас да лако и брзо. доцније,
у јавном животу, не изневеримо
своју младост, оно што се, на
жалост, дешава код нас не ретк o .

Са Ђурђевског
уранка

Одбранимо наша права
на бољу и ведрију будућност

Проректор г. Мицић са деканима г. г. Бајаловићем
и Недељковићем долазе.

Огромна маса студената са својим профе*
сорима пажљиво прати програм

Повратак у град

2

пк уопи Ђеоина боој 18 -Београд. - Штанпарија >Планета«. Сретена Ил. Обрадовића, Добрачина 55, Београд
Власнвк и уредник Богдан Пешић, Хаџи Ђерика оро) , у

„СТУДЕНТ"

Број 14
  </body>
 </text>
</TEI>