<TEI version="3.3.0" xmlns="http://www.tei-c.org/ns/1.0">
 <teiHeader>
  <fileDesc>
   <titleStmt>
    <title>The shortest TEI Document Imaginable</title>
   </titleStmt>
   <publicationStmt>
    <p>First published as part of TEI P2, this is the P5
         version using a namespace.</p>
   </publicationStmt>
   <sourceDesc>
    <p>No source: this is an original work.</p>
   </sourceDesc>
  </fileDesc>
 </teiHeader>
 <text>
  <body>
   <p>This is about the shortest TEI document imaginable.</p>
  </body>
 </text>
  <text>
  <body>
Наш Студент

Поштарина плаћена у готову

Год I - Врој 1 Излази двапут месвчно

Веоград 24 октобра 1939 сод

Јединство младих у борби против
рата, у служби народу
за бол>у будућност омладине!

Орган стручних, економских,
културних и спортских удружења на београдском Универзитету

РедакциЈа и админнстрација
Цара Лазара број 11
Број чеков. рачуна 57.730

Цена
1 дин.

РАТ ЈЕ КРВАВА СТВАРНОСТ

Али то није онај рат у који смо сви ми хтели поћи у септембру прошле године

Прошло је тек четврт века
од Великох рата који Је поко•
сио милионе живота младих
луди, мсена и невине деце, уништивши
несумњиве вредности
друштвених добара, начинивши
страшну пустош која
се још осека. ЈЈош су свемсе
хумке палих на бојиштима, а
заостале гранате се распрскавају
с времена на време у ру
кама невине деце, као страшна
опомена младима на велики покоај,
а Друхи велики рат, који
се век три године води широм
землине кухле, захватио јесрце
Европе. Три велике светске
силе ратују. Милиони младих,
упркор сиоје борбе, изведени су
на светску кланицу. 31оново су
испражњене радионице и учионице,
поново су напуштена
по*>а, поново су занемелиддто т
мови, млади су поново гурнути
да постану топовска храна за
туђе интересе.
Млади читавог света нису I
хтели овај рат! 31/Слада гене- I
риција се оорили ирошио оои-'
квога рата, јер се њиме хоке
иништити борба младих за часним
и трајним миром слобод *
нах народа
Овај се рат не води за одбрану
мира и националне независности.
ЗСије то онај рат
у који су похрлили млади пре
три године, у који смо сви ми
хтели поки у септембру прошле
године.
Данашњи се рат води за нову
поделу света. Воде га они
исти који жртвовоше и поробише
ЕЛбисинију, Шпанију, Аустрију,
Албанију и Чехословачку.
Ово ни]е рат против (рашизма,
јер они који га воде
постадоше првоборци фашизма
у својим сопственим земљама.
ЗКије ово рат за частан мир,
јер га воде они који су нарушили
мир газеки своје обавезе
и који су спремали рат, пактирајуки
са нападачима, на рачун
малих народа. ЕКије ово
рат за нашу слободу, за слободу
малих народа, ово је
противнародни, освај&чки рат.
Овај рат прети нама и на •
шим народима, нашој школи и
нашој будукности. Он прети
да уништи сву борбу наших
народа за слободу и демократију,
да у ништи борбу наше
омладине за срекни и весели
живот младих, да уништи све
тековине студентског покрета,
да уништи нас омладину
узданицу својих народа.
У таквој ситуацији, наш
сшудентски покрет стављен
је пред велике и тешке задатке,
остајуки више него икад
веран своме народу, својој досадашњој
борби:
ЗГомоки борбу наших народа
за неуплитање у империјалисшички
рат, бореки се одлучно
против свих који хоке да нас
увуку на страиц ма којег од
два заракена табора. Борбу у
том правцу омогукује чињени-

ца да се један велики број народа
налази ван рата и да је
малим народима омогукено да
остану ван ратног сукоба.
Борити се против свих тенденција
које иду за стварањем
ратне психозе, да би се на тај
начин онемогукила борба наших
народа за слободу и националну
равноправност, којој
су створене нове могукности
споразумом < Цветковик-Мачек.
ЕКастојати да што пре доке
до остварења фронта мира
са свим народима који се данас
искрено залажу за мир,
у првом реду са балканским
народима и Совјетском 3?усиЈOЈ
%>
тгадиши на очвршкивању и
проширивању јединства младих
кроз заједничку борбу против
империјалистичког рата, за
права младе генерације.
ЗКаставити и појачати студентску
борбу за права студената
и несметан развој младг.нлнтелгленције.
лрОо»риит'и и' №
радњу са г. г. професорима за
слободу научног рада, за пуну
аутономију универзитета, за
више знања и културе, за службу
народу.
Ми смо век показали прве
успехе. КСоследњи проглас Уједињене
студентске омладине
показао је сву чврстину студентског
јединства. Јединство

стуедната је још једном триумфовало.
ОсујеКене су све намере
разбијача да се сруши
студентско јединство, да се
пошкопа и ослабл студентски
покрет. ( Читав студентски покрет
стоји данас чврсто збијен
уз своју УСО., снажан и
мокан више него икад, спреман
да пође у сусрет новој борби
и успесима. УСО остала је
чврсто уз свој нород, остајуки
веран тумач народних жеља
и потреба, остајики верна студентској
борби за миран. и несметан
развој студентске омладине.
ЗКет напредних демократских
политичких група
дижу сложно свој глос за по
мок своме народу против империјалистичког
рата, у борби
наших норода за националну
равноправност идемократију.
Овакав став студената не проистиче
из кукап*члука већ из
животних наших народа
и његове омладице: Ми хоћемо
да у миру учимо и стварамо, да
' сш*lсмо А?, с о.
| наображавамо, дг, постанемо до*
бри стручњаци и културни људи,
да зидамо бољу будућност за
нас и нашс народе. То је интерес
нас студенага, то је интерес
наших народа.
Ми остајемо ворни нашој антифашистичкој
борби, увек спремни
да пођемо са народом у
сваку борбу за интересе народа

и омладине. Ми смо то већ толико
пута доказали. Али исто
тако нећемо дозволити да се
наша спремност за борбу против
фашизма искористи од оних
који би хтели да нас увуку у
рат, који они тобоже воде против
фашизма. Нећемо, јер знамо
какав је ово рат, јер и сувише
добро познајемо оне који
га воде. Они су већ сада читавом
свету показали какви су
присталице демократије. Јошје
данпут ће се разочарати „пријатељи
омладине" који би хтели
да ми за туђе интересе убијамо
оне, са којима смо повезани и-

стом судбином, истим идеалима
истом вољом и истим интересима.
Наш интерес није да убијамо
једни друге.
Ми остајемо доследни својој
борби за частан мир и пружамо
братску руку свој омладини, свесни
своје одговорности пред историјом
и народом :
Против империјалистичког
рата!
За мир слободних и независних
народД!
8а срећнију и лепшу будућност
младе генерације !
За напредгк човечанства!

Ргџпг Уа* >гн,

ПОСЛЕ ИЗБОРА НОВОГ РЕКТОРА

Тежак удар задесио је прошлог
лета наш универзитет; изгубили
смо нашег незаборавног
ректора Др. Драгослава Јовановића.
Стотинама младих студената.
који ке тек доти
на униворзитет, да чују реч
слободе и истине, није се пружила
прилика да виде и упознају
ближе човека о коме су
тако много слушали и коГа су
још у гимназијској клупи заволели.
Волела је студентска
омладина свога Ректора, јер се
до крајњих граница своје моћи
залагао за бољи живот студената,
за слободу и аутономију
универзнтета, за напредак науке
и добро народа; волела га
је омладина јер он је њу волео.
Заслуге нашег пок. Ректора
велике су. Ми смо му захвални
и никада га нећемо заборавити.
Данас ми имамо новог ректора.
Пред њим се постављају
нови тешки задаци; чекају нерешена
још многа студентска
питања. Ми очекујемо од новог
ректора, да ће са пуним
разумевањем прићи решењу
тих питања и да ће наставити,
сарађујући са студентима, онде
где је наш пок. Ректор стао.
Утолико пре што смо данашњег
г. ректора у току трогодишње
сарадње уверили својим
радом да смо здрава народна
интелигенција и да су
наши захтеви оправдани. Сарадња
г. г. професора и студената,
која је за последње
три године дала толико значајних
резултата мора се још
више учврстити и продубити.
Данас се пред све поштене
синове народа поставља као
нужан задатак; заложити све
снаге за стварање услова за
слободан развитак народног
живота, Ми хоћемо мир, ред
и рад на нашем универзитету
а то значи, да хоћемо настављпње
рада какав је био
за последње три године, које
су протекле у знаку великих
успехп. Треба се сетити стања
пре 1936 год. па схватити каква
се љута борба морала водити
за одбрану аутономије наше
школе!

Доба када је реакција насртала
на наш универзитет да од
њега створи режимску филијалу,
доба прогона и концетрационих
логора, ми нисмо и неуниверзитета
»иногима је гметала
и њу је трабало погазити,
али млада народна снага, студентска
омладина дигла је кеустрашиво
свој глас! Дивља вишеградска
тврђава, студентска
крв и штрајкови, очеличили су
снагу младих који су часно
бранили и одбранили универзитет,
жариште слободне ми*
сли и науке. У тим тешким данима
најцрње реакције ми смо
се борили и дали драгоцене
животе наших другова, јер смо
слободу ценили изнад сцега.
Херојска борба студената
наишла је на разумевање и
симпатије широке јавности, наша
снага постајала је све јача
и наша поносна тврђава слободе
- наш Универзитет - издржао
]е и одбио све налете реакције.
Ми се ионосимо својом
борбом за слободу мисли и науке,
за добро и слободу свога
народа, али ми ни за тренутак
не заборављамо на жртве које
смо поднели,. да бисмо створили
оно што данас имамо.
Несаломљива снага студентског
покрета и одлучност да
бранимо част наше школе,
симпатије и подршка наше и
стране јавности, разумевање наших
захтева од великог дела
г. г. професара, условили су
долазак нових, бољих дана за
студенте. Дошао је плодни трогодишњи
период од маја 1936
године. Сређене су унутрашње
прилике на универзитету, успостављена
сарадња г. г. професора
и студената, обновљен
рад у стручним и културним
удружењима, створене су економске
организације, које су
омогућиле студирање многим
сиромашним студентима. И последњи
остаци народних изрода
ликвидирани су сз универзитета;
студентски покрет постао
је чврст, непобедив, Али
набројени успесч нису билидовољни;
права народна интели-генцији морала је повећати активност
и ван универзитета и
што тешње се повезати са својим
народом. Наша борба била
је део опште народне борбе
за бољи живот, за слободу и
права човека и као таква израз
схватања да народна интелигенција
мора бити са на'
родом.
Постизали смо све нове и
нове успехе. Данас мир влада
на нашој школи, мир који је
нужно потребан и нашој земљи,
јер само у миру, развијајући
своје снаге, моћи ћемо
дспринети делу стварања лепше
будућности својој земљи и
народу. Живот на универзитету
постао је сношљив*. атмосфера
реда и рада завладала је
иа нашој школи. За ово имамо
захвалити нашој снази и јединству
а у великом и нашем
пок. Ректору Јовановићу и добром
делу г. г. професора ко*
ји су нам пружили подршку у
тешким данима напада и прогона.
И данас, кад имамо на челу
универзитета новот ректора,
ми очекујемо и чврсто верујемо
да ћемо наставити онде, где
смо стали са пок. Ректором
Јовановићем: сарађујући са г.
ректором и г. г. професорима
решити многа студ. питања,
борити се за слободу науке, за
добро и »лпредак маше школе,
омладине и народа.
Кроз рад и борбу, снажнији
него икади ићи ћемо напред
новим успесима и они неће
изостати.

ИЗГРАЂЕНА ЈЕ ОПШТА
АКАДЕМСКА ТРПЕЗА

64.000 обеда I

Велики део нашег студентства
живео је под врло тешким
околностима. Цепање дрва» ношење
млека, прање суђа, није
нимало завидан посао ни за оне
који не морај'у поврх тога да
уче и студирају. Врло често
наши студенти су у том послу
били изложени понижењу и
вређању. Морало се стати томе
на пут, морало се олакшати
студирање, омогућити лакши и
бољи живот студентима. Студенти
су први себи притекли
у помоћ, организујући се и
стварајући своје организације.
Гако данас у Београду постоји
ј‘еданаест студентских економских
организација којима студенти
сами управљају, у њима
раде, од њих се помажу и користе.
Што ]е нзјважније, посао
који они раде у својим организацијама
нималоихне вређа,
није сувише тежак, раде и одмарају
се у њима у пријатељској
и другарској атмосфери.
Студентске су економске установе
олакшале једном великом
делу сиромашних студената студирање,
другима опет осигурале
здраву, јевтину и хигијенску
храну. Само за осам месеци
рада прошле школске године
студентске мензе и Дом удоужења
студенткиња разделилн
су студентниа 64 000 бесплатннх
обеда нлн 416.000 дввара.
Хнљаду осаи стотнна и седамдесет
два студенатН је помогпуто!
Али, ниједна студентска
менза нема својих просторија,
а оне што их закупљују сувише
су скупе, гесне и неподсбне.
За саму кирију издаје се око
270.000 динара годишње, а то
значи месечно храна, за хиљаду
студената. Најзад, изграђена је
Општа академска трпеза. Хигијенски
и модерно уређена,
довољно прострагна, трпеза ће
углавном задовољити потребе
просторија. Али, питање прав-

ног положаја трпезе још нијс
решено. Ми очекујемо да ће
њен правни положај, бити и
остатњ онакав како ће најбоље
користити студентима којима
је намењена. Мв хоћеио да
општа студентска трпеза буде
нзраз сарадње професора в
студената. Пуна управа сту
доната уз сарад&у професора
н пуиа контрола професора в
студената над радои трвезе,
то је наша реч о њемом положају.
Мислимо да је сваком јасно
да су студенти показали да
умеју да воде рачуна о својим
установама, да знају савршено
тачно и исправно да послују,
да најбоље знају и познају студентске
потребе и да ће најбоље
знати да чувају своје интересе.
Пословне књиге и контрола
на коју Универзитет има
право јасно то илуструју. Студенти
имају пуно поверење у
своје економске установе, које
су располажући милионским
сумама студентског новца, стекле
поверење свих студената.
Јер у нашим удружењима нема
фалсификата, у нашем Дому
студенткиња и нашим мензама
нема крађа и проневера нити
студентске мензе личе на неке
назови студентске кујне које и
нису биле друго до експозитуре
разних ненародних режима
преко којих су студентима забадали
каме у леђа и изазивали
неред и нерад на нашем Универзитету.
То се у нашим мензама
не би могло десити и није
се никад десило јер у нашим
организацијама п лада другарство,
љубав и рад, јер наше
мензе раде и радиле су по принципима
општег интереса и жељама
свег пошгеног и радног
студентства. Зато ми хоћемо
да нашим властитим новцем
управљаЈу сами студетни. Наша
општа академска трпеза мора
да буде још један доказ о
аутоноиноств нашег Универзнтета.
Борба, мучна и крвава, показала
је несумњиве резултате,
али и више од тога, та борба
је дала велико искуство сту
дентима. Она је за све студенте
који хоће поправку свога положаја
велики и живи пример
како се треба борити и шта
се све заједничком борбом може
постоћи. Студентски покрет је
данас више него икад јединствен
и моћан, толико моћан и
способањ да се одупре свему
ономе што је против интереса
студената. Моћан и спреман да
се још већом жестином заложи
за оправданестудентске захтеве.
Студенти су и те како осетили
сву тежину диктаторских режима
у нашој земљи; они су
својом борбом доста допринели
борби противу тих режима и
зато студенти с правом очекују
да се исправе све неправде по
чишене од тих режима.
Студенти хоће да се уклоне
све препреке које стоје на путу
слободног развоја студентског
покрета, а пре свега да се управљање
студентском имовином
повери студентима.
Стога студенти очекују да
се Општа академска трпеза повери
Универзитету и студентима
да би се омогућило правилно
руковање студентском имовином.
Једино таква Општа академска
трпеза којом ће управљати
студенти под надзором
својих професор?, може да буде
корисна за студенте и да служи
на част Универзитета и студената.
„Мисија наше омладине"

Мушице и илузује
„Словенског Југа“

То што се студентска омладина
већ поодавно и са доста
стара сама о себи то,
наравно, не мора сваком бити
угодно. „Словенски Југ“, на*
пример са своје стране и на
свој начин, уби се од бриге
за наш академски ред и поредак.
Па ни та његова брига
није баш нешто ново и непознато
трудио се он, и те ка
ко, „во времја оно“, да се како
било пришуља на универзитет
и да ту удеси ствари по своме
(читај по „вођином“) нахођењу.
У време студентских штрајкова
за одбрану аутономије
универзитета „С. Југ“ је покушао
у „отвореној борби",
додуше без икаква успеха
да сломи штрајкове а с њима
и аутономију, Већ при изборима
за Потпорни фонд променио
је „тактику" и покушао
да се ушуња помоћу фалсцфикованих
листа ! Наравно,
и овај покушај му је испао
баксузно и завршио се не баш
часним неуспехом. Но ипак не
треба мислити да је „С. Југ*
од почетка до краја оперисао
самим неуспесима. Једном је
чак успео да провали у затворену
зграду Правног факултета...
Што су при томе страдали
потпуно невини објекти биолошког
института то није
ништа, јер при тнко триумфалним
походима неко ваљда мора
страдати. Нчпад на Технички
факулгет I«ало жалосније се
расплинуо, а као једине успомене
на мензу коју је водио
„С Југ“ стоје још само тужбе
обманутих трЈОВаца.
Наравно да се „С, Југ“ не
сећа баш радо те своје исто
рије. У својој прирођеној скромности
он даиас радије прави
предике и програмске чланке
са звучним насловима .као например
„Мисија наше омладине“.
Уосталом, ни то није

штета, јер како би друкчије
дознали у чему је та њихова
„мисија“. „Сваки омладинац
треба да је свестан тога, да
њихово место није тамо где се
налазе декструктивни елементи,
већ је њихово место у странкама
које имају свој програм,
свој одређени циљ у странкама
које су за постојећи друштвени
ред и покедак“, тако пише
„С. Југ“. Ова сјајна терминологија
(„елементи", „циљ и
програм", „странке") каквомсе
служе још само јунаци Нушићевих
комедија српски капетани
обреновићевских времена,
иако упада у очи она
нас на прво место не занима.
Занимљивије је то како „идеолози“
„С. Југа“ замишљају универзитет.
По њима то је
политичко разбојиште где се
боре странке и програми и где
неки зли духови никако не пристају
да се униформишу и да
у хору вичу „вођа-вођа“. „С
Југ“ ће се ипак као и до сад
постарати да их укроти: „Универзитет
и сва студентска удружења
треба да буду у рукама
наших омладинаца.“ Како?
Помоћу млађих колега
чије главе нису напуњене напуњене
„познатим паролама и
демагошким фразама". Тако
ли се то резонује? На кривим
претпоставкама, наравно криви
закључци.
Свакоме су познате чињенице:
с једне стране успеси
студентског покрета, с друге
подухвати „С. Југа“, а богме
и њихова позадина. Па
докле ће „С. Југ“ продужавати
да засмејава својс ретке читаоце
оваквим и сличним мушицама?
„Наши академичари треба да
покажу нашим осталим организацијама
како се за странку
ради“. Онда је и у осталим
организацијама права дивота
без икаквих „деструктивних"
и „елемената!"

Стање у коме се налазе студенти
агрономије и шумарства после ступања
на снагу нове уредбе пољопривредно
- шумарских факултета
у Земуну и Загребу

На почетку расматрања ове
нове уредбе морамо имати у
виду више момената од којих
ћемо поменути само најважније,
који ће најбоље објаснити побуде
оних који су ову уредбу
стварали, као и начин на који
је она донешена.
Нова уредба је ступила на
снагу 30 маја 1939 год. и под
њене одредбе потпадају већ
студенти који су се ове године
уписали на псљопривредно-шумарски
факултет.
Морамо нагласити да је за
нас врло интересантан датум
ступања ове уредбе на снагу
јер она долази баш пред почетак
припрема за испите када
су студенти сувише ангажовани
у раду. Истина. ми смо ипак
нашли времена да одговоримо
и изнесемо свој став али смо
се узгредно упитали да ли постоји
озбиљна аргументација
за „пуку случајност" доношења
ове уредбе баш у ово време?!
Ми не би смо хтели на ово питање
да дамо такав одговор
који би нас нагнао да скре*
немо са линије студентске по-

литике коју смо спроводили у
току овог периода сарадње са
г.г. професорима чак и када се
пред нама испречава још једна
врло непријатна чињеница: ми
смо добили коначно корегиран
примерак нсве уредбе на расматрање
онда, када је он већ
био пред универзитетским сенатом
а када је наше учествовање
у изради те уредбе било
више него илузорно. Уз овакву
чињеницу, ми желимо да нагласимо
да ово ниЈе пут који
смо ми заједно са г.г. професорима
изабрали, изграђујући
нов живот на нашем универзитету.
Последице су свега овога,
да данас нова уредба доводи
студенте пољопривреде и шумарства
у ситуацију нужне одбране
од нечега што није у
њиховом интересу и што они
ни по коју цену не могу примити.
Ово вероватно није ни у
интересу г. г. професора чија
се настојања поклапају са нашим
настојањима да продужимо
и продубимо сарадњу приликом
решавања свих питања хоја се

појављују пред нама. Али ми
сматрамо, да резултати нашег
узајамног настојања неће бити
задовољавајући ако се не при*
ступи послу свесрдно са искреношћу
нашег неумрлог Ректора
Драгослава Јовановића.
Да је се све ово имало у виду
у току изградње те нове уредбе,
ми смо чврсто убеђени, да се
данас ми не бисмо налазили у
овој ситуацији.
У чему нова уредба не одговара
нама ?
До сада је на нашем факултету
било 36 предмвта. По новој
уредби има их 45. Истина
од овог броја су неки (6) факултативни
али ми сматрамо да
ово увођење нових и распарчавање
старих предмета није
учињено у циљу уздизања нивоа
стручности, него зато да
се спречи долазак већег броја
студената на овај факултет, а
у колико они ипак дођу да се
на овај начин вежу за вежбаонице
и слушаонице. Не треба
нас погрешно разумети. Ми смо
на делу показали да желимо
да радимо (дебатни клуб, секције
за приредбе, предавања
итд.) али ми истотако желимо
да задовољимо како основне
потребе тако и културне потребе
једнога новека. Овакав
режим то никако не дозвољава
и ми га не можемо примити а
још мање подносити. Ми би
смо се можда и могли сложити
са оволиким бројем предмета
када би постојали слободни
испитни рокови и када би била
решена друга питања која условљавају
наше студирање. Оснивање
разних отсека (ратарски,
сточарски, код агронома; експлоатација,
подизање шума
код шумара) било би добро
решење по нашем мишљењу.
Нова уредба предвиђа даља
ограничења односно уписивања
петог и седмог семестра. Могли
бисмо то примити у сдучају
да постоје слободни испитни
рокови који би били олакшица
јер би студенти могли да на
време положе предвиђени број
прелмета.
Групна зависност предмета,
како то предвиђа нова уредба,
само непотребно отежава студије.
Ми би смо се пре сложили
са старом природном зависношћу
предмета јер заиста
је несхватљиво да се не може
полагати микобиологија ако се
претходно не положи геодезија
која савршено нема никакве
везе са њом.
Даље, уредба повезује завршно
стручни испит са дипломслим
радом и тиме ствара немогућност
полагања завршностручног
испита ако дипломски
рад није примљен, што се не
може схватити као стварна потреба
већ као намерно компли-1
ковање и отежавања студија.
1 Наведене чињенице указују
: на велике недостатке нове у-1
редбе и ми не износимо њене
1 ситније грешке које би само
1 јаче нагласиле њену неоснова•
ност, једино из тога разлога
! што нам простор листа то не
• дозвољава.
По нашем мишљењу нова је
} уредба пишегиа сЈаигиз, истина
г у увијеној форми, и ми веру•
јемо да она није дошла да реши
* проблем стварањем солиднијег
' кадра стручњака агронома и
* шумара а још мање је водила
' рачуна о привредним и друштвеним
приликама и потребама
> наше државе а што је нарочито
* наглашеноу првомњеномчлану.
После свега овога, студентима
агрономије и шумарства
намеће се једно велико питање,
питање да ли ова октроисана
уредба има свој гајаоп Јеlге?
Ми одмах одговарамо не!
Ми овакву, и на овакав начин,
донету уредбу не можемо и
. не смеио пвнмвтв!

Гајик Рашко

Страна 2

»Н А Ш СТУДЕНТ-

Број 1Реч унапред

Овим бројем наш дист
почиње излазити под новим
именом. Разлози који
су руководили Редакцију
за тим били су, нажалост
исувише убедљиви. И овог
пута учињени су напори
да моћни Студентски покрет
не остане с обзиром
на околности ванредакциске
природе без
свог јединог гласила.
Заиста, поразна је већ
сама та чињеница да је наш
лист у три године излажења
био принуђен да три
пута промени своје име.
Методе којима се служио
прошли режим према студентском
гласилу, према
студентској штампи уопште,
биле су управо немогуће.
У чистостручним ставовима,
у најобичнијим интерстудентским
питањима
тражило се, наиме, нечега
чега уопште није било; уносило
се искључиво политичко
обележје тамо где
га никако није ни могло
бити, придавао нам сс некакав
„антидржавни“ карактер,
подметало нам се
у свим нијансама и бојама.
Забране су долазиле једна
за другом, често пута кад
лист још није био ни изашао,
док се налазио у
штампи, што показује
већунапред одређени,прин
ципијелно негаторски став
прошлог режимапрсма сту
дентском гласилу. И то све
с једном те истом мотивацијом:
„да се проносе
лажна тврђења.. и да се
државне власти сметају
у вршењу свога задатка* 4 (1)
Упркос свега тога, наш
лист се с муком ипак пробијао.
Наш лист је излазио
иако нередовно, с
велим закашњењима и с
великим финансиским тешкоћама.
Кроз њега се чула
студентска реч, одржавао
став Студентског покрета
по овим или они питањима.
Наш лист је био заиста
студентски, дакле и
омладински. Ми смо гово*
рили у њему о себи и о
питањима, која се нас, студената,
тичу и зато смо
ми онда били и „сумњивпи“,
и „деструктивни", и
„антидржавни"; наша реч
је бил& „опасна*. Забрањивали
су нас. Због свега
тога. А је ли то био
стварни разлог?
...Сада пак наДамо се да
ће се престати с тим и
таквим методама према нашем
листу, да ћемо бар
сада моћи нормализовати
наше излажење. Ако нам
то није било могуке јуче,
нека то онда буде данас,
поготову кад се већ говори
о демократизацији земље
која пак не сме остати
само као мртва и гола
апстракџија. Ми још
једном наглашавамо: наш
лист је само орган струч
них, културних, скономских

и спортских удружења, манометар
студентског живота
на Универзитету, гласило
Студентског покрета.
Придавати му било какав
други карактер значи
једино злобну, срачунату,
противстудентску тенденцију;
гест нимало објективан
и нимало оправдан...
Редакција
*
Последњи пут упозоравамо
све оие студенге који
још нису подмирили дуг
нашем листу, да у најкраћем
времену то учине. Иначе,
у идућем броју објавићемо
сва имена оних студената
који несавесно и непоштено
штете нашу имовину.
Такође опомињемо и
све студеите из уиутрашњости
да испитају досадашњи
рад у обрачунавању над
продавцима листа.
♦
Редакција „Младе Културе
и још једанпут умољава
све студенте и све
поверенике који су узели
да распродајц наш часопис
да што пре обрачунајураспродате
бројеве , ка
ко би се за крај овог месеца
мохло приступити издавању
наредног броја. Бро]
чек рачуна: „Студент “
57730.

Прилог за дискусију

ЈЕДДН КРУПДН ПРОБПЕМ

Полагали смо испите... И овога
пута, као и раније, резултат
је скоро поражавајући. На
основу досада објављених резултата,
на испитима је пало
више од 70°/о пријавл.ених. Колико
смо се замарали, колико
времена утрошили, колико новаца
дали за таксе само да би
положили па ипак без успеха.
Зашто?
То је заиста један крупан
проблем којим се морамо озбиљно
позабавити,
Од формирања студентског
покрета до данас, студенти су
водили непрекидну борбу за
олакшање студија, све у циљу
бржег завршавања. Познато је
да један велики број студената
није могао полагати испите због
рђавог материјалног стања,али
је исто тако и чињеница да је
економски положај студената
знатно поправљен и да је данас
сиромашним студснтима
прилично олакшано студирање.
Побољшање економског положаја
студената довело је
истнна, до повећаног броја
пријава али је исто тако повећав
и број палнх на испнтниа.
То нас нагони да овај
проблем посматрамо и са друге
стране. Постоје ли мзжда
други узроци, било у нама 6ило
ван нас? Стога је потребно
испитати све узроке ради успешног
решавања овог проблема.
Циљ нашег чланка и јесте
да укаже свима заинтересованима
на ову појаву, да скрене
пажњу на извесне чињенице које
могу да дођу у обзир при
решавању овога проблема.
Пођимо од тога да студенти
дологе нс слремми »т испиге.
То је истина, јер се друкче не
би могао објаснити толики проценат
палих. Ади аашто долаае
неспремнн в да ли долазе
толико неспремни ?
Да би се могло успешно сту-

дирати, потребна је пре свсга
воља. Али не само воља, потребно
је нешто више од тога
одушевљење. Код наших
студената о некои нарочитом
одушевљењу не може се говорнти.
Изгледа, да секоднас
студије, већином, сматрају нужним
злом, да 6и се што пре
дошло до дипломе. Где леже
узроци Једном таквом схватању
и да ли је исправно једно
такво схватање и у приликама
под којима ми живимо?
Друго, да би се могло успешно
студирати, поред осталог
је потребно да студенти имају
одакле и где учити. На универзитету
не постоји довољан
број учионица и вежбаоница,
извесни факултети
немају својих зграда, број
стручног особља је и сувише
мали а за извесни број
предмета не постоји литературе
на нашем језику.
Поред тога могло би се много
говорити и о томе да ли је
и наш школски програм такав
да може успешно одговарати
својој намени ? Студије су
много отежане застарелим
и незгодним уредбама. Оне
које су сада доношене не одговарају
у потпуности, јер се
често приликом љиховог доношења
није водило рачуна о мишљењу
студената.
Најзад да би се могло успе
шно студирати потребно је посећивање
предавања, да би се
на њима живом речју осветили
они проблеми који се из књиге
тешко могу схватити. Ми
ћемо направити смелу тврдњу:
да стуленти на свима предавањима
то мс могу дооити. Напоменућемо
само го да постоји
један велики број предавања
која не обухватају ни
једну трећину испитног програма
а нема уџбеника.
Још једно питање које је много
деликатније и зато нас специјално
интересује.
Претпоставља се да студенти
иду на полагања с надом да ће
положити, а да се положи потребно
је учити. Значи да они
који долазе на испите не иду
сасвим неспремни. Можда студечти
недовољно уче, можда
је строг критеријум за извесне
предмете који не утичу много
на стручну спрему кандидата,
можда извесни професори обарају
без довољно разлога,али
је испит такав да се нањему
не може утврдити стварно
внање кандидата. Предвиђене
су и испитне комисије
да би се што боље оценило
знање кандидата. У већини
случајева те комисије не постоје,
или их бар ми студенти
не видимо, а постоје случајеви
где је студентима забрањен
приступ на испите.
Зашто?
На крају, да ли теорије о
„хиперпродукцији интелектуалаца“,
о „поплавама студената
из извесних покрајина“
немају утицаја на резултат
испита? Можда.Ми
кажемо можда, јер хоћемо
да испитамо, јер нам лежи на
срцу будућност народа и омладине,
јер хоћемо напредакдруштва
и наше земље, којој су
и те како потребни интелектуачци,
више, много више него
што их ми данас имамо. Нама
је циљ, да се на нашем Универзитету,
бев икакве сметње
изграђује народна интелигенција,
специЈ*алисти и
културни људи способни да
користе своме народу. Ми
смо то својим радом и доказали,
настојећи свим силама да

што више подигнемо стручни
и културни ниво стулената. Ми
ћемо то и даље, са још већим
еланом наставити, уклањајући
све сметње, ма од куда оне долазиле.
Зато излазимо са овим
чланком који треба да буде почетак
једне много веће активности
у том правцу.

в. н

Откривање споменика
Светозару
Милетићу у Новом
Саду

У недељу 1 октобра т. г. извршено
је свечано откривање споменика
Светозару Милетнћу, великом сину
Војводине, револуционару и непоколебљивом
борцу за националну равноправност
и слободу, за политичке
и грађанске слободе, неустрашивом
борцу против реакције ма
с које стране она долазила. Откривен
јеспоменик најхрабријем омладинском
борцу и организатору Уједињене
омладине српске из друге
половине прошлога века.
Приликом самог откривања споменика
одржао је кратак и језгровит
говор о Милетићу претседник
Одбора за подизање споменика и
претс. Матице српске г. Др. Александар
Моч. Том приликом на споменик
су положили венце претставници
многих организлција и места
из Војводине где Милетић још учек
живи као легендарни борац за народа
права и слободе.
После подне ]е одржана свечана
Омладинска академија посвећена
Милетићу, на којој је г. инж. Никола
Петровић говорио о теми „Светозар
Милетић и данашња омладина*.
Оцртавши у кратким и јасним
потезима односе међу нацијама и
класама у Аустроугарсвој половини
прошлога века, нагласио је још једном
историску истину да је тадашња
борба Срба против Мађарске
националне револуције објективно
узев била реакционарна, јер је ишла
на руку реакционарном Бечу,
који је по Милетићевим речима
»Србима да за награду исто што
п МађарИкЦ! за каштигу«. Отого о<з
Милетић свип чилама борио против
српске високе црквене јерархије
која се везала за Беч да би пред
растућом граћанско - демократком
револуцијом очувала своје класне
интересе своје федуаане поседе.
Затим је иредавач изложио целокупан
рад и борбу Милетићеву док
га нису издале физичке снаге после
петогодишњег тамновања
Говорећи о данашњој омладини
г. Никола Петровић је рекао да она
зна да цени прошлост свога народа
и да ће јој као светао пример
у њеној служби народу бити непоколебљивост
и пожртвовање у Светозара
Милетића. Историја ставља
пред различите генерације различите
задатке. Ганашња млада гвнерација
сматра да ће остати верна
духу Милетића борећи се свим својим
снагама за мир, и лепшу будућност
свога народа...
После тога Академију су поздравили
претставници омладине Бачке,
Баната и Срема и многих омладинских
организација из Војводине
и целе земље.

АКАДЕМИЈА
ЗА МИР

У петак, 27 овог месеца, „У
дружење студената за мир“
одржаће своју прву велику Академију
за мир у физичкој
сали на Правном факултету у
6,15 часова по подне.
Позивају се сви студенти да
посете ову Академију у што
већем броју како би заједнич*
ки манифестовали своју мржњу
према империјалистичном рату.

In memoriam

Прошли, ванредни број „Београдског
студента" донео је
кратку вест да нас је у цвету
своје младости, за увек оставио
наш добри друг Милија
Банашевић. Ова вест дошла је
нагло, болно је дирнула све
нас, његове другове, свакога
онога ко је познавао нашега
Милију-Брују, ко ]е познавао
овога одушевљеног младића,
скромног и пожртвованог, несебичног
борца за бољу и срећкију
будућност све омладине и
народа.
Милија Банашевић се родио
1916 год. > Црној Гори, у селу
Завали, одакле су му се
родитељи преселили у Метокију.
Гимназију је учио у Пећи
и Призрену, а 1935 уписао
се на универзитет.
Долазећи на универзитет Милија
је од првог дана ступчо
у редове студентске омладине,
која се онда борила за боље
услове живота и школовања и
за студентска прав« и универзитетске
слободе. Теоретски
добро огпссхб д,ви, у|-Л ч '4ујући
се у све научне и политичке
проблеме, пример поштења и
честитости, он је активно радио
у нашем студентском покрету
и био је увек међу првима,
било то да се радило о
раду у нашим студентским удружењима,
било да се радило
о тешким моментима када је
голим животима требало бранити
та удружеша од напада
реакције. И ако већ скрхан
болешћу, кад се смрт подмукло
приближавала, он је, лежећи
у Општој државној болници,
са интересовањем пратио
активност својих другова и борбу
целокупне омлапине. И кад
смо му се нас неколико другова
који смо првко лета остали
у Београду изговарали,једног
дана, што га чешће не посећујемо,
он је уз болан напор
одговорио; „Знам ја, другови
знам; разумем ја вас: времена
су озбиљна треба радити,
треба много радити!...“ Он никад
није кловуо духом; до последњег
даха он је у себи носио
веру евију нас, све омладине,
да ће доћи јелно боље,
срећније време, када неће бити
беде и мука, када страшна
туберкулоза неће овако као
данас косити редове омладине.
Са вером у срећније, сутрашње
човечанство он је напустио
овај свет.
Већ подуже болест је Милију
удаљила из наших редова.
Умро је 9 августа, на путу, када
је из београдске болнице враћен
кући. Сахрањен је у своме
селу, у Метохији, искрено оплакан
од омладине и народа тога
краја.
Смрт нам га рано одузе. Остави
нас наш драги Бруја.
Жалост за њим је жалост целог
студентског покрета за једним
од првих и највољенијих својих
бораца,
Зато ће спомсн на њега остати
вечно међу нама!

П. Перовнћ

Број 1

•Н А Ш СТУДЕНТ«

Страна 3

УписуЈте се
у стручна
удружења

Купујте
и ширите
»НАШ СТУДЕНТ«Наши у концентрационом логору Гирсу

Репортажа

21 август 1939 године
„Али не заборавите, не сме
бити никакве пропаганде!... Никакве
пропаганде!“
Тим речима испратио нас је
префект полиције из Поа, пошто
нам је после енергичног
одбијања ипак морао дати одобрење
да посетимо логор.
Преко тридесет километара
од последње железничке станице
Олорона, на падинама Пиринеја,
далеко од послелње
сеоске кућице, на једној пространој
ледини ничу, као [из
земље, стотине малих дрвених
барака поређаних као под конац.
На једном обронку земље
утиснуто је белим каменчићима
званично име овог новоподигнутог
насеља: СашрсГесопсеп(гаНоп
Сигв. Одмах до
њега неколико таблица скреће
пажњу и забрањује пешацима,
а нарочито аутомобилистима,
задржавање у овој околини.
Ми смо упорни... Прилазе нам
подофицири, официри. Дугачка
објашњавања. Најзад нам ре*
коше да мало причекамо. Пропусница
од префекта, разне
препоруке од утицајних личности
а и делегација једне познате
и ]аке међународне омладинске
делегације као што је
Светска Студентска Заједница,
чине полако своје. У очекивању
решења разгледамо ову малу
варош. На површини од
квадратног километра смештено
је преко петнаест хиљада
избеглица. Бодљикавом жицом
одвојени су Шпанци оД добровољаца
из Међународне бригаде.
Шпанци су пак подељени
у три групе (Илота): Баски
дрц КЗДЈД СУ сдуаги.пи у
јацији и остали Шпанци. А
из Међународних бригада груписани
су по народностима.
Све су групе одељене жицом.
Не треба заборавити на онај
ред јаких челичних бодљикавих
жица који опасује цео логор.
На сааких педесет метара
унаоколо постављене су стражарнице.
Има три врсте жица
и три врсте чувара реда и по*.
ретка у логору. Постоји, прво,
полиција под управом војних
старешина, затим полиција са
цивилним старешинама и најзад
регуларна француска војска,
која врши службу споља.
Војници су по стражарницама
са пушком увек на готовс, баш
као да чувају разбојнике и окореле
зликовце.
Средином логора иде великИ
асфалтни пут, дуг око хиљаду
метара. Логорска главна улица
дуж које су електрични стубови
са великим светиљкама. Десно
од улице вије се на великом
јарболу француска триколора,
симбол слободе, а с леве
полициска барака, где се приликом
посете дозвољавају састанци.
Учини ми се парадоксално:
поносна триколора и кордони
полиције у њеној сенци!... Али,...
сетио сам се да се та иста поносиа.триколора
вије и у Алжиру,
Тунису... Вије се, а у
њеној сенцииегри слушају фијуке
колонизаторског бича...
Подофицир, вероватно раз- 1
водник страже, враћа се са на- ]
шим пропусницама и објашњава ј
нам да командант логора није <
ту, највероватније да неће ни
доћи. Њима није могуће да нам I
дозволе обилажење логора..., ,
-евентуално, могли бисмо причекати
до сутра, прекосутра, :
па ће се видети шта се може ,
учинити...Опетобјашњава.При- I
лазе још неки официри. Нека- Ј
ко нам полази за руком да нам ј

бар одобре виђење са нашим
земљацима... Колебају се, договарају,
и најзад пристају...
Пишемо на хартији имена другова
које желимо да видимо и
стражар одлази да их зове, т.ј.
да им да некакву металну плочицу
са којом ће моћи несметано
да изађу из свог илота и
да прођу кроз главну улицу.
Очекујемо са узбуђењем. За
који час па ћемо вндети своје
другове, браћу, наше земљаке,
људе о чијој смо легендарној
храбрости слушали са дивљењем.
На путу се појављује мала
група. Журно нам се приближују
и машу нам марамицама.
Да ли су наши ?
Прва је дошла једна група
Шпанаца са својим командантом
све групе бирају између
себе човека који ће бити у

контакту са властима логора и
ипј м са ста.ратн д гцммз ПОтребама
својс групе... Власти
логора и појединци опште само
преко команданата... То је
плод дуге и жилаве борбе,
штрајкова глађу, тврђавског
затвора, присилног рада, плод
крваве борбе и помоћи француског
народа, то је плод јединства
и једнодушности свих
избеглица пред којим су морале
власти да устукну и услед
чега је колико-толико заштићена
безбедност појединаца.
На вратима се појављује већа
група... Тискају се...
Да ли је међу њима који
од наших?
Има ли кога из Југославије?
у хору пита новодошла
група.
Грлимо се, љубимо, чврсто
стежемо руке.
Долазиш ли право из Југославије?...
Кад си дошао?...
Шта има ново?... Како су наши?...
Шта се ради?....Причај!...
Причај!...
Читава бујица питања. Двадесет
њих су ме опколили и
само засипају питањима. Узбуђен
сам. Језик ми се завезао и
само би их гледао и грлио.
Препознајем поједине... скоро
све... Мирко, Бранко. Вељко,
Гојко, Бане, Пинецки, Обрен,
Данило...
Не, прво ви мени причајте
како ви живите...
Не, не, заграјаше, причај
прво шта има ново? Како живите?
Како споразум? Како међународна
ситуација? Како стоји
са студентским покретом,
омладинским покретом?...
Питање за питањем. Много
што су само начули па желе
да им причам до детаља...
Долази један официр и позива
нас да пођемо до команданта
логора јер*жели да нас
види и да разговара са нама...
Мало смо у недоумици јер нам
је још у сећању оно „искрено"

уверавање да командант логора
није уопште ту и да је највероватније
да за два или три
дана уопште неће доћи. Наши
познају те трикове, гуркају се
и смешкају... Пођите, кажу, а
за то време ми ћемо мало систематисатм
питања на која треба
да нам одговориш а и одговор
на твоје питање како ми
живимо.
Полазимо, али се брзо враћам,
јер у оном узбуђењу био
сам заборавио на пакет цигарета
који је требало да им предам
као поздрав друхова из
Југославије.
Јесу ли наше?... О... Морава!...
Наш дуван!.., Са наших
поља.
Командант, виши француски
официр, љубазно нас прима и
рукује се са свима.. Дубоко је
тронут нашом другапском паж-

њом. Он неуморно прича,..
Гдаори уам .гу р/д чиим гпупз.ма
За тренут здстаје и пита;
Има ли међу вама кога
из Југославмје?
Претставл.ам се.
Говори мл како је слушао о
великој храбрости мојих земљака.
Диви им се, и т. д.
Наставља да нам прича о
животу становника логора... И
опет:
Верујте, они живе истим
животом као и француски војници...
Поздрављамо се с њим и враћамо
полициској бараци где
нас са нестрпљењем очекују
нати другови. ГБима су сад
дозволили да изађу пред бараку
и да тамо разговарају
с нама.
Опет грљење, Придошао је
понеки нови.
Исписали су на парчету
тије питања на која треба да
им одговорим.
Разговарамо о општој политичкој
ситуацији, о унутрашњим
проблемима Југославије, о
студентском покрету, омладинском
покрету...
Причам им и презнојавам се.
Њима је све мало, недовољно...
Искрсавају подпитања; рад на
савезу балканских држава, последња
фаза споразума, смрт
ректора Јовановића и избор
новог ректора. И последње питање:
да ли се когод у Југославији
стара о њима, пита
ње, на које ми је било тешко
да одговорим, питање, чији
су одговор највише очекивали.
Причам им а осећам да је
мој одговор слаб, осећам да и
на нама лежи велики део одговорности
што нисмо учинили
више за њих.
Мукла и непријатна тишина.
Пролазе минути.
Па шт.т мислите сада да
предузмете?...
Не усуђујем се да погледам

онога који пита. Да ли ће бити
довољна обећања која ћу
им дати?
Очекују да им одговорим.
Нико не прекида тишину,
само тупо одјекује бат цокула
дежурних стражара...
Хоћеш да ти причамо о
нашем животу?
Ја ћутим и не дижем очи.
Шта да ти причамо? О
многим стварима знаш и сам...
Знаш зашто смо отишли у Шпанију.
Познато ти је зашто смо
се борили. Кад смо се борили на
Гвадалахари и на Манзанаресу,
ми смо се тада борили за слободу
и демократију у Југославији.
Код Белчита и на Ебру жртвовали
смо живот и за деморатску
Француску, за одбрану
њених граница... Југославија
нам је затворила врата, не да
нам да се вратимо. Наша рођена
мајка не прима нас натраг.
Борили смо се и за Француску,
то врло добро знају сви
овде. И ево нас у слободној
Француској, ограђене жицом, а
доскора су нас чували Сенегалци
и учили „понашању 4 *...
Прилази нам група полицајаца.
Дошло је наређење да се
повуку они на чијим ]е плочицама
био број преко стотине.
Бројеви испод стотине имају
само команданти група, лекари,
поштари и лица која руководе
културним и просветним
радом у логору... Свега тројица
су могла још да остану.
Опраштам се са онима који
одлазе. Испоручују ми поздраве
за родбину и другове, Тешко
нам је да се раздвојимо.
Поздрави све...
Одлазе. Машуми и довикују.
Ипак, надамо се скором
виђењу... Довиђења...
Окрећем се овој тројици која
су остала и посматрам их.
Дубоке боре им се превукле
преко чела. Гледају према југу.
Лвадесетак километа|га. је
удаљена шпанска граница. Један
упире прстом ка њој и говори
полако:
Да није било издаје... да
нас нису продали они за које
смо веровали да воле и бране
демократију, мир би био сачуван.
Победа нам је била близу.
Седамо на праг бараке.
Како са храном, оделом?...
покушавам да поставим питање...
Храна, одело, живот у логору...
тја... од одела имамо
оно што смо имали у Шпанији.
Обућа?
Показује ми ноге. На њима
су платнене патике.
Скоро сви имамо то.
Командант групе има кожне
ципеле или боље да кажемо
остатке од некадашњих ципела.
Исцепана чарапа вири кроз
капну.
По нама се види каква је
храна!... Последњих дана добили
смо сламарице. Кревета немамо...
Прекинуо је причање. Неко
време ћути, затим одмахну руком
и наставља:
Није ствар у томе! Издржали
смо много и још више
би могли да поднесемо.
Али,... оно што не можемо да
издржимо, оно што је јаче од
нас, то је жеља да се вратимо
кући. Из дана у дан она је све
јача и све више расте... Све
бисмо могли, чини ми се, да
издржимр, само да можемо опет
да видимо своје... да поново
будемо тамо...
Како поступају са вама?
прекидам га.
Ех, како, резигнирано одмахује
руком, слушао си, сигурно,
како је раније појединце
гутао мрак... Муке смо имали
са Сенегалцима и разним
шпијунима. Било је свачега.
Присилан рал, тврђански затвор,
штрајкови... Покушали су

да нас спусте на ниво плаћеника
и најамника. Врбовали су
нас за Легију странаца... Није
им успело... Понова смо им доказали
зашто се ми* боримо,
зашта смо спремни да дамо
своје животе... Често нас провоцирају...
Али ми се не дамо...
Јаки смо и сложни... Сви њихови
планови пропадају... Само,
опет зачута и тек после дужег
времена настави кажем
ти, за све смо јаки, све можемо
да савладамо, сем жељу да
се вратимо.
Ипак, умеша се други
у разговор немој погрешно
да нас разумеш и да схватиш
да ми само сањаримо и јадикујемо.
Цео наш дан је испуњен
радом. Учимо. Највећи део
времена испуњем нам је учењем.
Учимо језике, нашестручне
ствари (мисли на усаврша,вање
техничара, лекара, и других),
бавимо се и уметношћу...
Најзад, и они су моралн да
се врате својим илотима. Сад
нам се тек свима развезао језик
и никад да испричамо једни
другима све што имамо.
Грлимо се.
Од како смо
мо, ово је први пут да смемо
до ове бараке да дођемо... читав
догађај, зар не?
Стражарима се жури.
Поздрави и поздрави.
Надамо се да ћете усПети
да нам омогућите повратак!
довикују нам.
Довиђења, одговарамо.
Наша делегација застаје на
излазу и маше им руком. Нзих
тројица, загрљени, све се више
губе у даљини. Логор сзе вцше
тоне у вечерњи сутон. Тешко
ми је што остављам ове
људе овде. Цео свет се дивио
њиховом херојству, сви су им
одали заслужно признање... а
њихова рођена земља забрањује
да се о њима макар и реч
спомене
Кинескиња из наше делегације
прилази ми и каже како
је у Шангају читала једну књигу
која описује њихово јунашто
и пожртвованост...
Кинески студенти се диве
и поздрављају ваше земљаке.
Окрећем се да још једном
видим место где таворе своје
дане око три стотине педесет
наших најбољих] другова,
најбољих синова које је наша
земља дала, синова који су јој
пронели славу широм света.
У Олорону свраћам да купим
цигарете. Млада продавачица,
пружајући ми пакет, запита
ме:
Нисте ли случајно посетили
Гирс?
Климнух главом потврђујући.
Љупки осмејак са њеног лица
ишчезе Гирс... наша национална
срамота.

/7. И.

Овако су живели наши другови
у Гирсу све до мобилизације
у Француској. Од првог
септембра* од како је отпочео
рат, њихов и онако мукотрпан
живот постао је још гори, јрш
тежи и још неизвеснији. Све
повластице су им одузели. Поново
је завладао терор. Пишу
нам да је шеснаест становника
логора убијено. Власти су им
ставиле услове: на фронт или
на присилан рад. Све им више
прете да ће их пребацити преко
шпанске границе, где ће их
сачекати челични куршуми граничара.
Данас се више него икада
поставља питање њихових повратка.
Данас ми морамо уложити
све своје снаге, морамо
мобилисати сву поштену јавност
да се начелна одлука владе
спроведе што пре у живот.
Спасимо животе на-»
ших другова!

Иза бодликавих жица

Страна 4

Власник н уредник Душан Костић, студ. филозвфије Цара Лазара 11 Београд. Штампарија »Ново доба« Н, Николића Крагујевац.

»НАШ СТУДЕНТ«

Врој 1
  </body>
 </text>
</TEI>