<TEI version="3.3.0" xmlns="http://www.tei-c.org/ns/1.0">
 <teiHeader>
  <fileDesc>
   <titleStmt>
    <title>The shortest TEI Document Imaginable</title>
   </titleStmt>
   <publicationStmt>
    <p>First published as part of TEI P2, this is the P5
         version using a namespace.</p>
   </publicationStmt>
   <sourceDesc>
    <p>No source: this is an original work.</p>
   </sourceDesc>
  </fileDesc>
 </teiHeader>
 <text>
  <body>
   <p>This is about the shortest TEI document imaginable.</p>
  </body>
 </text>
  <text>
  <body>
Поштарнна плаћена у готову

Год. I, Број 1 Иалази двапут иесечно

Загреб, 23 децембра 1939 год.



.. . „Ти гробови иису раке,
Beti копевк« нових снага.“
(Змај Јова Јоваиовнћ).

Орган стучних, економских,

Редакцнја ■ адмииасграција
Београд, Цара Лазара број 11
Број чековног рачуиа 57.730

Цена
1 динар

културних и спортских удружеша на Београдским универзитету

14 decembar 1939

Ovoga krvavog dana, preko 50 manifestanata
ranjeno je iz pušaka i puškomitraljeza
Preko 10 radnika, studenata i drugih
omladinaca podleglo je ranama
Svi su oni klicali miru i slobodi, za rad i
hleb, protiv skupoće i ratnih špekulanata

ПШЛНIМ GANIĆ,
stmlent filozofije.
Tesko гапјеп u \i Niškoj ulici.

MTLIĆ KELJANOVIć,
student prava.
Hanjen u no» ii kod V икоуод’ spomenika.
MiRKO LUKOVJĆ, stud. medicine.
Član Akcioiog odbora,
Mučki übijen od strane policije.

BOSA MlUćEVlć,
studentkinju кошегс.
Teško ranjena u obe поде Kod tehničkog
fakulteto

MILOVAN MARKOVIĆ,
student medicine.
Ranjen u nogu kod tehnickog fakuL
teta.

Komemoracija palim
žrtvama

Krvavi clogađaji od 14. decembra
uneli su offromnu žalost u najšire stu
dentske redove. Nije bilo studenta
na beogradskom iiniverzitetu koji
pun žalosti i tuge za ogromnim žrt •
vjima za omladinska i narodna prava,
пб bi zahtevao komemoraciiu која bi
odjekiiula kao protest protiv na.silja
i terora. kojom bi se odala dužna počast
palim drugovimaPuna
sala Pravnop fakulteta najbolji
je dokaz Ijubovi beogradskili
stedenata ргеша žrtvama terora. Komemoracija
je jasno istakla spremnost
studenata da još čvršće i jedinstvenije
nastave borbu za omladinska
i narodna pravaKrv
koja je natopila beopradske ulice
krvlju oraladinskom neće biti užalud
prolivena. Ona će još jače cementirati
jedinstvo omladine u njenoj
borbi protiv imperijalističkopf
tata i nasilja.

ŽIVAN SEDLAN,
student tehnike.
Ranien u kuk u Prištinskoj ulici.

DUŠAN KUGA,
student filozofije,
Raujen u nogu kod tehničkog fakuiteta.
IZ REDAKCIJE

Ovim obavestavaino sve naše čitaoce
da smo iz vanredakcijskih razlomorali
da se po javimo ovop puta u
Zagrebu radi čep;a је broj odštampan
latinicom. Nadamo se da ćemo biti
shvaćeni. Molimo da nam se jave za
sva mesta revizon, da nam pošalju
svoje adrese a čitaoce molimo da nam
šal ju dopise i svoja mišl.jenja o »Našem
studentu«- Mi ćemo sve zgodne
vesti objavljivati i truditi se da u list
bude uvršten što veći broj članaka.
Samo treba pisati čitko i nasto.jati da
članci budu što kraći-Krvava reportaža

naroda Vuka Karađića, penje se mladi
radnik i rukom okrenut knjizi, ko
ju drži Vuk, hoće da kaže nešto. Ljudi
se skupljaju, ali u njima prodire
strašni zvuk policijskih kamiona koji
već stižu. Iskaču žandarmi iz kamiona
sa puškama na gotovo. čeličnl
šlemovi na glavama otsjaju u mraku.
Manifestanti se skupljaju oko radnika,
koji jednako clrži ruku prema
Vukovoj knjizi i govori isprekidano:
Živela sloboda nauke! Živela sloboda
radnop; naroda! dok se ogromni.
Vukov spomenik crni u noći.
1 nije mladi radnik mo]?at) da završi,
odjeknuli su prvi pucnji, zatim
drnci i strahoviti plotun i pucnjava.
Pušćana zrna zujala su neprestano
ispred očiju, nogu, ruku i samo se osećao
šuin kao oštri vetar u hladnoj noći.
Mnosi studenti i radnici, goloruki,
poleteli su na žandarme. Čuli su se
udarci, strahoviti bolovi prostrujali su
mno.aim telima i prvi priffušeii krik;
>;Ubiše ше«! Zatim: drugovi, гаnjen
sam! Übiše me! Ne dajte da padnem
u ruke policiji! »Trči mladić za
mlaclićem koji viče: »Živela sloboda!
i najedanput zamukne, posrne i
padne na mokri asfalt. Saginje se
dni£ cla £a podigne i on pada preko
njega. U trci vidiš čoveka oblila krv
po licu- Skida crvenu masnu tekučinu,
ona obliva i ruke i odijelo, neda
se zaustaviti- U trku, drugovi prihvataju
nilado telo i nose £a daljc sa
sobom. Čuje se stalna pucnjava. Čas
plotun, čas pojedinačni pucanj- Za
rasturenim manifestantima trče ргоvokatori
i agenti i razbijaju
Prvi je polupan do apoteke u GrobIjanskoj
ulici, zatim sve redom, cles
nom stranom ulice, sve do mosta- DaIje
ocl mosta prikupljaju se studenii
i radnici i viču: Dole provokatori!
Dole übic*e! Jedna £rupa nastavlja rna
nifestacije prema ulici »Kraljice Marije«,
a clruga iz kreće
prema ulici »Timitrija Tucovića«.,
Demonstranti se penju prema Ču
buri- Ispočetka mala £rupa, od 150
Ijudi, koračaju mladići, nose tranv
sparente i viču kao da zovu sve Ijude
da se pridruže ovoj njihovoj plemenitoj
akciji. U duši se oseća tuga za
«z£ubljenira drugom, i ogorčenje prema
varvarstvu i teroru.
Pred silnim parolama: Dole skupoća.
dole rat, otvaraju se prozori i vraia,
izlaze Ijudi, žene i deca, iz kafana
izleti £omila. najpre slušaju iz daleka.
a zatim oblače kapute i mrko stupaju
u povorku. Sa prozora Ijudi pozdravljajn,
pozdrav odjekne sa dru£ГО£,
i tako redom. dok se sve to ne
slije u opšti pljesak. Majka drži dete
ii rukama, maše manifestantima, a ne
njaka ručica deteta. radosno treperi
po zraku i pozdravlja, sa smeškom,
te velike Ijude.

NA »SLAVIJI«

Ро orošenim pločnicima, na noćnom
asfaltu, u noći 14 clecembra bilo
je na »Slaviji« življe nego obično. Po
trotoarinin sretali su se mahom mladi
Ijuđi, devojke i mfadići, ozbiljna lica,
očiju 4>unih iščekivanja nekog
važnog dopadaja, koji prestojf tu, odmah,
tek što nije izbio. Na »Slaviu
7 sati pala je prodorna i uzbudjiva
reč; »Živela Sloboda«! - Zadrhtala
8U mlada srca, zbunio se ргоlaznik,
zastao i posdeda. Iz svih ulica,
kao da iz osvetljenih radnji, kao iz
podzemlja niču Ijudi i rastu u tfomilu,
koja se sve više steže i od neke
snajre najedanput prsne. da se odmah
zatiin prctvori u slivenu gomilu Ijudi.
koji se više nisn raspoznavali. - Živela
Sloboda! Dole rat! Dole skupoća!
čulo se nn sve stiane Zatim
su odjeknpli pucnji. ])a strahovits
plotun. pa drugi plotun. koji je odjekivao
BeogradomSa
svih strana žandarmi i agenii
navalili su s revolverima na mladiće
i djevojke, koji se nisu rasdtajali kao
da su imali jedno srce. U prvi mah
verovalo se da su čorci, Ni na kraj
pameti da noko može pucati u živo
mesoIz
]?oinile, sav obliven krvlju. izdvojio
se jedan mladić, ј pao na pločnik-
Sva gomila okrenula se njemu. 1
u toin zaokrelu sve su osetili, du je
ргорао iz шг#е Iа£апо drupi i treći
i poprskao krvlju mokri asfalt. Nastala
je vriska na trotoarima. i čudnim
dopadajima. umrtvljena lica рго
laznika jiostala su zapanjena i u
strahu i vrisci počela su da beže.
Žandarmi su mlatili i pucali, a£enti
su s кгаја cločckivali i bacali se div
Ije na ranjenu inasu. Ko je imao kamen
pokušao je da žaustavj nalet,
Kroz sve je prostrujaln jedna misao:
napred! kroz kordon! 1 veći dio
mase probio je i pošao Beopradskom
ulicom, druj?i dio otišao je Cara Nikole
i Nemanjinom. Čvrsto zbijena
koračala је povorka, uzdrhtala sva
u oduševljenju kno da nisu pala trojica.
PRED NOVIM PRAVNIM
FAKULTETOM

Opet, kao iz osvetljenih racinji, kao
iz stotme nlica. izletili su mlacli Ijudi,
devojke i građani. Ruke su 11 vazduhu
mahale. Izmešao se mladić i devojka,
prolaznik i automobili, razvio
ee transparent sa crnim velikim slovima:
»Dole rat!« I odmah se prolomio
kišni zrak sa svili strana: »Dole rat!«
Jedni su vikali 11 horn dole rat, a drugi,
па kra ju i čelu povorke; »Dole sku
poća! Živela sloboda!« Na jedanput,
kao da jato ćeličnih ptica uzleti, poju
li su automobili sa štanda zu.jali su mo
tori uz Alcksandrovu ulicu. Na rukama
dnißova visio je mlacli student. Iz
zažarenoff ffrla prodirale su plamene
reči. Ijudsko sr.ee jrovorilo je I judima.
koji su kao u hranui upijali svaku
reč mladoir clruffa: »Necemo rat drngovi!
Dniftovi. omladino, jrradani. mš
hoćemo slobodu. hoćemo više hljeba,
hoćemo radU povorio је vaireno
mladi stndent- Živila autonomija I niverziteta!
Živila slobocla uaukc! Ži
vila sloboda sindikata! ćulo se na
svm stranania. Drngovi sn koračaii,
transjiarenti se razvijali. niealj tamo
dnboko ozada i bela platna sa cmiin
flovima. ditjnnta evrsto u vis. oknpila
su sve, i krenula neodol.jivom snaponi
napred, i samo naprecl. svj su osečali
п sebi taj zahtev.
Dolazili su prvi redovi do tehniekop
fakulleia Primieali se spomeniku
velikop sina srpskop mirodu uku
Knractiću. Prola/nici su pljeskali. zqnstavljali
se i.frledali novorkn mladih
koja је vikala i pozdravljala. dizala
1 pru/ala ruke trotoarima. kno cla је
hlela toplo da obgrli sve Ijucle lamo.
da im iskreno ka/c: hraćo. dru.uovi,
mi boćenio mir i slohodu svima пашаHodite
svi ovamo! Vašj sinovi, vaše
kćeri, koji su mladi i iskreni, hrahri
i nepokolehivi. ncćc stati nikacl dok
liudsko Idujfo slobodu i mir, ne vi<li
medu svim IjndiraaNa
pustol je Velikofr spomenika. velikofi
Srbina. i dičnos sina srpsko«;

U PRIŠTINSKOJ ULICI

Najkrvavija ulic'a. Nu.jveći pokol.j.
Mračna i pnsta ulica i retki clrvored
opolelih stabala. A sa dna nlice idu
ralaclići, nose transparente i kličn slo
bocli. Penje se povorka mladih i ne
sluteći da će tu mnojri reči i nedoreči.
viknuti i za svagcla umuknuti- Žandarmeri
ja је tu napravila zasedu- Puškomif
ral jeska gnezda opkolila su sve
ulice. I onda su zasuli, Strahovita
paljbu sa svih strana osula je metcima
demonstrante- Masa je potrčala 11
sporcdne nlice, ali i tamo su je cločekali
sa prikrivenim puškomitral.jeskim
jruezdima, Mladići su poloruki
trčali na pušku-1 padali su drupovi
hez jauka. Trčali su i rušili kao snopIjc.
Puealo sc i sa firozora. Jeclna mlada.
visoka devo.jkn, studentkinja komerci
jalne škole. Bosa Miličević, hila
јг ii jrrupi. Najedanput је nestalo clru
£Го\ а. pali su niže njenih kol jena. Ona
je potrčala. da se dalje, pet nieiara
ocl palih drujrova zaustavi i nkoči
sva. Metei su joj razmrskali obadve
no«e 11 koljenu. Suze su u očima zahh
stalc. roclila sc za momenat misao i osećanje
o nekora dragom i voljenom
u životu, pa ie odmah zamrlo svc u
пјој pala je visoka i lepa devojka
na blatnjavi pločnik. le pametne oči
i lepota clcvojke n cvetu, ko.ja je
znala saroo za Ijubav, za Ijude i sre-

ću, која је volela slobodu i sanjala o
budućoj sreći omladine. To pametno
lice devojke zamračilo se. ali nije
pustilo nijednog jauka. Tako su pudali
mnogi. Na trotoarima ležali su drug
do druga- Neki je izdisao- Neki se savijao
u bolu, a neki je pokušao, lakše
ranjen, da se pridigne i pobeffne
dalje iz krvlju natopljene ulice. Žandarmi
i agenti kunclacima su mlatili
ranjene i tako dokrajčavali živote.
Mnoge su pustili da beže, pa su ih
zatim übijali- Digao se mladi šumadinac.
plav, kovrđove kose, koja je
slepljena blatom pala po licu, dečak
više nego mladić, student prve godine
Mirko Luković. digao se sa trotoага
lakše ranjen da bi izbegao zversko
mučenje i premlačivanje- Pustio
ga je žandarm da beži. Kakva se samo
radosna misao rodila u glavi mladića,
koji je za momenat računao da
je spašeu. Nije mislio na raiui; mislio
je na život na slobodu. Trčao je deset
когака, a za to kratko vrerne, žandarm
je kleknuo, namestio pušku na
gotovs i opalio. Dum - dum kuršun
razmrskao je mozak i poprskao blato,
i jedno ogolelo, drvo vrućorn moždanom
masom. Tako su übijani i studenti
i radnici, tako je übijana omladina
koja je htela slobodu i hljeb,
koja neće rata.
Krvave i niasne lokve mladićske кгvi
napunile su Prištinsku i Mileševsku
ulicu. Pucnjava se čula još na nekom
udaljenom mestu, da bi re kasnije
zamenila bolnička kola za spašavanje,
dreka policijskih kamiona i
»Marice«, i teški bat cokula koje su
se vraćale sa pokolja, zvereći ipak,
na svaku stranu, da nije koji ostao ili
se sakrio.
Nastao je mir nad ulicom pokolja
mladih, nad ulicoin pde je omladina,
f?oloruka, samo sa hrabrošću u srcu,
plamenošću strasne Lorbe za slobodu.
bila poklana, raznošena dum - dum
mercima i poubijana hladno kao zverad.
Zatvarali su se prozori. Spuštale
zavese, i mir težak i nespokojan padao
je na ulice, Kroz inir Beograda
strujao је dah pritajenc srđbe koja
raste, koja se Siri i koja će potražiti
odgovornost-

Stanje zdravlja ranjenih
drugova

Za stanje zdravlja ranjenih drugova
vlada veliko interesovanje kod
svih studenata. Neki druß'ovi i drugarice
obišli su ranjenike i o njihovom
zdravlju saopštili sledeće:
U najteže ranjene spada driip: Ga-*
nić i -drugarica BosaGanić
je tako teško ranjen u plavu
da na momente nije pri svesti- Rana
је takve prirode, da svakoga momenta
može nastupiti poporšanje koje
se može završiti katastrofora- Pored
svepja toga, u momentima kada je
pri svesti veseo je i raspituje se za ostale
drufcove. Drži se veoma hrabro.
Drujiarica Bosa ranjena je u obe
noeje. U jednu lakše a u druffu vrlo
teško. Postoji verovatnoća da dode
do amputacije ali više izgleda iraa da
će poći na bolje, te će јој ostati samo
ukočena jedna no"a. Л rlo se hrabro
drži i raspituje za ranjene i mrtve
drugove.
Milić Keljariović ranjen je u nogu.
On će ozdraviti posje du/ec vremena.
Izgleda da će morati da dođe do operacije,
јег mu је zrno pušćano ostalo
u nozi. Dobro je raspoložen i pita za
sve drugove.
Živan Sedlan ranjen је u kuku. Rana
je dosta ozbiljne prirode- Мога
mirno i nepomično da leži da ne bi
došlo do pozlede.
Milovan Marković ranjen je u nogu-
Ovako ranjen brutalno je dalje
tučen. dok se nije onesvestio. Bačen
ic ua kamion tako da su mu noge onako
ranjenom virile iz kamiona- Sad
se boljc oseća i vrlo je vedar.
Dušan Kuga ranjen je u nogu u stopalo
i to ii hodu. Ne će biti nikakvih
posledica i rana je pošla na bolje.
Što se tiče lekara, s ,r i se dive junačkom
držanju svih ranjenih koji
najveće bolove izdržavaju stojički i
bez jauka

Mirko Luković

Rođen је u skromnoi učiteljskoj
kući u Kraljevu 1921. £od. Voleo је
zivot i hteo је da ga načini dobrim zn
sve. U pimnaziji u Kraljevu i Čačku
istakao se kao dobar drup. Želeo jc
da što više pomogne narodu iz koga
je ponikao. Bio je ođličan đak. Još je
u ginmazijskoj klupi spoznao pravac
i cilj omladinske borbe za lepšu budućnost
i u njoj je aktivno učestvovao.
Da svome narodu, upisao
se na medicinski fakultet. Velika
je bila njepova radost kada se је
našao u studentskoj sredini. Toliko je
mnopo slušao o studentima, njihovoni
pokretu i studentskim borbama- Sad
mu se pružila prilika da u tom рокгеtu
postane aktivna jedinka- I zaistd.
brzo je opravdao nade polagane u nje
да. Posiaje član Akcionpic odbora i
aktivno radi u Akadem.skom klubu
studentski dom. Svojini predanim i
poštenim radom zadobio је simpatije
svih svojih druffova- Ništa za njega
nije bilo teško kada se radilo o sudhini
ml&de gcneracije. Verovao je o
borbu omladine i mrzeo rat i njegove
izazivače- Znao je da je ovaj rat nepravedni.
osvajački, protunarodni
imperijalistički rat. U borbi protiv
njega dao je i svoj život.
jedno je studentsko omladinsko srce
razbijeno ali je hiljadu srca zakucalo
još brže, još jače. Mirko će ostatj
svetla uspomena u istorijj omladinske
borbe i prmer ornladinske hrabrosti
i požrtvovanja. Njegov će prob postatj
kula svetilja mlacJoj generaciji
Srbije.
Neka je slava omlndinskom borco
Mirku.

POGREB MIRKA LUKOVIĆA

Na vest o pogrebu Mirkovom, nnstala
jc žalost n Kraljcvu. Bio je naclaleko
poznat i omiljen kao dobar omladinac
i dru{?. Na mnogim su m©stima
prestali da kucaju čekići, ргсstale
pisaće mašine, sa svih strana požurili
su radnici, seljaci, građani, žene
i omladina da posljedni put prođu
#radom za Mirkom. Ali onako isto
kao što је bila naobična njegova sraft,
tako je neobična bila i pratnja. Uprkos
svih ргергека povorka је išla napred,
Na čelu povorke išao je veliki
trnovi venac studentske omladine ii
Kraljeva a za njim ređaU su se jedno
za driigim venci radničke, školske
i dr- omladine- Radnici i studenti
naizmenično, nosili su kovčeg. Na pu*
tu za groblje povorka je zaustavljena.
Zahteva se da nastavi sporednim
ulicamaU
jednom momentu pada naredb«;
»Pucaj«! Bajoneti i puške momentalno
su upereni. Jedna odlucna mati istupa
napred i viče; >Žene i majke, ele
nimo napred. neka u nas pucajo«!
Istovremeno čuje se vrisak ožalošćene
majke i jezivi očev povik: >Sine, hoće
po drugi put da te übiju«!
Masa pritiska, građanstvo proteetvuje,
načelnik je prinuđen da uklonl
žandarrae te povorka produžuje mirno
na g r °WjeNa
groblju su povorili Rovornici;
Ujedinjene studenske omladine, «druženja
medecinara. Akcionog odho
га, radnika iz Čačka, studenata skopзког
fakulteta. i prve podine stud.
medicinskog fakulteta u Beogradn.

а ~

STUDENT«

Brcj I

Pretplaćujte se
kupujte i širite
„Naš Student"
Pretplata godišuje 20. — Dia
Polugodišnje 10. — Din.Otvoreno pismo Dr. Vladku Mačeku,
pretsedniku H. S. S. i S. D K., potpretsedniku
vlade, Beograd

Gospodine potpretsedniče V lade!
Nema sunmje da \ am je poznato
to”a ste dana, uostalom, bili u Beopfradu
na svečanom ručku sa gg. Cvet
kovićem, Dr. L. Markovićem i ostalim
da jc 14 decembra ove godine
do.šio do krvoprolića
nad ženama i decom. omladinom i radnicima,
po beogradskim ulicama. Vi,
dal |е. svakako znate za svu laž i пегfidnost,
koja se provlači kroz zvanićno
saopštenje Л. A-, Vi ste upućeni u to
da jc preko pedeset manifestanata гаnjeno
iz jmšaka i puškomitraljeza, da
je preko deset radnika. studenata i
omladinaca ranama.
Najzad, ne verujemo da ne znate da
nijedan manifestant nije uopšte imao,
pa prema tome ni upotrebio revolver
»iskoiistivši mrak«, kako to stoji u
saopštenju vlade kojoj \i imate čast
da budete potpretsednik. Naprotiv',
istina је, da su u odbranu fjolih živ r ota
od pobesnelih policajaca učesnici mauifestacije
upotrebili kamenje, upotrebili
su kamenje u odbrani od mašinskih
pušaka i dum - dum metaka
(da bi ta traffična ironija bila veća
jedan deo to£a pokolja izvršen je
pred spomenikom jednoj od najsvetlijih
ličnosti srpske kulture Vuku
Karadžiću). Svakako da Vam je, gospodine
potpretsedniče Vlade, poznat
i karakter manifestacije na kojoj se
desio taj najbrutalniji i najkrvaviji
nastup policije na tlu Srbije od 1903
god, dodanas. Zvanično saopštenje геšava,
doduše, slučaj na vrlo jednostavan
način. Ono se zadovoljava tvrđenjem
da su to bile komunističke akslica
raste. I baš zbog toga, što je to
klicima koji su se čuli. Ne sme da
kaže da je glavni poklik bio protiv
skupoće, protiv ratnih špekulanata, ne
sme da kaže da se oduševljeno klicalo
miru, slobodi, ne sme đa kaže da su
gladni i besposleni uporno tražili гаda
i hleba- Nama je jasno zašto v adino
saooštenje ne tfovori o tome- I
I • • .1 . . - v ‘. I
< С.Г4 .U rrtcra Cid ua ли aiuii
narodni slojevi strašno teško pogođeni
skupoćom, izazvanom špekulaci jama,
da narodi u Jugoslaviji ne žele
da uđu u rat, i \ama mora da je poznato
da su nadnice pale i da besposlica
raste I baš ztiog toga, što je to
tako, upravo zato što svaki poklic prc»
tiv skupoće, za hleb, slobodu i mir
pretstavlja izraz istinskog raspoloženja
naroda jugoslavije, apencija Ava
la morala je, kao i obicno. da laže, da
obmannjuje i da pljuje po žrtvama
narodne borbe.
Krvoproliće od 14 decembra izazvalo
je najdublje offorćenje širom
cele zemlje- Narod sve otvorenije ustaje
u odbranu svojih nezaštićenih
sinova i prvoboraca, prepuštenih bru
talnoj samovolji policije i njenih naredbodavaca.
Yal ogorčenja raste sva
ki čas, i nikakve zvanićne laži nisu
u stanju da prikriju istinu, nikakve
izmišljotine ne mogu da ореги ruke
krvnika od 14 decembraVi
to sve, gospodine pretsedniče
H. S. S. i S. D. K., znate, a ipak ćutiie,
valjda, da se pomisli da Vi nemaie
ni pojma o ovorae pokolju nad
omladinom i narodomA
znate li, pospodine doktore, ko
sn übijeni i izrešetani omladinci, koје
je zvanićno saopštenje, po formuli
svih šestojanuarskih i obznanaških
l*ežiraa, po staroj, svakome dobro poenatoj,
formuli velikosrpskih klika.
iednostavno krstilo kao komuniste?
Znate li da su omlndinci, koji su masakrirani
14 decembra 1939 p. na beopradskim
ulicama, oni 'isti Inarodni
sinovi koji su 14 avppista 1938 bili na
čelu velikih manifestacija bratstva
Srpskop i Hrvatskog: naroda, manifeetacija
slobodi i demokratiji priredenih
prilikom vašeg dolaska u Beo"#Trad?
Znate li da se sa govornica Beeo
univrziteta već 10 godina,
u doba nacrnije protivnarodne i
protivhrvatske diktaturc, uvek čula
reč solidarnosti sa opravdanom borbom
Hrvatskog naroda? Znnte li da su

omladinci čijom su krvlju okupane
ulice l4 decembra ustajali
uvek и odbranu hrvatskih žrtava, palih
širom cele Hrvatske, od Slavonije
do Zagorja. od Gorskotf Kotara do Senja
na Jadranu? Znate li da su nas
prebijali i pre, kad smo klicali slobodi,
demokratiji. Hrvatskom narodu i
\ašoj ličnosti ? Znate li, gospodine pot
pretsedniče vlade, da je ovaj pokolj
izvršen od onih istih koji su übijali
Ijude za poklik Hrvatskoj slobodi,
nad onim istim koji su. po cenu jru'
bitka jnladih života, klicali toj НгvatsLo
ј slob.odi?
lako \i izjavljujete da Vam fe {?.
Cvetković jeclini prijateli и Srbi.ji, Vi
ne možete da zaboravite a Hrvatski
narod svakako neće da su Srpski
narod i n jepova omladina vodili borbu
za pravi Narodni Sporazum. onda
kad je g’. Cvetković kadio politici
bivšepf vođe. kad su se desili događa ji
u Senju, Virovitici, Šibeniku i dr.,
onda kada je Pretsednik današnje«
Senata govorio o Vama: »Martin и
Beograd, Martin iz Beograda«- Vi to
znate, pa ijiak ćutite- Mi ne možemo
da ulazimo u pobude kojima se rukovodite
kada odobravate ovu krvnićku,
protivnarodnu politiku, ali možemo
da tvrdimo jedno: Da nije podrške
koju pružate hegemonističkim
snagama, da nema Vaše{? paktiranja
sa Sestojanuarskim delom vlade, da
uije \ašeg bla&’oslova politici ratnili
priprema, beogradska reakcija, niti
bi moftla, niti bi smela da čini ono
što se događa. Ono što želimo da kažemo,
to je da pred licem svih naroda
jusoslavije, otvoreno jjokažemo
koliko su protivrećne izjave i dela
vlade u kojoj ioš uvek sedite i Vi, za
icduo sa pojedinim pretstavnicima
bivše U- O. Ciovoriti o demokratiji, a
übijati omladince koji kliču slobodi.
pričati o bripama oko suzbijanja sku
poće a desetkovati radnike, studente,
omJadjure i етасТчле kori traže hloba
i rada, mašinskim puškama braniti
pijačku ratnih spekulanata, i?ovoriti
0 ireutralnosti a übijati za parolu
«živio mir«, to su sve protivrečnosti
sa kojih padaju maske, i pored dema
gogije i »demokratskih« dekoracija
kojirna reaknja prikriva svoju dikia
turu- To su istme koje se vide sve
očiglednije, svaki dar .
Gospodiiie m»tt ' tsedniče!
Studenti B«o'r univerziteta
obraćaju Vaia ra puta и nameri
da Vam izra/f" . је одогсепје, рго
liv nedela današnje vlade. Mi znamo
da ste Vi рге ustajali protiv terora i
sistema »Glavnjače«. Mi znamo za
Vaše pismo tadašnjem ministru policije
Dr. Korošcu u kome ste spominjali
hrišćansku čovekolj übivost kad
ste se zalasali za politićke mučenike
A danas?
Šta ćete učiniti, danas. povodom teгога
koji se ne painti и Srbiji od 1903
£od? Šta ćete učiniti povodom najužasnijih
jiokolja? Da li ćete se solidarisati
sa übicama nnjboljih sinova
1 najhrabrijih boraca га narod i nje{rovii
slobodu? Šia će. danas, biti sa
\ašom hrišćanskom dus?vnošću i Vašorn
Ijubavi prcma bliž.ijem?
Mi ие znamo št« ćete \i uraditj. Ali
zi.amo da bi \ aša solidarnost sa zločinima.
koji su se desili i koji se još
dešavaju nad najiskrenim prijateljima
Ilrvatskop naroda na ovoj strani.
koji se vrše nad omladinom i narodom.
značila, želili \ i to ili ne. politiku
uperenu protiv interesa svih naroda
и zemlji pa i Hrvatskog.
Mi mislimo da su takvi postupci vezani
za politiku vlade.
Da li je to i vaše mišljenje pjospodine
potpretsedniče?
UJEDINJENA
STUDENTSKA OMLADINA

Studentima,
celokupnoj javnosti

Nikada naša rnladost, u istoriji Beogradskog
Univerziteta, ni je proživIjavala
teže dane kao što su današnjl
i nikada nije osvanuo crnji i bolniji
dan kao što je 15 decembar. U noći 14
decembra palo je izrešetano žandarskim
kuršumima nekoliko studenata
i radnika a ranjeno ih je desetinamaNaši
mladi drugovi koji su voleli ovaj
život, koji su mahom tek stupili u našu
školu. s verom dječaka u bolji život,
sa strasnom Ijubavlju za naukom
i znanjem duboko predani narodu
i slobodi, i počeli tek da uče, da rade
u svojim seminarima i laboratoriju inima
pali su krvavih lica, razlupanih
lubanja. polomljenih nogu po
pločnicima beogradskib ulica, роргskanih
vrnćom mladenačkom krvlju.
Kćio da su i sada tu medju nama, osećamo
njihov vreli dah, tople reči,
svetle oči. Naši mladi drugovi, naši
dragi drugovi, radili su, učili su i veselili
se s nama Čuli smo reči njihovog
oduševljenja, priče o životu njihovog
кгаја, gledali mladost која raste
željna znanja i slobode. S koliko
Ijubavi pošli su u Beograd, s koliko
snova i plamenih želja o Univerzitetu
i nauci očekivaše tamo u provinciji
dan ulaska na Univerzitet. Cela jedna
mladost provodena u srednjoškolskim
klupama, provedena u željama za llniverzitelom,
cvetala je, da bi je u ргvim
danima njenog rada rastrzali
zverski dum - dum kuršumi pobesnle
policije. Mi ne možemo, a da ea suzama
ne mislimo na taj dan pokolja naših
drugova, ne možemo, a da svim
svojim bićem ne uzdrhtimo pri pomisli,
na varvarstvo koje ih je übilo.
Zar ima veći zločin, zar postoji gore
nedelo übiti mlada čoveka koji je sa
svom čistotoni srca svoga, volio život,
volio nauku, dizao njenu luču nad
svakom prljavštinom pa po cenu i
gladovanja i mučenja, koračao smelo
kroz život. Dogodio se zločin, varvarskiji
od svih varvarstva, težih od sv ih
zločina. Mučili su mladića, u mračnim
beogradskim ulicama, pošto su agenti
žandaimi izfešeiall slabiue Kmrsu
mima. Pao je, a zatim su žandarmi.
dokrajčivali život, izgonili poslednji
dah iz tela koje se hladilo sa kundacima
i palicama. Pucali su u gomilu
mladića u mračnim beogradskini
ulicama. Uhvatili su Mirka Lukovića
člana Akc. Odbora, рокгај mnogih
palih, i stali ga tući i kada je
pokušao da beži, pustili su ga deset
metara, da za momenat misli da je
spasio život, da raisao obasja životna
radost, da pomisli za čas na majku,
na druga, na neku dragu i voljenu
stvar, pa da £a onda žandarm, koji je
sve do tada, klečao sa puškom na gotovs,
prostreli, razmrska mu lubanju
i übije život. Übijali su hladno i iz
zasede. Čekali su mlade Ijude kao lov
ci na zečeve, u Prištinskoj, na Slaviji,
kod Tehničkog fakulteta, u Grobljanskoj
ulici, na Čuburi, nalaze se lokve
krvi, poprskani pločnici i zidovi, ргоsuti
mozgovi naših drugova. Jesu B
njihove majke i očevi. koji su možda
tu noć sedeli i pričali o svojoj deci, o
svojim brigama i tegobama, o svojini
voljenini sinovima, jesu li hranili i
odgajali svoju decu da postanu, u
cvetu svoje mladosti, obična meta za
žandarmske kuršume.
lliljade i hiljade studentske omladine
oseća gnušanje nad tim zverstvom.
Hiljade i hiljade zbija svoje
redove u odvratnOm gadjenju nad izvršiocima
zločina. Mi dižemo svoj
glas protiv terorističkih i hunskih
zverstava nad našim drugovima.
Otrgli su ih iz klupe, digli su im
njihove voljene knjige, übili mladićki
zanos i veru u bolje dane zverski
su ih übili na pragu života. Übili
su narodne sinove kojima je narod i
njegova sreća bila iznad svega, Übili
su mlade intelektualce, kojima je nauka
bila najdragocenije blago, od svih
blaga.
Celo beogradsko studentstvo poseno
je u tuzi za izgubljnim drugovi
ma. Bolna je noć i bolno je sećanje
na tu noć, Nikad težih dana ni mučnijih
časova u našem životu. Na zverski
način dušmani übiše naše voljene
drugove.

U ime svih studenata, osudjujemo
ovaj divljački zlocin. Mi nemožemo
a da sa gnušanjem ne pomislimo u
krvnike mladih života, na übice mladosti.
Naši drugovi ostaće svetla uspomena
u našim dušama, ostaće i krvava
mrlja u nečistim savestima. Тегог i
varvarstvo, medju svim studentima a
našim narodima, u javnosti, p-'dtazaće
dušu onih koji se služe tim sredstvima.
Počela se ispunjavati želja našejf
profesora i jednog od vodja Srpskoif
Kulturnog Kluba g. Vase Čubrilovića
koji je izjavio studentima da treba
streljati 2000 studenata.
A ova krv palih studentskih i radničkiii
boraca, zbiće naše redove a
neprobojnu snapu mladih srdaca, sliće
naše žel je u plameni poklić za borbu
protiv terora i neprijaielja naroda.
Iz ove krvi progovoriće još jedinstveniji
plas mladih Ijudi koji će pasti,
ali neće i z neveriti svoje ideale slobodi
i miru, ali neće poklelc
nuti u borbi. Prvi februar, četvrti
april i četrnajsti decembar ostaće istorijski
daturni omladine i boraca za
bolji život, za više slobode, za visc
hleba i pravde.
SLAVA NAŠIM MUČENIČKI ÜBIJE
NIM DRUGOVIMAI
Akcioni odbor

Protest sveuč. organizacije
HSS. univerzitetskom
senatu u
Beogradu

U borbi hrvatsko# naroda orotir
beoprmclslro k гл ave Jiktature, protiv
svih napada па slobodu i ži vot
hrvatskog naroda i hrvatske omladine,
studenti beogradskog Sveu€ilišta
bili su oni koji su najviše гаzumjevanja
pokazali na srpskoj stra
ni za opravdane zahteve hlhmtskoK
naroda i njegove omladine. Mi ee
sjecamo nasih borbi iz skore рговlosti
protiv školarina. visokih taksi
i raznih »uredbi« u kojoj su učestvovali
i studenti beogradskog sveučilišta.
Sjecamo se njihovupj glasa pro+,У.
zaprebačkog Sveučilišta
a naročito povodom pokušm.ja
prenosa fakulteta u
Beoprad. Sjećamo se i protestnoft
štrajka povodom odbijanja sporazuma
u proijeće ove godine. U najnovije
vreme beogradski studenti borc
se protiv veliko-srpske reakcije i
beogradske ćaršije koja se okuplja
u neki »srpski front« i pokušava da.
rovari protiv sporazuma srpskop i
hrvatskoft naroda, ustaju protiv ratnih
hnskaća koji su narocito atktivni
u njihovoj sredini. Tako su na 29
studenog sprijećili ratnu provokaciju
povodom pokušaja održavanja komemoracije
admiralu Gepratu. Na 30
studeno#; su odbili sramotnu Ljotiće»kazneuu
ekspediciju« koja jc
došla na Pravni fakultet da prolije
studentsku krv. Tako isto su omeli
zbor velikosrpske čaršije za prikljućenje
Bosne i Hercegovine »majci
Srbiji«. Bivšem rektoru koji je za
diktature pokušao uvesti sveučilišnn
policiju) pokazali su da oni »ujedinjenje«
prvop prosinca ne shvaćaju
kao on i njemu slični. Senat koji јс
omoffućio protivnarodnim grupama t
prupicama da iskoriste sveučiliŽßo
tlo u svoje obskurne ciljeve, zabranio
je studentima čitav mjesec dana
sve njihove javne priredbe te zatvorio
sveučilište na pet dana.
Protiv ovakvog stava i zloupotrc«
be sveučilišnop terena sa strane Scnata
beosjadskop: Sveučilišta poelala
je sveučilišna omladina H. S. S. sa
svoffa plenarnop sastanka protest Scnatu
beogradskoff Sveučilišta, solidarizirajući
sc sa stavom beopradskih
studenata,
(Iz »Seljačke Mladice«)

Bioj l

»NAS STIiUE.Nr«

Strena ;jStreljanja
čeških studenata

Ovde preštam pavamo iz zagrebackoff
>Novo£ Studenta« članak: >Streijanje
českih studenata«. Među žrtтата
ratnoga terora u fašističkoj Nemačko
j, nalazi se i jedan naš zemljak
iz Rume. Reakcija u svima zemljama
preduzima iste mere ргета borcima
protiv rata, za mir. Nemačka, francuska
i enpleska reakcija, kao i геакdja
čitavoga sveta jedinstveni su u
borbi protiv naroda i omladine, јег
»el© da čitavu zemljinu kuglu pretvo
те u krvavu klanicu.

Iz pisma oca übijenog studenta Siavela,
svojoj kćerci, koja se nalazi u
Rumi: »Katarina, jedino dijete, našeg
Jana nema više. Sa šestdesetoricom
svojih drugova strijeljan je ovih dana.
Nismo ga sahranili, јег su im tijela
nekud baćena...«

ISKAZ OČEVICA

16. studenog: strijeljali su u Pragu
njemački SS odredi docenta dr. Matauška
i devet studenata. Među übije
шт studeniima je i Jan Stavel, naš
zemijak iz Rume. Ova übistva doffodila
su se posle deraonstracija na ko.jima
su Česi vikali: Hoćemo slobodu,
doie terdr« i posle defilea pored kovčega
jednog studenta, koga su Nemci,
nekolikn dana рге toga, na ulici übili.
Ogromua masa sveta, koja je tom prilikom
demonstrirala, rasterivana je
od SS i SA odreda, kao i od neraačke
vojske s noževima na puškama i sa
mašinskim puškama- Studenti koji su
se bili zatvorili u Hloukovom i drujpm
studentskim domovima isterani
su odande paljbom iz mitraljeza- Nekolicina
Čeha uspelo је da se skloni u
Jug. stnd. dom, gde su im naši studenti
j>omogli da se zabarikadiraju- Na
koncu su se i oni morali predati. Tom
prilikom je uhaošeno i nekoliko nasih
studenata- Ukupan broj uhapšenih
Čeha tih dana iznosi oko 1200 studenata,
koji su označeni kao organizatori
uereda i mnogo gradana. Od uimpšenih
je večina otpremljena na
prisilni rad i>o koncentracionim
rima u Nemačkoj i Poljskoj, a oko
200 studnata је zadržano u Pragu i
etrel.iano idućih dana. Računa se da je
тш poslednji mesec dana poubijano
ши 1000 Čeha.
Noću između 16. i 17. novembra daje
naređba da sve češke visoke ško
le u protektoratu zauzme vojska. 17.
u jutru donele su česke i nemačke novine
vest o zatvaranju svih čeških visokih
škola na 3 godine. Istoga dana
upali su SS odredi u studentske domove
u Brnu, pohapsili sve studente
koji su bili članovi uprave domova,
a onda vezali i odveli na aerodrom
joe oko 300 studenata, kojima je blo
aabranjeno da ponesu sa sobom i naj
potrebnije stvari. Tamo su pred sviта
stteljali >za pouku« studente: Poleduička
, Vincenco, Černoff i Fukalu.
Ostali su razdeljeni po raznim konc.
logorima. U novinama je izašla notica
dn je najstrožije zabranjeno raspitivati
se bilo kod vlasti bilo privatno
|?dje se palaze uhapšeni studenti.
Tih dana übijen је takođe u Brnu
profesor muzike na filozofskom fakuhetu
Helfest, koji je рге dvije godine
bio predsednik češkog odbora za
pomoć republikanskoj Španiji- Od
svih žrtava ovih poslednjih zverstavu
objavile sa nemačke i češke radiostanice
i novine samo dvanaest.
Češki nniverziteti su zatvoreni na 3
godine. Rektori tih univerziteta koji
su isli da mole protektora von Neuratha,
da se dozvoli ispita
такаг atpsolventima, ili bar da im se
vrate dokumenti, nisu primljeni ni u
audiienciju- F). Ž*

ČEŠKE ŽRTVE

»Zatira je fašizam počo sa navalama
na kulturu.
. . . Otpušteno je u sarnom Ргади
iz službe ргеко stotinu učitelja.
• • . . Ministarskom naredbom zase
da nestanu iz nastave sva
ol)jašn jenja o borbama između Čeha
i Nijemaca, kao i o socijalnim sukobima,
a također i o nekim češkim
nacionalnim junaoma i stvaraocima
Republike.
• . U jednoj jedinoj sedmici otpušteno
je 6500 školskih nadzornika.«
. . . Među prvim žrtvama hapšenja
i koncentracionih bili su
profesori i diplomirani studenti čeških
! nem. univerziteta, kao i liječnici,
tehničari i advokati.
Ali uvek, uvek: radnici, seljacr,
studenti . . .«
(Iz raporta čeških studenata na
Svjetskom u Parizu, аиgust
1939.)
»Felkišer Beobachter« piše: »Ima
previše intelektualaca koji su svršili
češke škole. Treba da ti mladi Ijudi
ne studiraju dalje da radije nauče
neki korisni zanat.«
Kod gaženja jednoff naroda veliku
ulogu igra gaženje njegove kultureNapadi
na njegova kulturna žarišta,
na njegove kulturne tradici je i vrednosti
su prvi napadi kojima se slnži
tlačiteljOd
minhenske izdaje pa do citiranog
raporta čeških studenata u Parizu.
sve jasnije i ejlasnije izbija u
svjetskoj javnosti svetlo na mz сшје
nica o martiriju čeških studenata i
intelektualaca, a posljednje streljanje
čeških studenata je otvorena salva
u češko telo- Kada se otpor nije
slomiti ni svim šikanacijama
ni svim zatvorirna i logorima, nernački
је fašizam otvoreno počeo pucati
po češkoj kulturi, i to baš po onima,
koji su budući nosioci te kulture, }er
kultura ponesena i data narodu znači
kraj тгака i terora. I opet omladina
igra ulogu martira i borca protiv
tlačitelja. Omladina која је ostala
verna narodu opet je podigla zastavu
revolta i slobode, a ona iu je i prva
svojom krvlju orosila.
Češki studenti pokazali da prava
narodna. intelitfencija mora stajati u
prvim redovima narodne borbe.
Posle svih koje su nam
poznate o borbi eeške intelektualne
omladine za život svocra naroda nosle
ovotf najnovi jep rnartirija, posle svih
terora, naša vera u mladu generaciju
nije ni najmanje pokolebana. Mi ne
plačerno nad žrtvama коте su pale za
narod. pa bile to i naše vlastite, јег
te žrtve rađaju u nama veru u omladinu,
koja će poneti u prvim redovinia
zastave slobode.
Češki su studenti pokazali |?de je
mesto intelektiialnoj omladini u narodnoj
borbi!
Slava palim ćeškim studentiraa!
M.

Rat bolestima u SSSR
Po PREDAVANJIMA Dr. LUJE TALERA U ZAGREBU.

Neobično je interesantan i važan
га<! na suzbijanju epidemija. 1917. g.
bilo je u Sovjetskoj Llniji 3,354.000 bolesnih
od pegavca (prenose ga vaši),
tnko da je Iljič, videći u tome veliku
jpasnost za narod гекар: »Jli će boljSevizam
pobediti vas, ili ce vaš pobeditž
komunizam«. 1924. god. bilo je
bolesnih još samo 29.000. Isto je tako
{ povratna groznica (prenosi je tako-

đer vas) pala sa 1,450.000 na 25.000. U
borbi s kufrora izneli su veliku pobedn
(oduvijek su Rusi bili najbolji poznavaoci
kii£e u Evropi). Potpuno su istrebili
koleru (1922. god. 86.000, 1927,
god. ni jedan). Sovjetski Savez je ćist
od boginja. Treba naglasiti ističe ргеdavać,
da su oni sve epidemijske bolesti
suzbili mz pctpuni bojkot Evrope.
1923. god. bolovalo je u Sovjetskom

Savezu 4-,000.000 Ijudi od malarije, a
imali su sarao 10.000 kp kinina, daljnjih
30.000 kg. koji su im još trebali
kulturna Evropa nije htjela prodati.
Ipak su malariju, daleko potisnuli, no
ne kininom, nego uklanjajući svim
mognćim sredstvima mogućnost ргеnošenja
malarije,
Predavač zatim prelazi na pitanie
zaštite deće i majki. Ističe da je deЛе
od prvih dana trudnoće na brizi
države. Iza velikog pokusa sa slobodnhn
abortusom, za vreme koga
je u Moskvi i Lenjingradu broj poroda
pao ispod broja abortusa, donesen
je najstroži zakon protiv
abortusa. Ali nije se samo zabranio
abortus, nego se istovremeno omogućilo
rađanje djece. Majka ostaje kod
kuće 2 mes. рге i 2 mes. posle рогоda,
naravno uz svoju potpunu platu.
Podignute su institucije gde deca
mogu uvek ležati. U tom pogledu
Sovetski Savez je najbolji na svetu.
Za šesto dete majka dobija kroz 4
podine po 200 rubalja mesećno. Sovetski
Savez teži k tome da sve žene
rađaju u rodilištu. 1914. god. bilo je
4.700 kreveta, 1936. god. 48.000 a treba
120.000. Sasvim je ruska stvar
pokušaj mlekare za decu (skuplja
se mleko žena). Ove godine Moskva
je dala's.soo 1. mleka dnevno. U svim
prilikama ženi je data mogućnost da
doji svoje dete. Svako dete može ići
u dećje kolevke. Вгој kreveta bio
je 1933. s°d. 5 miliona, 1937. god.
10.5 miliona. Tamo dete može ostati
3 god., a celo vreme je na brizi komesarijata
za narodno zdravlje. Sve
te kolevke su u odličnom stanju.

Рге rata umiralo je u prvoj godini
živofa 23 posto dece, veći proceut
smo imali samo mi. Kako je danas
ne zna se.
Iza tri godine dolazi dete u dečje
vrtiće i tamo ostaje do scdme godine,
tada ide u školu. koja u gradu
traje 10 god. a na selu 7 pod.
Lekar ordinira n samoj fabrici.
Osiguranje za bolest i invalidnost
je potpuno, a starost za 60 god. 50
poslo zarade. To nije dovoljno. Dok
je lekarski pregled besplatan, medikamente
plaćaju radnici sami. Država
daje medikamenic kod malarije
i sifilisa i u svim bolnicama. Treba
da se radni narod mnogo
služi bolnicama, јег je bolniekom
pitanju posvećena najveća pažnja.
Imaju preko pola miliona bolesničkih
krevefa (više nego Araerika).
Nauka je baza sve#a medicinskog
rada. Naućni rad se kalkulira kod
svakopr lekara vrlo vsoko. 1933. god.
polovicu svih radova na svetu iz podrućja
fiziologije napisali su Rusi,
Naučni rad obavlja se na atkademijama,
a ne na univerzitetu. Moskva
ima največi naučni medicinski
institut na svetu. Najveća biblioteka
na svetu je biblioteka akademi
ja.
Dok su kod nas na ; ,popularni je
ličnosti sportisti i plumci, u sovjetskom
Savezu su najpopularniji akademici.
Dr. Lujo Thaller završio je ргеdavanje
izjavljujući da je on danas
došao u svom naučnom radu do toff
stepena, da du.boko želi da u
Sovj. Savez i da tamo još mnogo šta
nauči.

Kako žive studenti u zemlji
socijalizma

NAROD SVIH NACIJA MOŽE
STUDIRATI.

Od 12 saveznih republika koje čine
SSSR samo su tri imale sveučilište
рге Revolucije. Nije bilo ni jednog
UniveTzileta u cemialnoj Aziji ni i
Kavkaziji. Danas u svakoi republici
ima Univerzitet koji obrazuje spđcijalste
među stanovništvom. Ima 28
Univerziteta u SSR Uzbekiji, 18 u SSR
Kazakiji, 4 u SSR Turkmeniji, 18 u
SSR Georpiji, 4 u SSR Tadžikiji, 13
u Azerbeiđanu, 4 u SSR Kirgiziji, 8
u SSR Armeniji. 22 u SSR Beloj Rusiji,
133 u SSR Ukrajini.

UNIVERZITETI PODNOSE TROšK
OVE STUDIRANJA

Ne samo r J iraaju ргаvo
na bespla 'pvf', \ zii. obrazovanje,
nepo oni . к a i jodnu stipendiju,
коуа im omofeućuje da studiraju
potrebno vreiue, Te stipendije. koje
scvjetski student prima svaki mesec,
neka su vrsta plate, koju država daje
za studentski rad. Te stipendije
nemaju nikakav filantropski кагакter,
one se dižu iz državnih fondova
i doznačuju sodišnje prema brojn
studenata- Fond državnih stipendija
raste svake s?odine zbo£ povećavanja
broja studenata i zbog dizanja stipendijske
glavnice. Tako те između 1934
i 1938 "'odine taj fond prešao je sa
388 na 801 miliona rubalja.

КАКО UČE SOVJETSKI STUDENTI
Sovjetska uarodna ekonomija ko а
je opskrbljena najnaprednijom tehnikom,
iziskuje specijaliste s vrlo visokom
kvalifikacijom. toga se
svake traži sve više od studenata;
oni ipak znaju da ostvare svoj
akademski program i rezultati njiho%
r ih studifa pokazuju vrlo visoki nivoNa
рг. na zimskim ispitilna u prvom
delu 1939 pjodine na Moskovskom
Univerzitetu 46,9% studenata prošlo
je s rezuitatom >odlično« (najviša oce
na kofa se može postići), 2.9% s ocenom
»dobro«, a samo 1,3% s rezultatom
»dovoljno«. Na Kijevskom Držav
nom Univerzitetu prošlo je između
68% i 77% studenata s rezultatom
»odlično« i >dobro«. U Pedagoskom

instUutu Jerevan u Armeniji stucienti
p:ve godine prošli su sa 29,4°/o »ođ
liči ih« i 34,6°/o »dobrih«, studenti ireć#>
godine sa 40°/o »odličnih« i
»dobrih«; četvrte je godine imala
56% »odličnih« i 30% »dobrihc.

KAKO ŽIVE SOVJETSKI STU
DENTI.

Dok је student na Univerzitetu, nje
mu je па raspoloženju jedna nameštna
soba sa posteljinom itd. kuju
plaća u jednakim razmacima. Običm>
tri ili četiri studenta dele jednu istu
sobu. Student troši sedam posto ođ
svoje mesečne stipendije za stanarinu
i ooslugu. Blagovaonice, kuhinje,
češljaonice, praonice, postolari, kupališta,
dečje jasle, drečji vrtovi.
klubske dvorane čine deo Univerziteta.
U više g ra <lov a sagrađena su univerzitetska
naselja. Na.jslavnije je
ono zvano »divovsko« u Harkovu. To
je jedna golema zprada do 6 spratova
koia se pruža na prostoru od više blo
kova i gde stanuje 3500 studenata.
Zgrada je ukrašena cvećem, kipovima
i vodoskocima- Unutra ima 1500
prostorija, sve ugodno nameštenč.
Posjeduie i biblioteku sa 18000 svezaka,
dvorane za čitanje i odmor- U
zgradi se nalaze: apoteka, rađio stanica,
pošta, knjižara, brijačnica i čak
sajđzinica, kao i jedna raehanička
praonica. stolar tusevi itd.
Sovjetska vlada nije oklevala
pred nikakvim troškom da zađovolji
studcntske potrebe-

SVAKOM GRAĐANINU SSSR ZA
JAMČENO JE PRAVO NA RAD.

Kad jedan student svrši svoje univerzitetske
nauke ол ne treba da traži
posao, јег država prima bri/r« o
пјгши. Njega upučuju u industrijsku
ргапи која nnjviše treba takve specijaliste.
Kako postoii nestašica specijalista,
u tom se delokrugu radi
po jednom striktno održavanom pla
nu. U 1938-oj g<xbni sv i centralni огgani
Sovjetskog Saveza objavili su
vladinu uredbu o raspodjeli mladih
specijalista, koji su svršili nauke na
univerzitetima i institutimau 12.500
inženjera, а°топота, zoologa tehničara,
mdicinara, fizičara, hemičara.
geolosa ekonomista bilo је dodeijeno
na mjesta od sovjetske vlade.

Vlasnik i odßovomi urednik: Luka Nenezić Zagreb, Kunjaninova 4. - Tiskara .PreraHović. Gajeva t3. -Z« tiskaru odgovara F. Uhemik, Lašćinaka 3.

Sfrana 4

»NAš STUDENT«

Вгој 1
  </body>
 </text>
</TEI>