<TEI version="3.3.0" xmlns="http://www.tei-c.org/ns/1.0">
 <teiHeader>
  <fileDesc>
   <titleStmt>
    <title>The shortest TEI Document Imaginable</title>
   </titleStmt>
   <publicationStmt>
    <p>First published as part of TEI P2, this is the P5
         version using a namespace.</p>
   </publicationStmt>
   <sourceDesc>
    <p>No source: this is an original work.</p>
   </sourceDesc>
  </fileDesc>
 </teiHeader>
 <text>
  <body>
   <p>This is about the shortest TEI document imaginable.</p>
  </body>
 </text>
  <text>
  <body>
Наш Студент

Поштарина плаћена у готову

Год. I Број 2 Излази двапут месечно

Београд, 7 дедембра 1939 год.

) Јединство свих студената у борби {
Ј за иаша права, (
( За слободу и очување аутономнје |
\ Уииверзитета, '
> За иове лобеде! %
Уи,^и,|^и„^и„^и„^им^и, |^и„^||| |^lи,^и„^и„^и„^и„^и„^и„^и„^\

Орган стручних, економских,

културних и спортских удружења на Београдском универзитету

Цена
1 динар

Редакција и администрацнја
Цара Лазара број 11
Врој чековног рачуна 67.730

ЈЕДИНСТВЕНИМ СНАГАМА
У ОДБРАНУ АУТОНОМИЈЕ

ЧувајуГт х/слове нахиег слободног
научног рада, стварпјх/Ни свс
шххре и ширс могућности за бољи
живохп ххас, схпх/дентскс омладхшс,
брансГт нп сваком кораку,
хх у сваком моментх/ најосиовнијхх
прхшцип, јрдхшомогуГт х/с.ихв кулххххЈрног
и нах/чног развихпка. аутономију
УнивеЈЈзитета, ми
смо годхшама бранили и жртвс
давали, радилхх и спромали се да
учврстххмо тај принцип; кроз
многе године нашег рада, резхултахпи
наши.х иаххора бххли су видни,
који слх/же хха часххг и хиколи
и народу чији смо синови. Дслахххносхп
у нашим удрхЈжењима, резулхххати
културног и економског
рада, оживљење семинара и учионица
сво су то усхгеси који
су чаши и који нам дају снагу
да хгаставимо борбу за решоње још
многих проблема, који морајх/ бхгти
рехиенхг да би нам живохп био
бол.хЈ. и ххаука ближа. Ми хоћемо
да наш Ухшворзитет ххослужхг
студонти.иа као права народна
кућа из којс. ћс излазити истхшски
народна омладхша, хгојој народ
ноћс бити шхјГ/, а чах/ка среххгсгпво
за туђо и егоистххчкс цчл>еве,
него ће она бити соетли
огањ, иароду предахх. Никада. нисмо
сметали с ума службу народу
и његовом добру. У том свеххх*ом
путу ка народу и створилхг
смосвОЈОЈединство,oавали смо крв,
лежалхл по затворима и тампицама
и нико нећо иикада убинхи
ххххј верхЈ у нама. На том
путу ка народу, слободи и култх/ри
сххгворили смо и сарадњу са
г. г. професорима. У тој сарадњх.х
би.ш смоискрени и лојплни. Знали
смо да ценимо добра хг пои/тујемо
све исхгроне напоро. Али ми
хшсмо били за сарадњу хго цону
жртвовања наших идоала, који су
наш жхЈвохп хг крв, нашл нада х<
убеђење. Бп.ги смо за сарадњх/,
хххххЊ је охха плод обостраноГ увороња,
да слобода Униаорзитета
јосто јодхихп полуга којом ге оххгварају
врахпа за наш бол.и живоххх,
зп стварањо вашо културо, вихххо
х.хоба, вихие знања за нас и ххарод
хгога воли.чо хх комо хоћомо јодино
ди слхЈжимо. Мх( смо сарадхвхЈ желоли
х( гтварали само х/ цил>у нанреххгка
и развитка како наг хххако
х( нашо младо науко. Ми смо бхии
0000X14 да јодинсхххвопа гтхЈдехпхгска
омллдина на Бооградско.м уннворзхтхоту
ноћо икклда клокнутн
II гххгати на полп пуххха. Хпљадо
XI хил.адо грцл ххрожнмл.с
вахххренн иоклнч за одбраиу глободо
нашо хиколо; хнљадо х( хнл,пдо
носо тај ндсал, јор јо он омлпдински
XI народихЈ, јер он значхл
оствароњс нахас: бол.ог жхтота
хј внше културно: н научног свохххла,
ххоћхл ћо дамас у борбу до последњог
да.ха, до најтожих гхрогнућа.
Мн, данас, види.чо да со
чврсххха рхЈка сарадњо сл нзвосннх
странп кида н но жоли више. Ми
отсорено н јаг.но нп то кажомо;
ми со ни за длаку нисмо промонили.
Нпш данашњхх пхут исххххх
је као и онај јучорашњхх, а такап
ћо бхххххи и слутрашњп. Тојо чврсххха
и неххоколобххва вера којпј ћомо
свхх следихпи. Ми смо данаг
ххротив рапха, за мир, ххроххгхт
свих засххгухгхтк а аххгло-францЈске
ххгсзе за увлачењем Југославххјс
у рат ми смо прохгшв то:а,

што смо свесни да овај рагп пије
ослободилачкн, пего пљачкашки.
Ми смо против ово: рата,јер нрћемо
да жртоујемо наичу младосгп,
за туђе. рпчуне. Ми хоћемо
мир и културни развитак нас
самих. Много што-шта имамо
још да научимо п постигнемо
Ми хоћемо рад па нашом Унпверзитету,
без предаха подизан>е
паше стручне спреме и културне
наобразбе. И дозволити
академију на Универзитету
у почаст адмирала Гепрата
значи ратну провоКацију, Јер
свако евоцирање успомена на
прошли рат, без обзира о чијој
се личности ради у данашњем
моменту, значи посредно
или непосредно хушкање на
рат и приклањање аигло-Француском
зараћеном блоку ч истовремечо,
са чиетог жаришта
пародне мисли бацање ратпе
идеје за Даладјеову Франи,уску ,
а против слободарског францт/ског
народа, против народа Марсељезе,
Басти.ке . Волтера, Русоа,
Виктора Игоа ч многчх синова
француског народа. Мн пптински

волимо слободарски фрапцуски
иарод, али истииски мрзимо непријатеље
фра нцц с ког иарода,
ратнс хушкаше, ратпе изазиваче
и разне Даладпјее. Да ли је. у
пнтересу народп п омладине сејање
ратне лажи, нроношење теле
англофранцусног блока у име
фраицуског народа? Сви гтуденти
слј против тога. . Јер ллудав
премп миру и народу силнија је
од свих силп п јача од свих неирпјп
те.ип. Да ш јо пстгшска
('арадгш доаволтпи нестудеитекнм
елгмеггтима, којп гц годииама
ударали иа аутпнпмијц Уиивер.штета,
нрипадали разним аиНlи-стлlде)ггпским
групицвмп од
• О рнпса« и »('ловенгког Југа«, до
,-[и)пшвеип: »-Јбора«, да пдржава
ју нроглаву Уједин»ец,а у Фнзпчкој
галн. а гдг су Снребалн да говоре
иенрија Iнел>и студената, 7<орпшћ,
негдаилњгх почаспгг претседпггк
»Орнаса«, позпатгг опрац
чротнв братгтва српснпг п хрватског
народп и иеприЈптел, слободе
г( аутоипмпје Универзитета
г( г. Вннтор Нпваи, ппчаснн члан
»Орнпга«? Да лп је спрадња омо-

гућити бедним групицама разбијача,убица
и криминалаца дадрже
још данас нека студентска удружсња
без икаквог закопског оправдања?
Ми нећсмо више, да се продужи
сарадња на таквим основама.
Данас г. ТасиИ, после својих
предавања, напада међху слхухиаохцхма,
који су дошли да слушају
наукху, студенски покрет,
и отворено пропагира англо-француску
тезху. Да ли јс сарадња
загпворинхи Уххх.хвсрзитет на пет
дана , послс хуклањања наорх/жане
грхЈпххце »студсната« Мххгпе Смсдеревца
са Универзхлтета, чијс
оружјс: камс и палихц, предате
у нивсрзигпс тским в.шсхххима, свсдоче
о њххховом студснтском рпдх/.
Свс су то симптоми смишљеног
хударца ип нах.ас слободе хх
паш рад. То иоказују отвпренп
иступи неких од госхходс хгрофесора,
који охххворено кажу, да сс
гаде, кадчују реч иухххоиомија. I'о
сс види из ххрсдава н,а за
мсссц дана, као и довоlј<чх»а шхлицијс
са странс унивсрзи шсохскххх
влнсти, да б.ихкирпјхЈ зграду Ирпвног
факхултста. \lи Гхсмо ппИи
гвојим гхх/тсм п очуваххххх трпднЦхјЈхј
Ухшвсрзхх тста. Ми желимо
и хоћемо сарадњу, али не
сарадњу, која ће спречити слободу
науке, која ће онемогућити
слободан рад у семинарима
и лабораторијама, дебатним
клубовима, не сарадњу
која ће онемогућити нашу племениту
и човечанску борбу за
мир и слободу. Ми смо ххротххв
затварања УххххвсЈхзитста, за рад
п кх/лтхурни развихххпк студсната.
У хихсгпупцпма универзптотГКХIХ
власхпхЈ мXI видимо јсдахх
плппскхх рад, који ххдс на ххгим да
окрњи нахиа стсчсна ххрава. П<‘,
није бсдхха групица .Тогпиврвахрх
разлог за затварањс Унххверзитста!
Хтсло сс трсчххтхх пдржахвс
Опттсг гшхЈдснт<'Ко: збора и митмнга
ххротив спхрс.х, ан>а наших
другова, чсшких студснахиа, мхххпхшга
против тсрора и рахххи;
хтело се спречитхх нахау борбу
за мир, јср студеити пеИс рахи
и крвавл>сње као што би то жслелхl
неки нахахх профссорхх. Ми
зиа.чо свој пут. То јс пугп очувања
наших слобода, за несметан
кулхпхЈрнхх и научни развихпак
студенахпа, за бољи живот свих
студсната, за мир и протххв свих
ратнпх хухикача. Наше студсктство
има своје светлв традиције.
У изврхиењхЈ својххх задатака, оно
ће поћи рхЈКОвоlјено њххма. Оно је
свесно да св залаже за своја права,
за срећх/ и бхЈдућност, да служи
бхЈдхућим генерацхЈЈама и читавом
народу.
Акцтнм вд*ор
Студвнтскм! стручмнх удружвlм.

V иедељу 10 о. м. пре подие, у Физичко)
сали, на правном фанултету,
одржаће ће се велики Општи студеитсии
збор. Позивају се сви студеити да
дођу у што већем броју и обавесте
све студеите. Наш збор мор**да буде
велика маиифестаци)а иаше сиаге.
СВИ Ић ЗБOРIАпел професорима

Обраћамо се вама, господо професори,
јер сматрамо да сте и ви
заинтересовани ситуацијом створеном
последњих дана на Универзитету,
зато што сматрамо да
иви сносите ;о одговорности за
такво стање и да сте и ви позвати
да решавате о стварима која
су у питању. Обраћамо вам се
зато што сматрамо да их и мећу
вама још има у чијим срцима није
угаснула љубав за слободу и
иултуру, за несметан развитак
научне мисли, за мир и срећу
народа.
30 новембра затворен је наш Универзитет.
Тиме је без оправданог
разлога створено ванредно
стање на Универзитету.
Од како је избио овај нечовечни
рат, који пустоши два коитинента
старе и нове цивилизацпје,
студенти Београдског Универзитета,
верни својим пацпфистпчкпм
назорима и одани идеји слободе
народа, повели су упорну
акцију против овога рата и против
свих онпх који желе да и наше
народе гурну у ову страшпу
кланицу и да тиме прошире обим
ратног пожара. Ми знамо да се
то мпогима нс допадо, да су против
те наше акције сви могући
народни непријатељи и ратни
шпекуланти. Ми знамо исто тако
да је затварање Универзитета и
одлагање за месец дана свих студентскпх
ириредаба и манпфестација,
на изглед проузроковапо
једним незнатиим мнцидентом, уствари
одговор на ову машу антиратну
акцију и да јс у ствари
одмазда. Кога? то ћсте, ваљда,
и ви знатп!
Да ли ви, господо професори
одобравате море унпверзитотских
власти, да ли се и ви придружујетеакцији
неиријатеља мира, ненријатеља
нашег Унмверзитета,
да ли п вп, најзад, окрећете лоћа
хиљадама редова поштене и
радне студентскеомладппе, целом
студентском покрету, носиоцу идеје
слободе, културе и мпра п
стављато се На страну оне шачпце
бодних изрода, плаћеника
и убојица, који су годинама на
нашем Универзитету, елементи
немира, мучких напада и убпјања?
Да лп ваше ћутање значи одобравање
свега тога? Кажемо
ћутањс, иако су некп измећу вас
проговорили.
Нама сс пребацује да кршимо
сарадњу, да не поштујемо туће
мишљоње, да смо изневерили свој
став и своје убећење. Ми можемо
поставити питањс; Зар нпје
то кршење сарадње, кад господин
ректор, тајно, без знања репрезентативних
студентскмх организација,
разговара са оном
бодном групом, убица нашпх другова,
који се ките перјем самозваног
национализма, и издаје им
универзитетску салу у провокаторске
циљеве противстудентског
покрета? Зар није то кршење сарадње,
кад се по жељи те исте
групице и онпх који стоје иза
њих, затвара Унпверзитет против
вол.е свих студената? А ако
се говори о поштовању тућег мпшљења,
зар ико поштен и коме
лежи на срцу срећа и будућност
народа, може мирно гледатп како
се несметано проводи ратно
хушкачка акција п спрема се гроб
миру наших народа и њихово тотално
упропашћење? Не, господо
професори, мп смо за мир п за ј
њега, ако устреба, даћемо и наше
младе животе.
Што се тиче нашег става и нашег
убећења, ми можемо одговорити:
не и не! Ми нисмо изневерили
наш став и наше убећењеМи
смо страсно одани идеји мира
и братске сарадње међу народима,
али ми смо били и остали

увек спремни да с оружјем у руцп
бранимо слободу и независност
народа од нападача, ако се
ради о јсдном праведном ослободилачком
рату. Доказ су за то
гробови многих наших другова
по горама и иољима ШпаниЈе.
Што и већу иомоћ нисмо дали
братској омладини Шпаније и
шпанском народу до нас није кривица.
Ми смо били спремни да
пружимо помоћ братске руке чешкој
омладини и чешком народу,
били смо спремни да водимо сваки
онај свети ослободилачки рат
који има демократски карактер
и који води успостави братства
међу народима, што, разумећете,
многи они који се данас праве
ратоборни и антифашисти, нису
били. Али љуто су се варали они
који су мислили да то наше искрено
младалачко одушевљење
за оправдану борбу могу искористити
у реакционарне и империјалистичкв
циљеве и да смо ми
спремни поћи, макар он био и
пљачкашки.
Ми волимо Француску и ми смо
за њу, али не за Француску двеста
породица, за Француску опсадног
стања и ратног терора,
него за Француску духа и културе,
француску Болтера и Дидро-а,
Робеспјера и Виктора Иго-а,
Француску племенитогфрапцуског
народа, слободну, демократску
Француску, која је сита
ратова и авантура. Ми смо били
против немачког фашизма, опда
куле светске реакције, (данас више
не) и ратног пожара, али ми
нисмо били против дивнога немачког
народа, протпв радне и
поробљене Иемачке, отацбгше
Хегела и Гете-а, Хајнеа и Шилера.
Ми смо били и остали борци
првих редова против фашизма
и сваког угњетавања. Ми смо
били и остали непомирљиви противници
крваве Хитлерове диктатуре,
али смо исто тако противници
лондонско-париске реакције
Чемберлена и Даладје-а која,
покривајући се маском демократије,
у свему копира и примењује
методе Хитлеровог фашизма.
Но нема сумње, да зато и баш
због тога, ми нећемо да наседнемо
потпаљивачима рата, ми нећемо
својевољно дати ни једне капи
наше младе крви у једном империјалистичком
рату, у рату који
је покривен пљачком и лицемерјем,
шовинизмом и расном
мржњом. Ми смо, једном речју,
протпв овог печовечног, империјалистичког
рата а то никако не
може бити напуштање нашега
става. Иадамо се да ћете се и ви
сложити у овоме с нама, господо
професори!
Оставимо на страну питање шта
је највећи чнтерес наше државе и
наших братских народа у данашњој
европској ратној ситуацији.
Нећемо говорити ни о томе, шта
данас значи позпвање на савезништво
из прошле велике касапнице
народа и у којем је правцу
уперен тај рад. на универзптетску
ситуацију. Не може
бити сумње да су мрачне силе
наше земље умешале прсте у ту
ствар. Долази за то ред да вам
поставимо питање: да ли сте ви,
господо професори, вољни да се
упрегнете у кола ових мрачних
сила, против студената, против
науке, против народа? Да ли ћете
ваше знање, ваше умове, ваше
главе, које треба да служе
миру и напретку, ставити у службу
рата, у службу разарања тековина
цивилизације? Да ли ћете
и ви помоћи ту хајку која је отпочела
против студентске омладине,
против њнхове слободне речи,
против Универзитета од стране
ненародних шпекуланата и ши-

ћарџија. Пли ћете уздигпута чела,
као слободпи иителектуалци,
прелазећп преко пролазних и уских
интереса, стати на страну
слободе, на страну науке и културе,
на страну народа и његове
омладине?
Ми постављамо питања, господо
професори, ви имате да одговарате!
Миса наше странс можемо рећи
да ћемо остати уз свој вољени
народ и да ћемо наставити рад
за пародне и наше идеале, за пдеале
с.тободне будућности. Нема
сумње да је досадашњи наш рад
био дубоко псправан, а да је сарадња
у миру између г.г. професора
и студепата била плодоносна
и донела несумљиве резултате
за науку п прогрес. Ми сматрамо
да досадашње дело сарадње
измећу два фактора научног
и културног развитка треба наставити
и да са наше стране нема
и не може бити за то никакве

сметње. Ми сматрамо да наш Униворзитст
и даље треба да будс
кућа наукс и слободне паучне
мисли у којој ће се школовати
слободоумна и народу одана интелигенција.
Иаши напори у том
правцу неће престајати, зато што
сматрамо да је то пнтерес и жеља
и оног народа, који нас је послао
да се овамо школујемо. А
од вас у велико зависи, господо
професори, да ли ћс то тако бити,
да ли ћемо успети да сачувамо
овај слободни храм наукс и
културе.
Ми вам се за то обраћамо и позивамо
вас да у његову одбрану
иоl>емо заједно, носећи у својим
рукама буктпњу слободе, прогреса,
културе и мира иротив свих
непријатеља слободе, прогреса,
културе и мира!
За делокупно студенство
Веоградског уриверзитета
Р*Амцн|а »Нашаг Студента«

Новом нападу на аутономију Универзитета
и студентсне слободе супротставимо
ЈЕДИНСТВЕНУ БОРБУ
ЗА НОВЕ ПОБЕДЕ

Догађајп којп су се током прошле
недеље одпграли на Београдском
унпверзптету нпсу случајнп.
Личностп главних виновппка
и пзазивача ових пнцидената
и начпи на који су пзведепи
несумњиво упуКују на траг
једне смишљепе завере против
стварпе независности наше школе
и против студентских слобода.
Јасно је да тај траг води озлоглашеним
непријатељима универзитетске
аутономије, непријатељима
народа, омладине и студеиата.
Ови професионални службеници
реакције покушавају на
све могу&е начине да изазову нередовно
стање на Универзитету
и да, ловећи у мутном, задају
ударац нашем јединству, нашим
текошшама и нашој борби.
Почетак данашњег неправедног,
пљачкашког рата између англо-француских
и немачких освајача
заоштрио је постојећу борбу
између снага реакције, насиља и
мрака, снага које су данас ангажоване
међусобним разрачунавањем
с једне стране и прогреснвних,
народних и противратних
снага с друге страце. Све очигледнпја
поларизација снага према
основним проблемима савременог
међународног и унутрашњеполитичког
жпвота карактерише
актуелну ситуацију у мећународном
и националном опсегу.
Верни својој досадашњој
борби за слободу и мир, вернп
традицији нашегслободарског покрета
прожетог најплеменитпјим
стремљењима ослобођења човека
и рада, ми нисмо пмали да бпрамо
на коју ћемо страну. »Студенти
с народом«, те топле речи у
нашим устима нису никада имале
карактер патетично лажног
»родољубља«, него увек и једино
значај делотворне борбе за пр аве
интересе народа, за велике
идеале његове, за ослобођење народа
и омладине. И овога пута,
ми смо пошлп смером борбе за
праве интересе наших народа:
путем борбе против данашњег рата
и оних који упрежу све своје
силе да рат прошире, да у рат
увуку и све још незараћене народе.
Уздпгнута чела ми истпчемо
свој став. пптање
опредељења за рат овај данашњи,
плп против њега, питање је
на коме су све зверке показале
свој траг. Данас је постало јасно
да су све крилатице о слободи,
демократији, биле и остале само

лажпе фразе данашњих отвореннх
хушкача на рат. Не може се
бити за слободу и независност
народа Југославије, а истовремено
спремати увлачење земље у
рат за т у Ј) и нс к е освајачке интересе.
Не може се истовремено
говорити о »неутралности«, а радити
противу ње харангом против
најнскренијих поборника мира
и против најмоћније земље
ван пљачкашког опсега рата. Не
може се фразпрати о служби народу,а
стварно гаводити наратну
кланицу у којој он нема шта да
тражи. То су чињенице, које, по
сваку цену, хоће да прикрију повереници
овог пли оног зараћеног
блока, али које се не дају
сакрити, и које нећемо оставити
сакривене.
Из тог угла посматрана, на око
неполитичка и прожета пијететом,
приредба' »намеравана а не
одржана« добија сасвим други
значај, значај који нас је руководио
да поступимо онако како
је урађено. Када се томе дода да
је само два дана касније »намеравана«
и природба на којој су
господа Ћоровић и Иовак, ти непоправими
непријатељи студената
и Универзитета, имали да провоцирају
националну мржњу и
да харангпрају против Хрвата,
споразума и демократије, онда
је више него Јасно, да смо имали
права када смо »неодржануа приредбу
оценили као ратно-хушкачку,
и као увод у »намеравани«
низ приредаба слпчног противнародног
и противкултурног карактера.
Узгред изјављујемо да
ни пошто нећемо дозволити
да се говорница слободе, која
је то постала и остала нашом
заслугом, злоупотреби у циљеве
ратне пропаганде и пропаганде
братоубилачке мржње.
Агенти зараћених освајачамогу
да се закукуље билокаквим
кукуљицама, они Јесу и остају
само кукуљичари јуче једних,
данас других, али увек против
народа. Зар није дело части не
дати им да говоре? Како бисмо
могли 4 априла да комеморишемо
јуначку смрт Жарка Мариновића
да је г. Ћоровићу успело
да говори у физичкој сали?
Тим побудама,у пуном складу
са нашом борбом за мир и слободу,
руководпли су се београдски
студенти када су на провокације
одговорили отпором, када
су бранили част наше школе.

Страна 2

»Н А Ш СТУД Е Н Т«

Број 2Претплата на »Наш Студент«
Годишња 20 дин.
Полугодишња 10 дин.

Упоредно са покушајем злоупотребе
упиверзптетских просторија
у сврхе ненародне н неноштене,
покушалн су по злу познати
разбојници окупљени пекадоко
»Орнаса«, затнм око »Словенског
Југа« н данас око Љотићевог
»Збора« да изазову нереде
на Правном факултету. Онн
су, као што је познато, 30 новембра
»корпоратнвно« дошли на
Правнн факултет с очигледном
намером да провоцирају иереде,
агитујући за своју приредбу и за
г.Ћоровића, делећи некакве летке.
Поред тога бпли су паоружани
камама и гвозденпм иолугама.
У намери даочувају ред, студептп
су их уклопплп из учпоппце, а
оружане разбојнпке прпвелп факултетскпм
властима.
Све ове чпњенпце говоре о једном
иочетку спстоматпзпрапе п
комбиноване акцпје протпв студснтског
покрета м упиверзитетске
слободе, када сс, даљо имају
у впду и пзвеснп пспрмјатсљскп
ставови поједипих професора према
нашој мпрол.уопвој акцпји,
када се, поред тога, зна п за пздајнпчку
улогу поједпних студената
пз декретпраног влајнћевског
»Студентског клуба Демократске
странке«, онда нема нпкаквс
сумње да су свп непријатељскп
елементп, без обзпра на
декорацпје којима камуфлпрају
свој педсмократски п спој велпкосрпскп
п свој белпцпстнЧкп пазопп
став, на пстој лпнији: од
љотићеваца, дефрауданата до »демократа«.
Цео таЈ шљам који пеће
да се помпри са полмтиком
равноправности свих народа Југославије,
цео тај обзнаначки и
шестојануарски изрод, сва та хегемонистичка
влајићевштинапружила
је своју руку убицама Срзентића
и Марпповића. Студентскп
покрет ће знати да сачува
своје једпнство мимо п против ових
пздајника, водећи оорбу за
искрено Јединство свпх истински
демократских и мирољубивих студеиата.
Ова новостворена ситуација отвара
и нове перспектпве иагаег
покрета и наше борбе. Док на
једној страни падају образмне
непријатељских елсмената који
су хтелп да се прикажу »пријатељима«
студената, док из дана
у дан постаје јасно да има много
људи којп сарадњу нпсу схватили
пскреио п поштепо, п који
се сада спремају да се ставе у
отворему службу најцрње реакцпје
и имперпјалпста, који хоће
да пас увуку у ])ат, дотле па другој
странп прпсуствујемо једном
дивном уснону нашег студентског
покрста, једпом све ужурбанпјем
прмлажен.у свнх поштенпх
људп здравом Језгру Уједпп.опе
Студентске Омладпне. Уједињавати
студентске масе, васпитавати
их у духу борбе за
мир и слободу, у духу братства
са омладином свих народа
Југославије и целокупне
мирољубиве омладине Балкана,
подизати дух братства целокупног
младог нараштаја у
борби за срећу и права младих,
ево нових дужности у новој
ситуацији, дужности којима
ћемо одговоритн.
Иасупротзаверп целокупне реакцпје,
мп ћемо пстаћп снагу нашег
Једнмстпа п племенптост нашпх
побуда. Иа провокацпје ћсмо
одговарптп ппшеструкпм отпором,
бранићемо и одбранићемо
слободу и аутономију. Иајзад,
ваља пстаћп да ћемо на одвратне
инспнуације п клевете да
својпм антпратнпм ставом стојпмо
у службп Немачке, одговорпти
делпма, а не речнма. У тренуцима
када је требало да одр-

жнмо велики митинг протпв ратног
терора, поводом стрељан.а
чешких студената у Ирагу, нашп
непрпјатељп су испословалп
затварање Унпверзптета, п до те
приредбе није дошло. Уосталом,
свој став против иемачког пмперпјализма.
али и нротпв свих
имперпјалпзама, мп смо толпко
ватреио манпфестовали опда када
је Хитлер стварно претстављао
ударну несннцу реакцпје,
онда када су данашњп новопечени
«антп«фашисти слали своје
делегате у Нирнберг и поздрављали
се испруженом шаком. Мн
ћемо и даље воднти пајогорченпју
борбу протпв империјалистичког
рата, па н протнв немачког
пмперијалпзма, али нећемо
дозволитм нинакав вид ратног
хушкања. Народнма Југославпје
потребан је ммр, н мн ћемо нм
помоћи да га остваре против агената
зараћених табора.
Студентски покрет стоји
пред крупним задацима. Нао и
увек до сада, он ћс уједпњењем
својпх редова п борбом успетп
да одговорп својпм вслпкпм, племенитнм
дужностнма у корпст
омладине н народа.
Главу горе, студенти, корачамо
новим победама!

Саопштење Студентског демократског клуба
Омладини, свим омладинским групама и оргаинзацијама
ЦЕЛОКУПНОЈ ЈАВНОСТИ

Централни одбор омладине Демократске
странке ц вођство
странке нреко извршног одбора
објавили су 1-ХП-1939 у београдској
дпевној штампп саонштење
о суспендовању управе Студентског
демократског клуба и о искључењу
из странке Станка Џпнгалашевића,
нашег дугогодишњег
члана. Ова два одбора Демократске
странкена недемократски
начин декретом поставплп
су ма место суспендованс
унраве некакав »акцпонп одбор«,
коме је стављено у за-датак
да пзвршп нонован уппс чланова.
СтудентсЈш демократскн клуб
не прпма ове одлуке и пред јавиошћу,
пред омладином и свим
омладпискпм грунама п органпзацијама
протествује протпв њих.
Декретп неће онемогућпти Студ.
демократски клуб да настави са
својом борбом за иуну демократпју,
Пародни споразум, мпр п
права омладпне. У заједници са
свим осталпм студентскпм грунама
које сачпњавају Уједињену
студеитску омладпну ми, студентп
демократи иаставићемо са истом
одлучношћу досадаптњу борбу
за остварење захтепа народа
и омладпне.
Докретм Централног одбора омладпнеи
Извршногодборастранке
имају за цпљ да нанесу ударац
борбп студенатсЧ који данас
ио свпм основнпм питаЈБима заузпмају
став и воде борбу руковођенп
једино интересима народа
из кога еу поникли
Од постанка Уједињене студ.
омладине, од оног времепа када
је Студ. демократски клуб постао
стварно студентски, када се непосредно
повезао са студентским
масама и узео учешћа у њиховој
борби од тада су још извесни
реакционарни елементи из вођства
странке и Центр. одбора
омладине покушавали да спрече
оваиав рад нашега клуба. По тој
својој разбијачкој акцпји протпв
студентског покрета, они су постали
по злу познати у најширпм
редовпма студената. Централни
одбор омладине Демократ. странке
није ништа друго радпо него
то штоје правио сплетке против
акцпја студената и остале омла-

дине. Тај т. зв. Централни одбор
није се брннуо о томе како да
поведе омладпну у борбу за њена
права, како да ту омладину приведе
борби народа против реакције
и диктатуре, али је зато непрекидно
саботирао рад нас, студената
и омладинаца припадника
Демократске странке. Реакционарни
елементи из вођства стран*
ке и Централног одбора омладнне
поставили су себи за циљ да
разбију Студ. демократскп клуб,
ту још једину организацију, која
је имала услова да водм једну
стварну борбу.
Данас, не само ови елемеити
који су од почетка водилн радбнјачку
акцију нротпв студентског
и омладннског нокрета, већ п чптаво
вођство Демократске странке
препЈло јс у табор реакцпје.
У сукобу народа п његоппх угњетача
којп се заоштрио до максимума
услед овог нспародног
рата, вођство Демократске странке
стало је на страиу пароднпх
угњетача. Вођство Демократске
странке хоће и водп акцпју да и
Југославпја буде увучена у ратни
вртлог. Увлачење Југославпје у
рат у пнтересу је само онпма
који се плаше народме борбе п
који су протпвнп остварењу иароднпх
нрава и слобода. Вођство
Демократске страике пошло је
њпховпм путем. И ако се вођство
не пзјашњапа о овоме рату, п ако
оно скрива свој став, ипак његово
право ратно-хушкачко ' лпцс
сваког дана све се више открива.
То ратно-хушкачко лице реакцпонарног
вођства Демократ странке
открило се баш и последњим
насилним мерама унереним против
Студентског клуба.
Зашто је суспендована управа
клуба? То је пптање које ностављајусвн
демократски омладинци,
сва остала омладпна п широке
народне масе, ионосне досадашњом
борбом њима оданих студената.
У самом саопштењу Извршног
одбора страпке каже се: »У
везн са нрогласима које су последњих
дана издавали извесни
студентски клубови, иод општим
пмеиом Уједпњена студ. омладпна,
као и поводом извссепјх скоранш.пх
демонстрација са којима
Демократска странка не може да
се сложп, Извршип одбор је одлучпо
да се усвојп нредлог Централног
одбора омладпне« и т. д.
Дакле, демократска странка, унраво
њено реакционарно вођство,
не може да се сложи са
ставом Уједињене студ. омладине,
да је овај данашњи рат противнародни,
освајачки рат, са
стране оба зараћеиа блока, значн
реакционарно вођство Демократске
странке одобрава ратни
покољ у којн су гурнути народи
и њихова омладина за рачун шачице
богаташа и ратних шпекулаиата.
Ово реакционарио вођство
проглашава Даладјеа, претставннка
француских 500 богаташкпх
породпца, и Чемберлена,
претставнпка лондонског Ситија,
борцима за демократију и слободу.
Те људе који су омогућили
привремену победу генерала
франка и зарпли нож у леl>а
шпанском народу, који хушкају
јапанске милнтаристе против кинеског
народа, који су извршили
још читав нпз других злочина
нрема ствари демократије и слободе
малпх народа, те издајнике
и паликуће пз Минхена, те људе
који су за рачун својих ратних
планова бацнли у ропство Чехословачку
н са нама били спремни
то исто учинити, те људе ре-

акционари из Демократ. странке
сматрају ссојим воl)Ством. Нека
Чемберлен и Даладје буду њихови
вођи, реакционари из Демократске
странке и не заслужују
боље друштво, али ми нећемо па
ни под фирмом некаквих »демократских«
парола да пролијемо
ни кап крви за њихове пнтересе.
Студ. демократски клуб неће
да иде протнв интереса народа
и омладине ове земље, а основнп
је њихов интсрес, да не буду
увучени данас у рат. Зато је
Студ. демократски клуб, саглашавајући
се са жељама и нотребама
народа и омладнне најактнвније
суделовао у свнм студснтским
акцпјама иротнв рата п ратнпх
хушкама код нас. Одвојено
од народа, реакцпонарпо вођство
није се сагласпло са овпм нашим
акцијама, јер улаже све своје папоре
да Југославпја буде упучена
у рат на странп енглескпх п фрапцуских
пмперпјалиста. Ето, то је
правп разлог донетпх одлука, то
је нолитпчка позадпна ове последње
разбпјамке акције наших
»демократа«, којп данас нпсу нпшта
впшс него демократи на рсчпма,
а реакцпонарп на делу.
Онп хоће рат јер у рату впде
пут за очуван.е угњетачкнх позицпја
великосрнскпх хегемописта
у чијој се слунчби опи данас
налазе. У прогласпма и својпм
акцпјама Уједпњсна студентска
омладпна, па дакле п Студ. демократски
клуб, изјасмпла се за
проншрен.с п продубљоње споразума,
за пуну демократизацпју
земље, за равноправпост парода
п остварење захтева радних маса.
Реакцпонарно Демократске
странке не слаже се са
овмм ставом зато, што му је главиа
брига заштпта пнтереса онпх
којп су до дапас угњетавалп. Из
овога вођстпа бачепа је парола
»Србп на окуи«. Тако се реакцпопарп
из Демократске страпке
спре.мају и већ окупљају разпе
шестојануарске и хегемоппстпчке
ненрпјатеље парода. Они хоће
да српски народ подпгиу против
осталих парода наше земл,е.
Они воде такву великосрпску политпку
не зато што је та полптпка
у пнтсресу срнског парода,
већ зато што је оиа у мптересу
српске господе. Студ. демократски
клуб, новезан са иародом н
омладпном неће п не може да се
сложи са таквом иолнтпком. Студонтскп
демократскц клуб ће се
борити иротип такве политике.
Декрстпранп »Акцпони одбор«
има да послужи реакцпонарном
вођству Дем. странке за његову
ратнохушкачку и велпкосрпску
акцпју међу српском омладином.
Зато Студ. демократски клуб неће
да пма никакве везе са овим
одбором нпти са његовпм акцијама
већ напротпв клуб ће се борити
противу поручених хушкања
ове бедне группце бескичмењака
и сумњивих типова.
Поред свега овог што открива
реакционарни карактер одлука
воl)Ства странке н Цептралног одбора
омладине, у њиховим саопштењпма
пма одвратпих немстина.
Тако,
Ирво: ординарна јс лаж да је
Централни одбор омладине саслушао
већпну чланова Ст. дем.
клуба. Истина је само то да је
претседник клуба иосле издавања
прогласа уједињене студ. омладине
био позван у Централни
одбор на изјашњење, а тако исто
г. Божа ‘Марковић позвао је
на приватан разговор једног члана
управе клуба.

Број 2

»НАШ СТУДЕНТ«

Страна 3Друго, још већа је лаж да је
т.зв. »Акционм одбор« изабраи
од стране већпне члапова Студ.
дем. клуба. Људи којп чпне »Акцпонп
одбор« били су до сада
опозпција у Студ. дем. клубу, али
сасвим пезнатна. Кадајебирана
данашња управа клуба, та опознцпја,
тај бедни »акциони одбор«,
на кога се сада ослања вођство
Демократске странке, добио
је свега 5 гласова. Централни одбор
је и раније покушавао да
преко ове оиозиције обори управу
клуба, али наравно то је увек
било оез успеха. Зато је Централни
одбор и прибегао декретирању.
То није никакво чудо кад се
зна да у овом одбору седе људи
који су изабрани 1927 год. и од
којих ни један нема испод 35 година.
Декретирани »акциони одбор«
појавио се прво са изјавом којом
се ограђује од студентске акције
против намераване комеморације
адмиралу Гепрату. И то ова бедна
групица чини у име Студ. демократског
клуба. Они на то немају
права, јер не претстављају
Студ. дем. клуба, а осим тога всћина
чланова је учествовала у
овој акцији. Учествовали смо зато
што је ова комеморација требала
да послужи онима који Југославију,
исто као и ратни хукачи
из Демократске
странке, гурају у рат на страну
фракцуско-енглеске реакције.
Ми нпсмо смели дозволити
да се са нашег слободарског Универзитета
чују поклици у корист
данашњег пмперијалистичког
рата.
Бедници из »Акционог одбора«
и пре но што су се формирали
водили су акцију која пх је легитимисала
за данашњу њпхову
прљаву работу. Они су у име »југословенскпх
студената* послали
поздрав ратном паликућп Даладјеу.
Дакле опи су пошлп путем
свих оних бандитских групица на
нашем Универзитету, које су се,
ма да незнатне, претстављале као
репрезентативпа тела. Тим путем
су пошли и ови типови из »акционог
одбора«. Опи су поздравили
Даладјеа зато што је гурнуо
француски народ и француску
омладину у ратни покољ. Ти »југословенски
студенти« нису нико
други него бескичмењаци из «акционог
одбора« који су у исто
време доушници претставника
француске реакције у нашој земљи,
тако исто штићеници великосрпског
»културног« клуба, достављачи
и мезимци познатог »демократе«
Боке Влајића и њему
сличних у Демократској странци.
Поред свих тих прљавштина прсећи
се својим југословенством,
претстављајући се као некакви
југословенски студенти, они су
дошли на линију плаћеника и убпца
пз пекадашњег »Орнаса« и
даиашњег Љотићевог »Збора« и
«Словенског југа«.
Исто као што не прпзнајемо
суспендовање управе, тако псто
не признајемо искључење Станка
Џпнгалашсвића. Он ће и даље
остати члан Студ. дем. клуба.
Његов рад није бно штетан по
интересе демократије. Ако је био
штетан реакционарном вођству
Дем. странке, то нс значи да је
био штетап Студ. дем. .клубу.
Као штосмо на почетку рекли,
реакционарне одлуке и декрети
неће моћи да спрече акцију Студ.
дем. клуба. Студ.дем. клуб ће и
даље у заједнмци и једпнствено
са свим студентским групама пз
Уједињенс студ. омладине водити
борбу: за мнр, против нмперијалистпчког
рата, за проширење
и продубљење споразума, против
великосрпских хегемониста,
за права и бољи живот омладине.
Студ. демократски клуб ће водити
ову борбу до краја, против свих
који стоје на путу њеног успеха,
па и против реакционарног во! г
ства Демократске странке и ње-

гових трабаната. Њихово онемогућавање
и раскринкавање код
омладине и народа сматрамо својим
специјалним задатком.
СтуАlНтскп двмовратсрп
клуО.

Помогнимо шпанским добровољцима
из Југославије
Спасимо животе нашим друговима

Већ десет месеци дпка и попос
наших народа, дивови са Ебра и
Гвадалахаре, неустрашиви борци
за слободу, за светски мир и напредак,
чаме по концентрационим
логоримау Француској и Бургосу.
Хероји из бесмртне народне шпанске
војске десет месеци проводе
мукотрпне дане под најгорим условима.безнајнеопходнијихсрет-
става за живот, без хране, без
одела, изложени сваковрсном шиканирању
власти. Већ десет месеци
врше се нечувени злочини
и неправде према онима, који су
својом пожртвованом борбом, бранећи
слободу и незавпсност Шпаније
од најезде међународног империјализма,
бранили највећа блага
човечанства, бранили мир, слободу
и културу, бранили дсмократиlу
целога света, ти велики борци
таворс своје тешке дане иза
бодљикавих жпца и по мрачним
и влажним казаматима. ПрекоЗбО
наших најбољих другова, најбољих
синова које су наше земље
дале, данас немају шта да једу,
немају одела, њпхова судбина је
неизвесна. Преко 350 наших најмилијих
очекује нашу другарску,
братску подршку, очекују нашу
помоћ.
Наши друговн траже номоћ!
Иашим друговима живот је у
опасносности и траже да их помогнемо!
Од 10 до 15 фебруара ове године
наш студентски покрст прикупио
је око'6o.ooo дин. Од 10 —15
фебруара студенти нашег Уииверзитета
показали су впсоки степен
развијене свести о другарству,
о солидарности, о хуманости.
И данас, не само да ћемо заложити
све наше снаге да омогућимо
повратак нашим друговима,
не само да ћемо тражити да их
поново видимо ме!)у нама, да се
скине та срамна забрана Стојадиновић-Корошчевог
режима, већ
треба да им пружимо пуну мате-

ријалну подршку, треба да им
омогућимо да издрже тешке дапе
Даладјеове реакције.
Другови и Другарице!
Данас наше другове терају на
присплан рад, данас у хладним,
зимским данкма наши другови
немају одела, данас наши другови
немају хлеба!
Наши другови гладују!
Нашим друговима је потребна
хитна помоћ и ми им морамо помоћи!
Од првог до десетог децембра
водићемо сабирну акцпју. Од 1-10
децембра ми морамо и ми ћемо
жртвовати сваки наш динар,
ми ћемо се лишити свих наших
задовољстава, од 1-10 ми ћемо
дати све од себе за помоћ нашим
друговима добровољцима.
Од I—lo ми ћемо поново показатп
да је живот наших другова наша
највећа светиња, показаћемо да
не постоји та спла, да не постоји
та уредба, која 6и нас могла спречити
да помогнемо наше другове,
показаћемо да смо достојни наследници
оних великих и светлих
имена, који су приложпли своје
младе животе за опште добро целог
света, чпја тела почивају у
сенци славе далеко иза Пиринеја
на Ибериском полуострву.
Другови н другарнцО
Већ је почело велико међу-факултетско
такмичење у сабирној
акцији за помоћ нашим друговима
добровољцима!
Пека не буде ни једног студента,
који пеће од 1 —lO децембра дати
све од себе, прилажући своје највеће
жртве!
Нека од I—lo наш велики и
моћни покрет поново каже своју
реч!
Спремајмо се, јер то траже наши
друговп, то траже њихови
животи!
Студентска правиа заштита
и Студентско Удружење за мир

Промукли гпас »Српског Гласа«

Процветао је још један цвет
великосрпског шовпнизма, поникао
у нашем тмуром културнополитичком
поднебљу.
„Дошло је време да се чује,
чист српски глас.... да св чуЈе,
српски глас слободан од свих
страних теорија и партиских предубеђења
да би јако Српство могло
да прожме Југославију својим
борбеним духом и да је преда
као аманет будућим поколењима.
Узиицати нећемо и неможемо...
У Југославији су Срби најбројниЈи
и имају највнше државног искуства...
Ми већ видимо нове генерацвје
које стасају, које ће у
друштву стариЈих и искуснијих
свима показати да тек сад долазе
прави Србн.
„Ми ћемо само у једном бити
бескомпромисни да тражимо да
се у свакои Јавном послу врши
одабира&е вођа на боље, јер верујемо
да само прави људи и
прави вођи могу да изведу народ
и државу на прави пут, да
Српству и Југославнји осигурају
свестрани напредак“.
~...не треба пасти у другу погрешку,
па мислити да Је свака
одбрана државног једииства опасна
за аутономију“. ~И ми мислимо
да Је окупљање Срба потребно**.
~Орби устају зато што су свесин
да су они не саио гдавни
творци Југославије, него и данас
главна снага њена, и што осећају
да су данас кад их нико ни
за шта не пита, државн поребнији
него нкад.
„Српски Гмс* (I ш 111 oро|).
Ето вам неколико листпћа са

овог најновијег Цветића, којим се
кити једна група вајних српских
интелектуалаца и забринутих српских
патриота. Нама нису непознате
ове мисли, које кипте надутошћу,
шовинизмом и мржњом.
Ово је само друго издање оне омрзнуте
идеологије интегралног
југословенства, у име које се ево
више од двадесет година владало
и угњетавало све несрпске народе
у Југославији а од чега је трпио
и сам српски народ. Па кад
је та идеја банкротирала, кад су
пробуђени народи раздрмали окове
диктатуре и хегемоније, сад
се приступа другпм методама и
срествпм-а да би се очувале позиције,
све у име тобож угроженог
»Српства«. То певање славопојки
и уздпзање Српства и непризнавање
другоме никаквихзаслуга,
само је жалостан доказ
тога у какву су заслепљеност палп
ови несреЈши и заостали српски
интелектуалци, проповедници
нацпоналпе мржње и угњетавања.
»Српски Глас«, тај последњи
производ њиховог духа, сведочи
о томе, како се може изневерити
мисија културе, за коју се они
бусају у прса (Српски »културни«
клуб) и како се кукавно мозак
може ставпти у службу мрачних
сила реакције п потлачивања.
Данас када Хрватски народ и
други народи Југославпје почињу
кроз демократску борбу да остварују
своју слободу после дугих
година тешких и крвавих напора,

мрачне силе реакције и све протпвпародне
клине, осе Кају се угрожене
п траже да се заустави
вал народпе борбе. П сада су се
у име напаћеног српског народа
ухватпли за угрожено Српство. И
~Српски Глас“ впче, виче до промуклости!..
~Ми већ впдимо нове
генерације које стасају“ н које
ће пт. д. Господа око ~Српског
Гласа“, уображавају да већ постоје
неке генерације које чују
њихов глас, које ће поћи за њиме.
Онп ваљда мпсле на савремене
омладинске генерације, они чак
имају и некакву ~Омладину Српског
Културног Клуба“. Ми који
живимо међу омладином, не познајемо
такву омладпну. Ако им
је сва омладпна оно неколико
шупљоглавца који се тамо купе
и са закашњењем од сто година
проповедају некакве идеје и некакав
нацпопалпзам, онда нека
им је алал! Ако им је та ~нова
геперацпја“ једап Андрић, којп
је већ био члан разбојнпчке Љотпћеве
дружпне, п једап М. Драшковпћ
кбји је од мајчиног млека
васпитан у обзнанашком духу, и
један Комадпнпћ, који пеовлашћено
у име све наше омладине
шаље поздраве господпну Даладје-у,
и један Деврња, који је бпо
уредник фашпстичких, разбијачких,
и ~орнас и -овских »Студентскихновина«,
акоим је то та омладпна,
онда нека им је на част!
Виче ~Српски Глас“, позива
на окуп. Али њиховом гласу неће
се одазвати нико поштен. Српски
народ остаће глув за њихове позпве,
јер његов пут није пут те
господе, већ пут заједничке борбе
свих иарода за слободу, мир н
демократију. Омладина неће чути
њихов глас, јер и она има свој
пут: пут братске сарадње омладине
свих народа, пут борбе на
страни свога народа за срећнију
будућност свих.
Виче ~Српски Глас“ до промуклости,
али њихов глас остаје...
глас вапијућег у пустињи!
П. Р.

Преглед штампе...

«Илада култ|Р* и У последњем
броју (5) доноси интересантне
чланке: «0 апсолутној и релативној
истини«, »Светозар Милетић«
од Н. Петровића, «Нешто о поезији
омладинаца« од А. Хума,
»Лудвиг Рен«, одломке из романа
Барбиса и Рена, затим песме
М. Лалића, М. Дорословца, Д. Костића
и Ж. Милојевића. На крају
оу прикази и белешке о књижевности
и културним појавама.
Претплата, год. 40 дин. Редакција
и администрацпја, Београд,
Цара Лазара 11/1.

...и „штампе“

»Српски Глас« бр. 3 Изашао
је први број овог велико-српског
хегемонистичког, антинародног,
антиомладинског, ратно-хушкачког
п најзад, антпсрпског ~Гласа“,
у коме је изложена на продају
сва бофл роба и то
само за један динар! Његови
сарадници, иначе, бију сви од
реда у шовинистички бубањ, уз
дириговање познатог капелмајтора
српске реакције, Сиве Еминенцпје
Драгише Васића, београдског
адвоката и негдашњег
књижевника.
Дакле, сваког четвртка може
се купити тазе валикосрпски
}>еврек, кога, иначе, необавештени
колпортери назпвају некаквим
~Српским Гласом 44 .

Читајте и ширите
»НАШ СТУДЕНТ«
»МЛАДУ КУЛТУРУ«

Страна 4

Власник и уредник Душан Костић, студ. филоаофиЈе Цара Лазара И Београд. Штампарија „Светлост" Вукашина Јаковљевића Крагујевац.

»НАШ СТУДВНТи

Број 2
  </body>
 </text>
</TEI>