<TEI version="3.3.0" xmlns="http://www.tei-c.org/ns/1.0">
 <teiHeader>
  <fileDesc>
   <titleStmt>
    <title>The shortest TEI Document Imaginable</title>
   </titleStmt>
   <publicationStmt>
    <p>First published as part of TEI P2, this is the P5
         version using a namespace.</p>
   </publicationStmt>
   <sourceDesc>
    <p>No source: this is an original work.</p>
   </sourceDesc>
  </fileDesc>
 </teiHeader>
 <text>
  <body>
   <p>This is about the shortest TEI document imaginable.</p>
  </body>
 </text>
  <text>
  <body>
Београдски Студент

20 август 1939

ЦЕНА 1 ДИН

ВАНРЕДНИ ВРО|

Орган стручних, економских, културних и спортских удруже&а
на Београдском универзитету

УМРО ЈЕ НАШ РЕКТОР

Тужна вест о смрти нашег
ректора брзо се пронела широм
целе земле и доспела до
сваког студента, ма где се он
налазио. Чули су ту вест и
занемили од жалости студенти
по својим селима и паланкома,
студенти по студент•
ским летовалиштимо, и они
по свету, ван граница нате домовине.
Чули су је и*они у Београду
који су и преко лета
остали овде и похитали у
аулу правног факултета. Та
аула, која је преко лета ту
жно пуста и празна, и каја је
за ових последњих десетак година
много видела и чула брзо
је била пуна студената, али
ретко кад нас је видела тако
ћутљиве и тако тужне тако
нам је ваљда било само за оних
на/црњих дана студентског
покрета, када су нас погађали
најтежи ударци, {у доба Вишеграда,
у доба оних тешких,
али и победоносних штрај•
НОда, када су падалб драгоцене
студенске жртве).
Опет је студенте београдског
Универзитета погодио тежак
ударац. Велика је наша
жалост. 3\/1и је не кријемо.
велико смо добро изгубили. ЧјСзгубили
смо великог пријатеља
омладине, изгубили смо јеуног
од највећих додротвора и заштитника
студентских од како
постоји Универзитат и студенти.
Скоро сви највеки успе•
си које је студентски покрет
својом борбом постигао, везани
су за име нашег Фекшора д ра
Драгослави Јовановика. ЗМи,
студенти београдског Универзи •
тета ионосни смо на свој мокни
студентски покрет, срекни
смо што смо доживели да све
што је поштено схвата и одобрава
нашу борбу за добро
омладине и народа, али мало
нас је ко, у нашим најтежим
данима, тако разумео, мало нас
је ко тако срдачно помагао као
наш УВектор.
Живот нас студената ниЈе
ни данас лак, али је пре три
године био много тежи. За ове
три године сарадње Универзитетских
власти, професора и
студената, остварен је читав
низ олакшица, подигнуте су
драгоцене студентске установе,
данули смо душом. По први
пут могли смо мало разведрити
чела\ могли смо се више посветити
школи и науци. у
ту дивну зграду нашег бољег
живота сву љубав за омладину,
све своје снаге, своје послед
ње године живота узидао је
новек кога оплакујемо. 31а ка
ко нам је онда, помирити се
с помишљу да тог несебичног
прегаоца за добро школе и сту
дената нема више. ЗКе можемо
лако да се помиримо стим
да га никад више некемо видети
и срести на Универзитету,
међу нама, на нашим студентским
приредбама, да никад више
некемо чути његове присне

родителске реии у да никада неКемо
више оСетити топли>
пријателски стисак руке.
Било је нажалост, много руку
које су нас шибале, па су
нам , тим више за срџе прирасле,
руке које су нас помиловале.
А миловале су нас добротом
руке човека који нас је
увек задивљавао својом саие *
сношку, истинолубивошКу, слободоумљем
љубављу за народ и
омладину, и тако нас је својим
примером учио какви и ми треба
да будемо кроз уео живот.
д(ада смо ми, свесни опасности
која нашој домовини прети,
дигли свој глас у одбрану
земље, кад смо се зарекли да
недамо земље наше да је газе
варвари, наш Ректор нам је као
аскрени родољуб послао поздрав
и поруку да кемо јуначки бранити
земљу и слободу народну.
ЗЕуђе слуге у нашој земљи да
и њега нападају и клеветају
само зато што је био против
ропста, а за слободу, што није
био за тукина него за свој
народ. И у колико су га више
ти плаКениуи, као и нос, коо
и све друге који нису зато да
за Јцдане сребрњаке земљу и
народ силницима издајемо
нападали, у толико смо га ми
све више волели, јер смо тадо
знали да смо на правом путу
И слцшали смо га и веровали
смо му и никада се зато нисмо
покајали.
Много има Универзитета на
свету , али нема их много као

што је београдски, мало их је
коЈи су потпуно народни и
потпуно слободни. И ми томе
тежимо. Али смо постигли
толико да мало има Универзитета
који су и толико народни
као што је наш. Мало их
је где ]е постигнута толика
блискост измеЈЈу професора и
студената као што је код нас,
мало има рекп ора које воле н>и •
хова сшуденти, као штосмо ми
волели свога Ректора. ЗКо је
постигнуио нашим сшуденшскиим
прегнукима и несебичном
помоку свих народних снагасвих
народних људи, таквих народних
људи какав јебионашРектор.
Дух који је он својим доласком
унео на наш универзитет
јесше дух оне симболичне
историске изреке коју је он упошребио
да изрази своју масао
упукену нама сшудентима:
»Ерриг «! тиоув!* Та реченицаје
борбено гесло науке против незнања,
напретка против назадњаштва,
исшине поотив лажи,
слободе прошив ропства, његов
дух, то је онај дух који веје из
наше Словенске химне: „...Залуд
прети понор пакла, залуд
ватра грома... и
Вечна ке остати упомена
на нашега Ректора нашег великог
учишеља и добротвора, међу
нама и свим бидуким генераџијама
студената.
Жајбоље кемо сачувати успомену
на њега ако одржимо
његов дух на нашој школи,
то кемо и учинити.

Др. Драгослав Јовановић рођен
јс у Београду 1886 године.
Гимназију и Правни факултет
завршио ]е у Београду где
]е и докторирао.
Неко време ратних година
провео ]е на Париском правном
факултету док ]е други
део тога времена провео као
тумач при француско] војној
мисији.
После завршетка студи]а провео
]е четири године у чиновничкој
струци; све до 1923 године
када ]е постављен за ванредног
професора јавног права
на Правном факултету у Београду.
1930 године постављен
је за редовног професора Београдског
Универзитета.
Научни рад Др. Драгослава
Јовановића, поред сарадње у
разним правничким публикаци-

јама, учешћа у доношењу универзитетских
уредаба и закона,
обележен је и двема књигама:
„Појам закона“ и „Доношење
закона" од којих је прва била
његова докторска дисертација.
Др. Јовановић се истакао и
као јавни радник. Био је оснивач
и дугогодишњи претСедник
Кредитне задруге универзитетних
наставника као и члан управе
Удружења универзитетских
наставника, у задње време
и његов потпредседник. 1936
године изабран је за ректора
Београдског универзитета. Долазак
покојног Јовановића на
положај ректора омогућио је
сређивање изузетнотешкихприлика
на Универзитету. Његов
користан рад учинио је да буде
поново изабран за ректора
11938 огдине.

Др. М. Новаковнћ

ЛИЧНОСТ ПОКОЈНОГ РЕКТОРА

Београаски Универзитет је
изгубио у Драгославу Јовановићу
свог одличног професора
и једног од својих најбољих
ректора.
Драгослав Јовановић се одликовао
љубављу ка науци, љубављу
ка школи, ретком вредношћу,
ретком савесношћу и
објективношћу, и те његове
врлине чине да још теже осећамо
његову смрт.
У правној науци је тражио
објективну истину и у својим савесно
спремљеним предавањима
трудио се да слушаоцима што
јасније и што рељефније претстави
закључке до којих је у
свом научном раду дошао. У
школи је увек и стално имао
пред очима интересе Универзнтета
и кад год ]с »усбло ра->
дити на разним школским питањима
и решавати их, није
жалио ни труда ни времена.
Да напоменем само колико је
труда уложио у изради Опште
уредбе Универзитета. Залагао
се за школски рад и ред не
јсамо у границама своје моћи
него, данас морамо рећи: на
жалост, преко тих граница.
А када се тицало студентских
питања, стварања повољнијих
1 услова за студентски живот и
рад, биоје ненадмашан у свом
стрпљењу, истрајности, увиђавности
и разумевању студентске
душе.
Он је у свако питање улазио
до танчина докле га није потпуно
аналисао и размишљајући
о њему, нашао му најповољније
решење. Нарочито у материјално
питање студената, које
је од првокласне важности пошто
до његовог решења зависи
и успех у школи, нарочито се
у то питање наш драги ректор
унео био.сав, свестан да ти-

ме помаже и студентима и школи.
Сећам се оних дана када
смо га први пут изабрали. Атмосфера
је била толико наелектрисана
да су многи веровали
да је ситуација безиЈЈлазна, да
мора и даље бити и сукоба и
нереда. Тврдило се да је једини
лек затварање Универзитета
за дуго време. Али када је нови
ректор примио своју дужност,
настало је оно чему смо
се неколицина нас надали, али
у што многи нису веровали.
Отворене су одмах широм капије
Укиверзитета дотле затворене
и место наговештаваних
нових немира, свуда је почео
владати мир, ред и рад, и
без универзитетске полиције, и
можда баш зато што није више
било ње. Својим урођеним
Јовановић је постигао оно што
драконске мере не би никад
постигле.
Драгослав Јовановић је подлегао
својој болести зато што
му његова вблика савесност није
дозвољавала да своју дужност
ма и најмање занемари, па
је по цену свога здравља сјајно
вршио дужност, извршио је
али је и пао. Он је пао у раду
на унапређењу Универзитета и
бранећи се од лажи, и зависти,
интрига, ситничарства пао је у
борби, као војник на бојном
пољу. Пао је и оставио нам
само један светао пример преданости
науци и школи.
Живот је пролазан а дела
остају. И кад не буде било у
животу више ни једнога од нас
који можемо и који хоћемо да
очувамо личну успомену на покојника,
остаће његова дела да
онима који буду дошли после
нас покажу ко је и шта је био
Драгослав Јовановић.
Нека му је слава!ТРИ ГОДИНЕ
РЕДА И РАДА

Др. Драгослав Јовановић дошао
је за ректора у изузетно
тешким приликама.
Двадесетпетодневни штрајк
престао је и сада је на Универзитету
требало успоставити један
период реда и сарадње,
исговремено ликвидирајући дотадашњи
противстудентски и
противкултурни курс, који је ишао
за разбијањем јединства
студентске омладине и докидањем
аутономије Универзитета.
И заиста, студенти су заједно
са својим Ректором и својим
професорима прегли на посао.
Симптом новога сгања
успостављеног на Универзитету
доласком за ректора Др.
Драгослава Јовановића били су
избори за Удружење студена
та правника, маја месеца 1936
године, чија је управа дошла
у руке демократски оријентисаних
студената. И остала стручна
и друга удружења активизирана
су. Студенти су показали
своју зрелост и своју
спремнаст да раде на културном
и научном пољу исто као
што су раније знали да преко
барикада својим голим животима
бране и одбране слободу
науке и аутономију Универзитета
од противкултурних сила.
ИзборизаСтудентско правничко
друштво значајни су не
само као завршетак једног несрећног
стања на Универзитету
кроз који се студентски
покрет формирао, већ и по томе
што се на овим изборима
манифестује јединство све демократске
и антифашистичке
етудентске омладине на бази
заједничких захтева. Наш студентски
покрет поред дотадашњих
веза са хрватском и словеначком
студентском омладином,
проширио је своје везе
и на омладину других земаља.
Септембра месеца 1936 године
одржава се у Женеви Први
светски омладински конгрес.
Наш студентски покрет прихвагио
је идеје овога конгреса.
Студентске организације активно
су учествовале у припремама
за конгрес и послао су
своје делегате у Женеву. Студенти
појачавају пацифистичку
борбу која се одвија на <sази
реалних захтева.
Покушаји који су ишли за
тим да се и даље напада на
аутономију УниверзЈпета незаконитим
постављењем три професора
ветеринарскогфакултета
наишли :у на једнодушан
отпор професора и студената.
Тако да је и овај покушај захваљујући
присној сарадњиизмеђу
професора и студената
пропао и показао је да непријатељи
слободне науке, кад су
у питању њихови мрачни планови,
не прежу ни од тога да
ударе и по трудбеницима науке,
по нашим професорима.
У идућој школској години
Акциониодбор сгручних студентских
удружења у сарадњи са
ректором и г. г. професорима
приступа решењу горућих студентских
питања. Завршава се
градња Дома студенткиња и
управу над њим преузима Удружење
студенткиња. Процес
организовања студентског покрета
довршава се посебном
организацијом и ценгрализовањем
активности на разним секторима
студентске борбе. Поред
Акционског одбора, који
је даље остао главно репрезентативно
тело студентског покрета,
формира се Одбор сгудентских
економских организа
ција, Културни одбор студент
ских удружењз и Студентски
мировни одбор.

Одбор студентских економских
организација концретисао
је напоре студенага за поправку
тешког економског положаја.
При овом одбору формиран
је Централни еконммат студентских
менза и домова са задат
ком да по јевтиној цени набавља
потребне намирнице. Ти
ме је тежак положај сиромашних
студената, који чине веНину
студената нашег Универзитета,
знатно поправљен. Али
најзначајнији напора
овога времена за поправку економског
положаја студената
преставља свакако оснивање
Потпорног удружења. Потпорно
удружење, створено као
резултат серадње професора
и студената значио је велику
добит са студенте, јер је
својим позајмицама олакшао у
великој мери студирања, а потпором
коју указује мензама помаже
им да одговоре своме задатку.
Већи део суме резервног
фонда овог Удружења послужио
је за грађење модерне
Централне академске трпезе. У
Одбору економских организација
посебну улогу имало је
Удружење студената против туберкулозе,
које је својом новчаном
помоћу притицало у помоћ
многим болесним студен
тима, чији је проценат на на
шем Универзигету велики.
Културни одбор сгудентских
удружења повео је интензивну
и планску акцију за културно
и научно подизање студентских
маса. Редовно су приређиване
књижевне, културне и забавне
вечери. Оуденти су правилно
схватили да треба да се ставс
у службу одбране културе и,
ослањајући се на најбоље традиције
културне прошлости народа,
наставе рад на ствлрању
и напређивању културе. Студенти
су схватили ла треба да
освоје науку да, се оспособе на
стручном пољу и да се припреме
за своју корисну служ
бу народу. У то доба пада оснивање
Дебатног клуба на Правном
факултету и оснивање дебатних
клубова на другим факултетима,
који су имали за
сврху да послуже студентима
на оспособљавању и продубљивању
научних и социјално политичких
проблема.
Важан догађај у развитку нашег
студентског покрета било
је покретања „Студента“, студентског
гласила, органа свих
наших стручних, економских,
културних и спортских удружења.
„Студент" (покренут а
прила месеца 1937 године) постао
је важно сретство наше
борбе за остварање студентских
захтева и права, израз наших
иницијативз, облик руковођења
акцијама и једна од уједи
њујућих снага нашег покрета,
Покретање нашег часописа
„Млада култура" значило је један
корак даље у правцу стваралачких
напора студената за
освајањем и стварањем културе.
Студентски мировни олбор
постао је руководеће тело једног,
за данашње вр*ме специјално
важног сектора студентске
активности. Борба за мир,
за мир у части и достојанству,
постала је саставним и нераздовојним
делом борбе за студентска
права и захтеве, за
права целе младе генерације.
Преко студентског Мировног
одбора, наш студентски покрет
био је учлањен у Београдски
омладински мировни одбор и
тако се ставио у слсжбу борбе
за остварење прана целе омладине
и развијање Општег омла
динског покрета. Наш Миров-

ни одбор (који се доцније претворио
у Удружење за лигу народа
и светски мир) провео је
низ успешних акција на пољу
одбране мира и очувања сло
боде народа.
На организовању студентског
спорга уложили су се такође
велики напори. Основан је Београдски
студентски спортски
клуб. Од излетништва,спортски
рад се проширује и на остале
спортске дисциплине. Организовање
студентских излета, такмичења
и спортске приредбе
све се више повећавају. Спорт
и забава постају саставни део
студентског живота.
Значајан резултат напора студената
и универзитетских власти
било је смањење школарине.
Донешен је нов систем по коме
студенти, који плаћају непосредног
пореза испод 800
динара, ослобађају се школарине,
а изнад 800 дин. плаћају
сразмерно. Осим тога смањене
су уписнине, испитне и
лабораторијске таксе. Том сарадњом
такође су донешене
нове факултетске уредбе, које
су и ако не у потпуности, одговарале
потребама студената
за лакше студирање.
Тако је период пок. Др. Дра
гослава Јовановића обележек
видним успесима на свим пољима
студентске и универзитетске
делатности. За ово време
врши се, паралелно са постизањем
ових успеха, уједињење
најширих слојева студентске
омладине. Студентски покрет
добио је своје пуне организационе
форме. Политички свесни
део стуДепства, Уједињена
студентска омладина, подупирана
од најширих слојева студената,
провела је више акција
које су ишле за тим да помогну
народну борбу за остварење
Народног споразума и за
успоставу народних демократских
слобода.
Чврсто постигнуто јединство
студената омогућило је да се,
уз подршку професорг и целокупне
јавности, одбије неколико
дрских покушаја за укидање
аутономије Универзитета.
Тим покушајима нису помогле
ни плаћене разбојничке банде
које су са оружјем нападале на
голоруке студенте, ни дрска
подметања и лажи која су се
протурала у јавности против
нашег Ректора, против Универзитета
и против студената. И
поред свих прогањања, хапшења,
пребијања и осуђивања
(у којим случајевима нам је покојни
Ректор, увиђајући оправданост
нашег поштеног рада,
увек био на помоћи и увек на
нашој страни), студенти су увек
на крају односили часну победу,
непријатељи слободне науке
су тучени и у свим случајевима
спашавана је част и слобода
нашег Универзитета.
Тако видни успеси и тако
срећно јачање и развијање нашег
јединства и нашег студент
ског покрета нашлонасје спремне
за велике задатке које је
данас пред нас поставила исто
рија. Пред опасностима које
прете нашим народима и не
зависиости наше државе ми смо
удвосгру ченим снагама појачали
наш рад. Ми хоћемо да све
наше снаге, сву нашу младост,
сав наш студентски покрет ставимо
V службу народа и њеј
гове одбране. Ми хоћемо да
I појачамо и убрзамо уједињење
1 целокупне омладине, свих њечих
редова, како би створили
• једну моћну силу која Не се
ставити на страну одбрлне народа
од агресије. Ми мрзимо

ропство, и нећемо да наша мла>
дост труне по концентрационим
логорима и рововима туђина.
Студентски покрет Београдског
Универзитета има данас
шта да стави у службу свога
народа. Да је то тако заслуга
је и нашег покојног ректора
Др. Драгослава Јовановића!
И данас, када се Београдски
Универзитет налази пред избором
новог Ректора, свакоме треба
да буде јасно да ће сваки
покушај против настављања вођења
политике нашег покојног
Ректора имати против себе и
читав огромни и непобедиви
Стулентски покрет.

УСПОМЕНЕ
НАШ РЕКТОР И МИ

Ми смо за читаво време ректорОвњаа
били у сталнОм кон
такту са нашим ректором. И на
самртничкој постељи у клиници
Игњатовског, када услед тешког
стања његове болести није
било могуће да му иде у посету
више студената, дежурни
члан Удружења медицинара,
свакодневно га је обилазио и
распитивао се о његовом здрављу.
Због тако уске везе са нашим
Ректором, на нршем Универзитету,
није било питања
које је задирало у студ. покрет
а да га пок. Ректор није
познавао. А он је за добро
студената био не само на речима
него и на делу.

Када су маја 1937 наш студентски
покрет и Аутономија
Универзитета поново преживљавали
најтеже тренутке, најогорченији
непријатељи студентског
покрета покушали су да
приволе и нашег Ректора да
толерише такав противзаконити
упад на технички факултет.
Али горко су се преварили.
На ректорском положају
налазио се наш Ректор
који им је Дао одговор пун
части и достојанства, одговор
којим се може подичити сваки
прави родољуб и пријатељ слободе
науке: „На Универзитет
можете ући само против моје
воље, само силом*.

Док је наш Ректор својим
несебичним и пожртвованим
радом стекао огромне симпатије
свег студентства и целокупне
поштене јавности, дотле
је он због тога и таквог рада
постао трн у оку свима пријатељима
мрака и назадка. Та
мржња према нашем Ректору
више пута је отишла тако далеко
да му се у неколико маха
и директно претило. Али он
је и тада остајао миран.и свестан
својих великих дужности
рекао је групи студентских
претставика који су били забринути
за његову личност: „Ја
знам шта радим и зашто радим.
Најгоре што они могу направити
то је да ме убију. Нек
изволе ја их у томе не могу
спречити".

Пред велику Омладинску академију
коју је организовао
Радни одбор омладинских организација,
за одбрану земље,
после разговора са аудентским
делегатима о текстовима
говора на Академији, изразио
је своју бојазан да неки незгодни
повици не би изазвали неки
нежељени догађај Кад су му
студенти рекли да они гарантују
да ће битиред.он се дигао и пружајући
рVку на растанку рекао
је само ово: „Ви сте увек одржали
реч, ја нећу ла дискутујем
о обећањима поштених л>уди“.
Изјаве саучешћа

Овде доносимо известан број
депеша које су у великом броју
стигле удови пок. Ректора,
и Акционом одбору:
Р. М. Е. Париз 24 јула 1939 год.
Акционом одбору студената,
Драге колеге,
Изражавамо наше искрено
жаљење због губитка вашег
цењеног ректора.
Убеђени смо да је овим човеком
наука изгубила једног
од најбољих службеника и браниоца
због тога смо тако тужни
и жалосни и молимо вас да
верујете у нашу искрену симпатију
и саучествовање.
Н. Ј, Клугман
секретар

Ви изгубисте мужа а ми студенти
из економских организација
добротвора и великог
пријатеља. Придружујемо се
Вашем болу и изјављујемо дубоко
саучешће.
Економски одбор
студентских организација

Болно изненађени немилом
вијешћу о смрти нашег љубљеног
и племенитог ректора упуНујемо
Вам изразе најтоплијег
сауНешћа.
Студенткњиње и студенти
Шибеника

Дубоко потресени раним и
изненадним губитком великог
научника, родољуба, племенитог
човека драгог нам ректора
истинског пријатеља и заштитника
учествујемо са Вама у заједничком
болу.
Студенти Крагујевца
и околине

Дирнути дубоким болом за
нашим драгим ректором великим
пријатељем студентске омладине
нежним мужем и добрим
оцем примите госпођо
наше искрено саучешће,
Удружење студената права

Студенти и студенткиње бео*
градског Универзитета на ле*
товању у колонији студентског
летовалишног савеза у Петровцу
на мору шаљу Вам са комеморације
приређене поводом
смрти нашег доброг ректора изразе
најтоплијег саћешћа и придружујемо
се вашем болу због
тешког губитка који је погодно
не само за Вас и студенте него
и читаву омладину. Слава
Драгославу Јовановићу.
Студентски летовалишни савез.

Искрено учествујемо у заједничкој
жалости за нашим драгим
ректором.
Студенти Пећи и околине

Губитком Вашег супруга,нашег
драгог ректора, дубоко
смо ожалошћене и најискреније
се придружујемо вашем ве*
ликом болу.
Удружење сгуденткиња

У болу који Вас је задесио
саосећамо и ми сгудентска омладина
из Старог Бечеја.
Академски клуб

Чувши за смрт нашег омиљеног
ректора хитамо да Вам
изразимо најискреније саучеш*
Не у болу којиЈе задесио и
читјв Универзитет и нашу земљу
ми студенти губимо нашег
учитеља и правог родитеља
а наша земља правог борца за
слободу. науку, мир и демократију.
Студенти из Никшића

Страна 2

„БЕОГРАДСКИ СТ УДЕ Н Т“

Ваиредни бројНАШ ПОСЛЕДЊИ ОПРОШТАЈ

ВеН сама вест о болести нашег
ректора изазвала је бригу
и стрепњу у срцима студената.
Новине које су ту вест пронеле
пронеле су ту стрепњу
свуда где су се студенти налазили.
Оно мало студенага у Београду
свакодневно се распитивало
о стању здравл.а изабринутослегало
раменима. А кад се у
недељу по подне пронео глас
о његовој смрти била је то
тешка вест за све младе људе
који су посећивали Универзитет
или су се тек спремали да
га посете.
Човек који је с чашћу и успехом
мудро водио највећу научну
установу, који је пронашао
пут здравог и нормалног
живота на У ниверзитету, који
је пошао тим путем, тај човек
вољен од свих више није међу
живима.
Ноћним возовима хитали су
студенти из ближих крајева према
Београду да одају последњу
почаст своме ректору. Ујутро
су се скупљали на универзитету
тихи и жалосни. У старој
згради су се смењивале почасне
страже. Тако је текао овај жалосни
дан. Ау пет сатисеУниверзитет
опраштао са својим
највреднијим чланом.
Гоаори господв лросјзесора
У име Универзитета Београдв
и Загреба опростио се са покојником
инж. Станоје Недељковић.
У име Правног факултета
говорио је др. Ђорђе Тасић. Од
Удружења универзитетских наставника
говорио је г.Др.Ђорђе
Мијовић, који је између осталог
рекао;
„Као колега, друг и човек, |
покојни Јовановић је у сваком
погледу био душа од човека.
Карактеран, исправан, правдољубив,
тих и одмерен, он је
према колегама себи равним
био пажљмв и учтив и старао
се да никога не увреди. Према
млађим колегама и студентима
правичан, свакад спреман да их
Саслуша и да им до крајњих
граница могућности изађе на
сусрет. Оеим својим радом и
својим делима пок. Јовановић
послужиће нам као пример како
се ради за школу када се
она воли а пок. Јовановић
је волео школу.
Др. Жујовић опростио се с
покојником у име Кредитнезадруге
универзитетских професора.
Између осталог др. Жујовић
је рекао:
„Допустите ми још да на растанку
са нашим драгим ректором,
исгакнем једну поуку коа
се изводи из његова живота
и рада :
Драгослав Јовановићје умро 1
рано али еа сатисфакцијом да
еу у овом друштву, које се са
много страна може кудити, његово
поштење, доброта, рад и
скромност добили заслужено и
једнодушно признање.
Говор претставника Уједињеие
студентскв омладине
Др. Драгослав Јовановић, долазеКи
на ректорски положај добро је
схватио да је Универзитет народна
установа на комс се школују синови
народа и да он треба да послужи
томе народу народним синовииа.
Он је далеко био од те мисли,
која се до тада могла чути од неких
одговорних универзитетских
кругова, да постоји хипрепродукциЈа
иителектуалаца и да треба извршити
селекцију оних којићестудирати.
Н«1 ми јогп увеи мало имамо
школоване интелигенције, ми смо
још увек земља којој треба много
лекара, правника, инжињера, агроиомн,
профессра итд синовима
народа, студентској омладиви,
која ч иначе живи под тешким
оодијалним л економским приликама,
треба омогућити да што пре за-

вршн студије, треба да на Универ-,
антету влада једна атмосфера пове-'
реља, љубави слоге н мира. То су ,
биле мисли новог ректора који до-1
лази 1936 на чоло Универчитета. И!
од туда његова стална мисао о неминовној
сарадњи студената и професора,
као битном услову за успе- ј
шан развнтак науке. мисао о миру ј
и реду, мисао којз језатри годино I
њсговог ректоровања добила своје ,
пуно оживотворење. Резултатн су
јасни: пуна сарадња измећу госпо-,
де професора н студената је остварена,
и она ј» донела несумн.иве |
резултате и на научном и на култур-1
ном и на економском пол.у. (. дру- ;
ге стране, кроз то стање ловерења
н сарадње, постигнуто је, изузимајући
шачицу однарођених и пропалих
елемената који су се ставили у
службу некултурних и против народних
сила, швроко једвастао студентске
оиладвве, јединство цементирано
кроз борбу и напоре за бол>е
услове, услове школовања, прожете
одаиошћу и љубављу према
своме, народу, према култури, напретку
и слободи. Јединство студентске
омладине, апсолутна чврсткна
н.ених редова, које смо ми постигли
за овај период ректоровања
пок. Д-ра Драгослава ЈовановиНа,
то је она сила која Несе, сутра кад
народу, у данашњој тешкој и пуној
опасности међународној атмосфери,
буде то требало, ставити на страну
народа и његове одбране, као што
се и до са *а стављала за његово добро
и напредак.
Ректор ЈовановиН добро је схватио
значај аутономије Универзитета
за напредак науке и за успешан
развитак слободне научне мисли.И
зато је све своје снаге уложиодаочува
Универзитет, да се не окрњи
његова аутономија, да Универзнтет
остане слободна установа на којој
ће се гајити слободна наука. Натоме
делу доживио је много непријатности.
Мрачне и против народне
силе, предвођене одрежима нисусе
никад одрекле идеје, да Универзитет
послужи њима као филијала за
њихове уске партијске циљеве и установа
за лиферован.е, не слободно
изграђених интолектуалаца него
послушннх духова и покорних слуга.
И на покојног ректора ми смо
то знали, правили су се тајни ијавни
притисци, око његове личности
прављвне су интриге, гледало се да
се он уклони са чела Универзитета.
Било Је момената када је наш ректор
под ударима клонуо духом, када
се колебао. Али његова светла
личност, његово грађанско поштење,
његов лнберализам и слободарство
држало га је и он није хтео да се

преломи, није хтео да подлегно. Стајао
је право, јер је знао да је право
и истина на његовој страни. Алн,
кад нису помогле интриге, кад
нису помогле претње, против н.ега
се хушкала једна шачица проданих
душа, чији је разбојнички н злочнначки
рад добро познат студентској
и другој јавностн. Још се добро
сећамо оног момента од маја
прошле године када је групица нахушканих
одрода провалпла на правни
факултет, уз повике:
„Доле жидовски ректор! На в>
шала ректор!“ Издавани су летцм у
кој'им6 се нападала честита личност
Др-а Јовановића, писао је памфлоте
»Словепски Југ«, претило се убиством
преко телсфона, нскаква
назови »Унитаристичка национална

омладина* трубела је преко евојнх;
списа највсКе лажи и најиогрдније
ствари, све у циљу да би што
више загорчили његов живот и да |
би сломили и.егову личност.
То је покојном ректору много за-!
давало бола јор он то нмје заолу-1
живао. Али он је увек, кад би изашао
из момента клонулости, кад је |
дошао у контакт са правом и пошгеном
студентском омладином, кад ј
је видео да нма подршку у професорском
колегијуму и у јавности,
кад је видео да његов рад доносн
плодоносне резултате, опет се усправљао,
опет је добијао веру, и ишао
напред, увек неуморно радећи, са
сталном мишљу и бригом о Универзитету,
о студентима и њиховим
потребама, о општем напретку. Та
стална брига за дужиости, није покојном
ректору дозволлвала ни да
самој својој личности посвоти довољно
пажње.
На крају, ето дође смрт и прекратн
једну плодну актнвност, један
племенит живот. Мн студенти
изгубисмо свога великог пријатеља
и учитеља, Универзитвт изгуби свога
шефа. Губитак је велики, али је
велико н његово дело. Зато Ке наша
успомена на њега бнти трајна и
светла. А његово дело, чврсто и трајно,
дело сарадње, рада и изградњо,
ми Кемо наставнти, и са новим ректором
од кога тражимо да пође стопама
покојног Др-а ЈовановиКа, поћи
напред убољу будућност и срећнији
период развитка нашег Универзитета.
Слава великом пријатељу студентске
омладине Др-у Драгославу Јрваноаићу!
На гробљу
После одржаних говора пред
старом зградом Универзитета
пошла је тужна поворка.
Пред поворком је ишло двадесетпет
венаца које су носили
студенти у два реда улицама
пут гробља где је за неко време
био обустављен саобраћај.
Говор претставника Акционог
одбора
Госпође и господо, господо
професори, другарице и другови,
студенти.
У име Акционог одбора стручних
студ. удружења опрашгам

се од нашег драгог ректора.
Свима је вама, а нарочито г.г.
професорима и нама студентима
још у живом сеНању дзн 29
април 1936 год. Тога дана на
свима факултетима Београдског
универзитета изашао је проглас
новог ректора упућен студентима
који су се већ 25 дана налазили
у тешком штрајку вођеном
против увађања полиције
на Универзитет, а за одбрану
аутономије Универзитета, за одбрану
слободне науке и слободне
школе. Тај проглас био
је по својој топлини нешто но-

во и необично за нас студенте
Читајући га ми студенти схватили
смо да нам га упућује човек
који нас разуме и који нас
воли. Истог сата студентски
штрајк био је завршен. Са великим
олакшањем у срцу тих
првих мајских дана 1936 год.
посећивали смо свежу хумку
нашег друга Жарка Мариновића
који је погинуо у штрајку,
посећивали смо његов гроб с
много поуздања и ведријег чела
јер је била одбрањена аутономија
Универзитета за коју
је он дао свој живот,
Тих дана почиње за све студенте
и за Универзитет као целину
ново доба, доба мира и
рада, доба слободнијег научног
стварања, доба све већег збрињавања
студенага и свестране
плодне сарадње са нашим професорима.
Одтих дана када су
г. г. професори изабравши
за ректора човека који је истински
и дубоко желео добро нашој
школи, студентској омладини
и целом народу створили
услове за благоносан рад
на свим пољима ове највише
просветне установе од тада
па до данас за ове три године
створено је такво дело које ће
остати забележено као један од
најзначајних примера у културном
развитку не само Универзитета
неги и читавог народа.
Човек који је стојећи на челу
Универзитета у то велико дело
унео сву своју љубав за народ
и омладину, не штедећи ни време
ни своје здравље наишаоје
на љубав и на захвалност у нашим
омладинским срцима и ми
смо га звали а нисмо га могли
друкчије ни звати него
„наш ректор“. Како да свим
срцем не волимо човека који
је за нас често и болестан даноноћно
радио и који би нам
у тренутцима највећег замора
говорио; „Заиста мени је тешко,
али морам да радим кад помислим
да је вама још теже“.

Знајући да већина студената
живи тешким животом он је
схватио да се Универзитетским
властима намеће као основна
дужност да заједно са студентима
умање беду, глад и туберкулозу,
које су харале у студентским
редовима. Ми студенти
никад не можемо и нећемо
заборавити да је наш ректор
свим силама радио и допринео
да се коначно оствари студентски
захтев за смањењем такса
и школарине, захтев који смо
ми узалуд годинама постављали,
захтев због чега смо често,

нажалост, и у затвор доспевали.
Решење тога проблема омогућило
је и омогућиће у будуће
студирање омладини из
најширих народних слојева.
Да бн се што више елакшале материјалне
нево.ге студената, од којих
је преко половине сиротиња
наш Ректор је, помаган одУниверзнтетског
сената и осталих професора
уложно све своје снаге да ојача
студентске економске организације
које су већ постојале, н помогао
је стварање нових за којима
се осе Кала потреба као Потпорно
удружење, Дом студенткиња и Централна
менза. Наш Ректор је хтео,
н то је постигао, да наш Универзитет
буде права народна школа
приступачна најширим слојевима
народа без обзира на имовно стање.
Зато Универзитет данас може
да васпитава и враКа у народ праву
народну интелигенцију.
Прожет слободарским духом наш
ректор је тежио да сачува и сачувао
је Аутономију наше школв за
коју, у свом годишњем извештају
Универзитетском веКу кажв ове
значајне речи: »Аутономија Универзитета
је у првом реду услов и гарантија
слободе научне мисли. Наш
Универзитет је био увек везан за
наш народ. Данас својим ставом и
методама он је још више појачао
своју везаност за народ“. Тако схватајуКи
школу наш Ректор јв увек
био за пуну сарадњу професора и
студената, неометану ии од кога, и
за пуну слободу стручне и опште
културне самоизградње студената.
Кроз ове три године рад студентеких
стручних удружења донео је
толико плода да наши наставници
данас често изјављују како се- стручни
и културни нивостудената осетно
подигао.
Госпође и господо, другарице и
другови,
Ми студенти Београдског универзитета
и наш акциони одбор имали
смо тужну судбину да смо били због
своје одлучности, у борби за своја
студентска и омладинска права често
нападани, оцрњавани и прогањани.
И ми никада неКемо заборавити
да су нас у нашим најтежим
данима разумели и пружили нам
пријатељску руку сви поштени љЈ
ди ове земње, нарочито иаши професори
а испред свих наш Ректор.
Када је студентска омладина свесна
опасности у којој са налази наша
домовина прегла на посао да подигне
и окупи све студенте, и сву
осталу омладину у акцију за јачање
одбранбеног духа у народу и омладини,
наш Ректор нас је опет најбоље
разумео и свесрдно помогао.
Ми никада неКемо заборавити оне
његове племените речи, које нам је
упутио на овогодишњој св. Савској
прослави. А када смо завршавали
наш први Добровољни студентски
војнички курс за одбрану земље, није
бнло краја нашем одушевљвњу,
када је наш ректор дошао да нас
види и да нас поздрави. Снажносу
закуцала под војничким блузама
срца студената који су стајади у
пуној војничкој опреми и проломили
се поклици: „Живео наш Ректор*.
На жалост веК данас, кратко време
иза тога, ми се с њим, нашим
драгим Ректором, којн је сагорео у
раду за нас, за навек опраштамо.
Другови студенти и студенткиње,
данас, када су стегнута наша срца,
зарекнимо се да никада неКемо заборавити
нашега Ректора. Данас је
широм читаве земље у црно завијена
свака кућа у којој живи студент.
Велика је наша студентска
жалост данас, ]ер ии се растајемо
са нашим најрођенијим. Жалост је
још већа што га већина студвната
не може испратити до његовв вечне
куће.
На Београдском гробљу, ми отуденти
Београдског универзитета имамо
два светла гроба. то су гробови
студената бораца Срзентића и
МариновиКа, палих за слободу и студентска
омладинска права. Данас на
том гробљу подићи ће се још јвдна
света хумка. Ми ћемо посећивати
а гроб нашег ректора као што се посећује
гроб оца или мајке, ми Кемо
е на његовом гробу тражити себи пол
утеху, савет, као и што смо
а их добијали од њега, однашегдра.
гог Ректора кад је био међу нама.
Драги наш Ректоре, студентиБе'*
оградског универзитета кажу ти за
- навек збогом. Поздрављају се с то[.
бом последњи пут са заветом : Ве-0
ликом пријатељу, учитељу и заштитнику
студената, нашем драгом рвкР
тору остаће међу студентима нај-0
лепши спомен, трајна најдубља заг.
хвалност и вечна слава.
а Од студената су говорилм
о још колегиница Ивачковић и
1- колега из Бугарске и неки од
), ј гослоде професора.

(Јтудентска стража покрај ковчега свога ректора

Ванредни број

„БЕОГРАДСКИ СТУД Е Н Т“

Страна 3ИЗ УРЕДНИШТВА

Скрећемо пажњу свима
дужницима да у најкраће
време исплате своје заостале
дугове а непродате
бројеве врате редакцији. Који
од наших дужника то
не буде урадио, бићемо принуђени
да му одштампамо
име у наредном броју „Беооградског
студента а ида га
ставимо у листу несавесних
дужника. Овим путем још
једном извештавамо да је
адреса редакције: Цара Лазара
11., а број чековног рачуна
„Студент а 57730.

Редакција „Младе Културе“
умољава другове који су
узели да преко лета распродају
наш часопис, као и
све поверенике и претплатнике
да нам што пре обрачунају
распродате бројеве,
како би могли с тим новцем
приступити издавању петог
броја. Исто тако све непродате
бројеве потребно је уредно
повратити. Адреса: Цара
Лазара 11. Чек. рачун
„Студент" 57.730 Београд.

Омладинска секдија Савета српских
културних друштава и установа

Пре кратког времена одржан
је у Београду састанак великог
броја делегата омладинских
удружења у просторијама Савета
српских културних друштава
и установа. На том је
састанку основана омладинска
секција Савета.
Велика заосталост народа
и омладине код нас у кулуурном
погледу потстакла је све
омладинске организације да се
поред великих акција за одбрану
земље окупе и на једном
другом плану, који је такбђер
уско повезан са одбраном земље,
на плану сложног рада омладине
на дизању културе и
просвете. На томе је састанку
омладина изразила жељу да сарађујући
са старим културнопросветним
организацијама жели
да дела у смислу културног
подизања читавог народа, дајући
тиме и допринос народној
заједници. Она то жели да оствари
организовањем аналфабетских
курсева, читаоница, народних
универзитета, и т. д.
Управни одбор Савета израдио
је правник Омладинске секције
а такођер је изабран одбор
од пет лица који ће водити
послове док се секција коначно
не образује.
Упозоравају се сва студентска
удружења да пошаљу пријавнице
са назначеним својим
адресама на адресу: Омладинска
секција Савета српских
културних друштава, Београд
Престолонаследников трг бр. 5.

ПАЖЊА
студевтима права
Студентска задруга
за рад и штедњу „Са- !
мопомоћ а на Правном 1
факултету продаје н
преко целог лета све
уџбенике потребне за ;
правнике.
8а унутрашњост шаље
поузећем.

АКАДЕМИЈА У ЧАСТ
енглеске, Француске и
америчке омладине

Почетком јула боравила је у
Београду делегација енглеске,
француске и америчке омладине.
Иницијатива за ову посету
припада омладинским ор-

ганизиција ових земаља. Дочек
и боравак гостију организовао
је Радни одбор омладинских
организација. Поред одбора
о њиховом боравку старало се
и нарочито покровитељство у
коме су поред покојног ректора
Јовановића били и претставници
Друштва пријатеља Француске,
француског института,
Савеза Сокола, Друштва пријатеља
Велике Британије и Америке,
Женских организација,
Удружења резервних официра
и ратника, Удружења ратних
добровољаца и Удружење ратних
инвалида.
Делегати су дошли у име омладине
и омладињских организација
својих земаља. Дошли
су да што боље упознају прилике
и погледе наше омладине,
да у овим тешким данима- покажу
старо и опробано пријатељство
са народом и омладином
овог дела Балкана.
Међу делегатима је био и
Андре Ошиле, секретар покрета
Светског Омладинског Конгреса,
покрета основаног у Женеви
1936, а који је на свом
Њујоршком контресу 1938 обухватио
омладинске организаци-44
земље, са око 40 000 000
чланова.
На састанцима између претставника
омладине очитавалн
су се у главним линијама исти
погледи по питањима одбране
мира, слободе и независности.
Од свих тих састанака највеличанственији
утисак је оста
вила Омладинска академија приређена
на Универзитету 6 јула.
Иако је всћ крајем јула највећи
број студената отпутовао
изБеограда, велика сала била је
каоувек препуна. Пуна ом.тадине
свих категорија младића и де-

војака из разиих друшгвених
редова, из разних организација
окупљених јединственим
схватањем у овом тешком времену
пуном озбиљних опасно

сти. У предњим клупама сале
седе стари и угледни јавни радници,
пријатељи омладине.
Академију је отворио Петар
Ивковић претседник Удружења
студената за лигу народа и
светски мир. У име Радног одбора
омладинских организација
говорио је др. Милорад Драгић.
Мери Атертон говорила је
уиме енглеске омладине; Боба
Ђорђевић уиме наше женске
омладине; Франсоа Досе
француске омладине. Одушевљено
је поздрављена Елинор
Линдзеј која је југословенској
омладини уручила поздрав Америчког
омладинског конгре
са. Исто тако одушевљено је
поздрављен Андре Ошиле који
је говорио о светској омладинској
организацији за мир и слОбоду.
На крају је Иво Рибар у име
Радног одбора дао завршау
реч.
После Београда делегати
су посетили Софију, Загреб и
Љубљану.

Потписи делегата ешлеске, франџусне и америике бмладине на карти Радног
одбора. На фран и енгл , јелику стоји: Омл. Фран односно Америке и
Велике Британије, солидарна са омладаном Југославије до кртја.

II-ги Међународни
конгрес студентске
штампе

Истооремено са конгресом
С. 1. Е-а и под његовим покровитељством
одржаће се у Ђериу
и Мирену од 30 августа
до 1 септембра 1939 год. И-ги
Међународни конгрес студентске
штампе. Дневни ред и теме
конгреса су: 1) Ста&е студентске
штампе у разнви аеиљама,
2) Удога студеетске штаипе у
мећувародвој интелектуалној
сарад&в, 3) Међународне карте
студ, штампе и 4) Раана
друга пита&а.

150-годишњица француске Револуције

Наши у Француској

За прославу 150-годишњице
француске Револуције, за прославу
14 јула дана разарања
Бастиље и националног празника
Француске, пошло је тридесет
делегата студентске омладине
из наше земље (по десет
из Љубљане, Загреба и Београда).
Ведра и интимна дочекује
нас Француска још на граници.
У Штрасбургу срдачан пријатељски
дочек од стране старих
ратника. Блага, насмејана, светлих
очију зраче на нас лица
Француза. Природни, животнн,
отворени, милокрвни људи. Како
различити могу бити људи!
А то није нека психолошка
предспрема и лредубеђење но
сасвим јасна чињеница да
су у земљи слободе људи
друкчији.
Привлачна атмосвера љубави
и предусретљивости прати нас
и сусреће по читавом граду.
На заједничкој вечери певају
се наше и француске песме. У
срдачним и узбудљивим здравицама
говоре нам добри и животни
људи о тешким борбама
које су наша два народа заједнички
водили. Ови исти људи
су раме уз раме са нашим херојским
војницима, са нашим
очевима и браћом лежали у
рововима, јуришали у нападима
и много својих другова и синова
оставили на пољима и бојиштима
наше земље. У здравицама
и говорима говоре срца,
пријатељство исковано у
ватри борбе, утемељене великим
и светлим жртвама.
Сутрадан смо посетили споменик
француским војницима
палим у нашој земљи* и то је
била снажна манифестација великог
пријатељства два народа.
Десетог јула увече стижемо
у Париз. Велики незамењиви
град нас прима у своја недра.
Аутомобили нас возе у Универзитетски
град. Ту су на великом
пространству саграђене
„фондације и (велики домови) у
којима станују студенти. Врло
лепе грађевине од четири до
седам спратова. Свака се налази
на пространој пољани лепо
уређене траве, стаза, цвеће и
украси. Футбалско игралиште,
тенис игралиште све у
цвећу и зеленилу.
14-тог јула, пре подне је испуњено
четворосатним војничким
дефилеом. Гостује морнарица
и гарда Енглеске. Затим се
нижу јединице француске војске,
колонијални пукови, тенкови
и топови.
После подне је задивљујућа
милионска поворка народног
дефилеа организована одспортских
организација, женских организација,
комитета Народног
фронта и радничке Партије.
Ова поворка са сценама из Револуције
изграђеним на великим
теретним аутомобилима, са
хиљадитим покличима: „стари у
пензију, младима рад“, „фашизам
то је рат - Р) сија то је мир“,
„Доле декретовани закони“ и
т. д. и та поворка је трајала
четири сата. Трг Бастиље и
улице около то је био извор
реке са пуно кракова. И
то је текло непрекидно, живо,
неуморно са транспарентима
и заставама које су се диззле
у небо. Више него све
војне манифестације, моћније
од свега што се може видети
дејствује ова слога и снага народа.
Б. Димитријевик

Купујше _
н Београдски сшуденш"

Милија Банашевић - Брујо
ст. права

Наш друг Милија, преминуо
је 3 о. м. од тешке болести туберкулозе,
на путу Београд Пећ.
Његовом смрћу нестар је
из студентских редова један
ваљан друг и борацза народна
и студентска права.
Слава другу Милији.

III-ћи Међународни
конгрес R.М.Е-а

Светска Заједница Студената
(Каsбешђlетепl Мопсl!аl сЈеа ЕlисИапlб)
одржала је у Паризу од
15 —19 августа свој Трећи Међународни
конгрес. На конгресу
су узели учешћа претставници
најзначајннјих и најразноврснијих
студентских организација
из 35 земаља. Тема конгреса
је: Демократвја н нација*
Централно место у дискусијама
и раду заузимаће питање
Улоге студената и универзитета
у одбрани демократије и нације.
На конгресу К.М.Е-а узели
су учешћа и преставници удружења
београдских студената.
Извршни орбор К.М.Е-а почаствовао
је делегацију из Југославиједа
она поднесе реферате
по два питања (од свега пет
колико их има), и то по питању:
1. Улога Универзитета у одбрани
нације, и
2. Аутономија Универзитета и
демократија.

VIII-e Летње Међународне
студентске
игре у Монаку

С. I. Е. Организује сваке године
у различитим земљама
Међународне студенгске игре,
које престављају праве олимпијаде:
Овогодишње летње игре
одржаће се у Монаку од 20 до
27 августа. Ове игре и по свом
карактеру и по свом обиму
престављаће значајну манифестацију
студентсхе
солидарлости, сарадње и
поверења. Преставници Немачке
и Италије неће учествовати
због поисуства чехословачких
и албанских спортиста.

XXI конгрес С.I.Е-а

Крајем августа и почетком
септембра одржаћесе годишњи
конгрес Међународне студентскеконфедерације(Соп(есlегаБоп
Iпlепаl!Опаlе Јез Еlисћапlа) у
Швајцарској. За ову прилику
циришки студенти позвали су
студенте свих аемаља света да
дођу да посете и да уживају у
лепотама Швајцарске Националне
изложбе која је отворена
у њиховом граду.
Конгрес С. I. Е а отвориће се
са својим свечаним делом 29
августа у Швајцарској престо*
ници Берну; сутрадан и даље
до 5 септембра рад конфедерације
наставиће се у Мирену.
За то време направиће се неколико
излета у сколину, између
осталог и на врхове Јунгфрауа
(висина 3.550 м.). 6 септембра
посећује се Луцерн, а
7 септембра Цирих и изложба.
Организације београдских
студената позвате су да учествују
на овом Конгресу С.I.Е-а.

Власник и уредник: Божидар Пејовић, Бојанска 13 Београд Телефон 20-164 Чек. рачун бр. 57.730. Штампарија Николић Крагујевац

Страна 4

„БЕОГРАДСКИ СТУД Е Н Т“

Ванредни брсј
  </body>
 </text>
</TEI>