<TEI version="3.3.0" xmlns="http://www.tei-c.org/ns/1.0">
 <teiHeader>
  <fileDesc>
   <titleStmt>
    <title>The shortest TEI Document Imaginable</title>
   </titleStmt>
   <publicationStmt>
    <p>First published as part of TEI P2, this is the P5
         version using a namespace.</p>
   </publicationStmt>
   <sourceDesc>
    <p>No source: this is an original work.</p>
   </sourceDesc>
  </fileDesc>
 </teiHeader>
 <text>
  <body>
   <p>This is about the shortest TEI document imaginable.</p>
  </body>
 </text>
  <text>
  <body>
НОВИ
Студент

Шта имамо шта
нам треба

Орган стручних, економских, културних и спортских удружења на Београдском универзитету

РЕДАКЦИЈА И АДМИНИСТРАЦИЈА r . д MOBEMĆDa 1940 ГОВ ПОЈЕДИНИ БРОЈ ДИНАРА 1.50'
КРАЉЕВИЂА ТОМИСЛАВА БРОЈ 48 t» НОВбМОрЗ IJ4U ГОД. излдзи ДВА путд МЕСЕ ЧНО

УлазеНи у нову школску годину
желимо да извршнмо анализу прошлогодишњег
рада, да указујући
на грешке и недостатке, правилно
псставимо пцсблеме којк стојс
пред нама и радимо на њичовом
остварењу. Уједно желнмо да новодошлим
младим друговима дамо
бар приближну слику делатности
студентског покрета, упознамо их
са тековинама и проблемима нашег
вишегодишњег настојања, олакшамо
им брже саживљавање са радом
наших организација и омогућимо
њихово активно учешће у њему.
Као сваки широки. омладинскч
покрет наш студентски покрег
имао jc делатисст на скоро свим
доменима друштвеног збивзња, почев
од економског, стручног преко
културног и спортског до политичког.
Истина та делатност на свим
секторима, током прошле годике,
није била исго интензивна и плодоносна.
На неком се радило мање,
на неком више, на једном са више
успеха, џа другом са мање, али
главна карактернстика је: радило
се свуда, радило се са пуно тубавм
и воље и тај рад треба настапити.
Треба наставити, али. смишл>енијс.
са више плана и систематизације,
више доследности и конкретног постављања
свих студентских потреба
и жел>а. од најситнијич до крупних
и главних, са већим ангажовањем
поштених студената да у масовком
раду помогну остварењу
својих потреба и захтева.
Преко двадесет стручних удружења
развнјало је током прошле
године, под руководством Акционог
одбора стручних студ. удружења
дслатност на сектору своје
струке, омогућавало студентима да
кроз удружења надокнаде недостатке
и несавремсност школе и свог
слабог материјалног положаја. Преко
издавања уџбеника, табака, задатака,
и разних формулара, стручних
помоћних курсева из појединих
предмета, екскурзија са стручним
цил>ем, књижница и читаоница,
набавки наших и страних књига и
часописа из области науке и уметности;
до претстављања студената
пред факултстским и универзитетским
властима и њиховог активног
учешћа у поставл.ању и решавању
свих студентских захтева и проблема.
Појачати овај рад, проширити га,
знгажовати што је могукс шире
слојене студсната, потрудити сс да
нијелан поштен п активан сШудент
не остане rqh / нега; трудити се да
удружења још више постану организације
свих студената.
Ето, то су у главним потезима
задаци који стоје прсд нама и наијим
стручним удружењима.

Рад и активност наших екокомских
орЈанизација. у првом плану
мензи, био је управл.ен у правцу
омогућазања што већем броју сту,дината
здраве и релативко јефтине
хране, као и прехране доста великог
броја кајсиромашнијих бесплатно.
О проблему исхране студената,
том цектралном проблему који
стоји пред нама, као и питању oiварања
и руковања Академском трпезом
осврнућемо се у посебном
чланку овог броја детаљннје.
Потпорко удружење, Удружење
студената против туберкулозе, Летовалишни
студ. савез, Академски
клуб Студентског дома, задруга
„Самопомоћ”, Набавл.ачка задруга
студ. технике и др. су помоћне организације
у плану исхране и збрињавања
студената, као и олакшању
студија.

Јсдан од пајтежих проблема који
се nocTaai.no прсд нас током прошле
годнкс био је проблем културhoi'
рада. Снстемптско саботирање

рада на културном пољу, баш од
оних који се размећу својом великом
културсм и образовањем, ишло
је тако далеко да скоро три четврти
године нисмо имали на Универзитету
ни једне културне приредбе.
Оно мало приредби што је
било пред крај године било је
недово.l>но и непотпуно. Исто тако
није било културног рада по факултетима,
по удружењима. Друштвени
састанци појединих удружења
били су замрли. Студентска
штампа излазила је доста нередовно
и повремено. То нарочито важи
за лист, док је „Млада култура” била
солиднија и унеколико остварила
себи поставл>ени задатак.
Коликр год је било објективних
немогућности за рад толико исто и
нашег недовољног ангажовања да
те сбјективне немогућности отклонимо.
Потреоно је културни живот
на Универзнтету дићи на висину
досгојну њега, достојну научне
институције у земљи, попунити
шуп.Ђине Скојих је нажалост мно
ro) коЈе сметају нормалном развоју
стчдената. Okvhhth све оне које

интересују горња питања, све о«е
који хоће да раде, окупити сво
студентство, јер културне тековине
прошлости као и будућности
припадају народу, припадају нама.
Спортски рад почео је систематски
да се спроводи у пуној мсрн
тск пред крај прошле голине. Све
грапе спортова треба развијати.
Јер мнсто чише спорга и забаве
потребно je нама младима. Наша
младост то тражи, ми јој морамо
дати.

Данас када хоћемо да говоримо
о проблемима и задацмма који се
постављају пред нас студенте; о
питању прехране великог броја
студената, питању лечења хиљаду
оболелих, питању смањења разних
лабораториских и других такса,
штампању уубепика, пнтању Урслби
и многим другим питањема, морамо
да будемо свесни чињеница
да постоје тежње и намере да нам
се узме и онс што смо до сада имали,
ма да недовољно и слабо, да
се онемогући делатност нас студената
у правцу да помогнемо себи
и другима, до смогућимо правилан
развој једном будућем народном
интелектуалцу.
Гарантија за успешан и норма ■
лан рад Универзнтета као целинс
и нас студената посебио, гарантија
за га/ење слободне науке и научног
рада, била је и остаје пуна и неокрњена
аутономија Унпверзитита.
Несметаном раду могуће је васпитавати
праву народну интелигенцију,
интелигенцију која he умети
да схвати потребе и жеље најширих
народних слојева, да своје снаге
ставе у службу народа из кога је
поникла, народу кога тако искрено
и предано воли.
Да би се спремили за raj тешки
задатак треба се сспособити Треба
прсдретн у „тајне” биологије, медицине,
треба савладати математичке
науке, упознати економију, бнти
следбеник Мичурина, бити одличан
л«кар, инжињер, професор,
правник, агроном, ветеринар ...
Будимо свесни задатака и положаја
у коме се налазимо, прегнимо
на рад да кроз наша стручнз, €кономска,
културна, спортска и друга
удружења створима себи боље услове
живота, рада, студија и свега
онога што тражи једна здрава и
снажна младост.

На семинару

Објава

По одлуци Универзитетског Сената
Универзитет ће бити затворен до
5 нов. 1940 год. закључно.
Према томе, заказани испити наставиће
се 6 новембра 1940 год. по
истом распореду.
Из канцеларије Деканата Правфакул.
у Београду 24 окт. 1940 r-

Пошгарина »лгћена у готову. Годиаа I sро? 5 Број чековног рачуна о7.< 30О студетском дому

У току последњнх џеколико година
студент?! су једнако истнцали
да правни положај Студентског
дома треба регулисати како најбол>е
одговара интересимл широких
студентских маса. Најбоље решење
је једино подвести Студентски
дом под аутономију Универзитета.
Ако је цил> те установе да се помогне
студентима, да им се олакта
живот, ово би се заиста најпре постигло
у смислу горњег решења. Да
наведемо само једно (свеједно које
по реду) пренмућство таквог решења:
критеријуим који се има када
се примају студенти у Дом био
•би објективнији. У Дом треба да
уђу првенствено младићи сиромашнбг
..стања, којн поред тога показују
на студијама да су марљиви и
да имају успеха у наукама. .
Студенти су са своје стране предузели
све да се дође до правилног
окончања проблема Студентског дома.
Они су радили у том смислу
преко свога удружења „Академског
клуба”.
Главну пажњу посветио је „Академски
клуб” економском положају
'студената у Дсму. Тај положај, с
обзиром на улог који се плаћа, није
никада био задовољавајући. Било
је потребно да се завсдг студентска
контрола над пословањем
у Дому, да се зна куда 'свс иде и
како се троши студентски новац.
Коначно, свако има право да зна
шта се ради са његовом имовином.
Али бар у свој главној тачци „Академски
клуб" је наишао на најјаче
кочење. Успело сс једиио да сс
добије нска слаба контрола над
малим делом расхода студентског
новца а оио г.кшно остало је потпуно
непозиаго.

О СТУДЕНТКИЊАМА

На нашем Универзитету има око
2000 уписаних студенткиња. Све
смо ми дошле на универзктег са
много полета и идузија, са жарком
жељом да на време свршимо гвоје
студије и да као свршенн и способни
лекари, инжињери или професори
самостално и предано noмогнемо
нашем народу.
Велики део нас није много размишљао
о тешкоћама на које ћемо
наилазити у току нашег школовања,
није претстављао да ће се оне
поставити пред нама подједнако а
често и више, као и пред нашим
друговима.
Какве су то тешкоће, какви су io
проблеми нас, с гуденткиња, запктаће
се мноте од нас?
■ Ако узмемо у обзир просечно е
кономско стање студенткиња, видгћемо
да је врло велики број оних
које добијају од куће 600—650 д.
месечно за издржавање. То Је једва
за храну и стан, без осталич
свакодневних ситних потреба које
су нам неопходне. Станбено питање
се поставља у још оштријој
форми пред нас, него пред наше
другове. Као девојке а и због слабије
физичке кондиције не можемо
да се потуцамо од стана до стана,
по разним привременим пречоћиштима,
подрумима и парковима.
Исто као и наши другови упућене
смо да дајемо кондиције и баш
зато што смо девојке слабије их
налазимо, часови нам се мање плаћају,
више нас шиканирају или нас
уопште и не узимају.
• Ето то су углавном наосетљивији
и најистакнутији проблеми којн
стоје пред нама, то су тешкоће у
низу других, које нам стоје на путу,
са којима се свакодневно појг-

диначно хватамо у ксштац у.мест»т
да се искључиво пссветимо студијама
и струци, уместс да тај жииот
буде лак и радсстаи.
Једино.место гдс студенткигое
стварно живс под ис-зољним условима,
тс је наш Дсм, али је сн веК
давнп псстао претесаи да би могао
да прими све оне студенткиње које
би желеле да станују у њему. У Дзму
може да живи свега 100 студен.ткиња
што претставња SVo целокупног
броја. Али поред свега Дом
Је крупан усиех постиггут студ.
борбом, јер је то заиста место где
се одмарамо, где се у другарској и
веселој атмосфери освежавамо и
заједнички радујемо.
Са економске стране у Дому се
помажу наше сирсмашне другарице
и тако им се смогућава студирање.
Ми поред свега не можемо
а да не изнесемо колико је младих
наших друтарица остало по разним
местима у унутрашњости, које су
исто тако желеле да дођу у Дом, а
Дом није могао да их прими. Многе
су молбе остале нерешенс; многе
су се упитале зашто баш ја нисам
примл.ена, где ћу да нађем стан, ка
ко hy да се снађем у великом .раду
сама?
Треба ли да се запитамо, дали
баш и ми нисмо одговорне што је
то гако? Да ли би требало да се
још више окупимо око нашег Дома,
око удружења, да поведемо
борбу за иобољшање \слова под
којима живимо и учимо?
О свему гоме н ннзу друтнх питања
зашто треба свакп сту’денткиња
да про.мисли и да увиди да
мн саме трсба дп булемо покретна
спага која he мх иоставнти и која
l»c их у заједничкој борби са друтови.ма
моћи и извојсвати. *'
То je укратко одраз стварних услова
под којима живимо и студирамо
и позив свим кашим младим
другарицама, да не изгубе ништа
од свога полета и корисних жеља,
него да се још више окупе око свог
Удружења, ско свсга Дома и женскнх
секцнја по факултетима, да би
на тај начин заједнички могле да
отклснимо све оно што нам стоји
на путу до остварења наших жеља
са којима смо пошле на Универзитит.
Рад Удружења студената против туберкулозе

Годике 1935, студенти нашег Универзитета
основали су после
заиста тешке борбе Удружење
студ. против туберкулозе. Колика
је била потреба за једним оваквим
удружењем, најбоље ће илустровати
следеће чињенице: преко 60°/«
студената ослобођено је плаћања
школарине јер су сиромашног стања.
Наше
Удружење примило је на
себе тежак и одговоран задатак.
Заиишљено је као допуна Здравственог
фонда, као удружење које
ће најхитније и без нарочити.ч формалиости
интервенисати, новчано
помагати, својим утицајем радити
на општем здравственом и материјалном
подизању студената.
За пет година Удружење је сакупило
291.184 динара. Од те суме
подељено је преко 250.000 дин., и
на тај начин помогнуто је 811 студената.
Оболели, са почетним. појавама
туберкулозе, или са отвореним
кавернама, бивали су послати у санаторијум;
слабуњави и изнемогли
у опоравилншта, а великом броју
студената, који су се разболели од
грипа и сличних запаљења, прискочило
се у помоћ новцем и лековима.
Новац је сакупљан нарочигим акцијама
на Универзитету и ван њега;
помагале су у многоме и приредбе
на којима су учествовали наши
и страни уметници и научници
(Мајнарди, професор Пикар). Поред
акција за прикупљање новца
међу грађанством које су се биле
прсдузелс о Божићу и Ускрсу, ове
годипе поведсна јс и трсћа -- преко
лста прикупљан је новац и од
грађанства у упутрашњости. Летња
акција допела је Удружењу 14.959
дипара, који.м је новнсм, поред осталог,
с-могућсно лечење двојици
гежих болссника у санаторијуму.
Важио је нстаћи да јо та Сума по-

дељена студентима баш у добу када
није радила.ни једна менза, кадПотпории
фонд не указује помоћ,
а Здравствени фснд не шаље студенте
у санаторијуме. Само у току
рада ове школске годике (од јануара
до данас) сакупљено је 75.689
динара, дакле више од Ч* суме са
којом годишње располаже Здравствени
фонд.
Преко 80 студената помогнуто је
у зимским капутима, оделу и рубљу:
То је доказ не само марљивог
и ефикасног рада управе Удружења,
него и популарности које Удружење
ужива у грађанству.
Једно од најглавнијих и најболнијих
питања која чекају нерешена
и псред настојања Удружења
и студената јесте свакако Здравствени
фонд. (О његовом раду и
могућностима позабавпћемо се у
идућем броју). Тек при крају прошле
Дпколске године студекти су
први пут учествовали на седницк
Здравственог фонда. То нам се з„могућило,
уосталом с пуним правом,
јер се ту ради о животу, здрављу
и ковцу студената.
Ове године Здравствени фондсе
мора поставити на такву основу да
ће моћи -одговарати својим циљевима.
Питање просторија Удружење ове
године мора регулисати, јер немање
просторија у многоме кочи
рад удружења чија сс активногт
• сваке године све више шири и разграњава.
Уколико то буду дозволиле финанснске
и друге мбгућности, Удружење
иамерава да оснује и своју
опоравилишну колонију. Осталим
многобројним редовнпм акцијама
мора се поснетити још више пажњс
и труда с сбзиром на длнашње збил>а
тешке лане.

УПИС СТУДЕНАТА НА ШУМАРСКИ
ФАКУЛТЕТ У САРАЈЕВУ

Сарајево, 17 октобра
На новосснсвани Шумарски факултет
у Сарајеву уписало се 118
студената и студенткиња. Специјалним
одсбрењем рок уписа продужен
је до 20 свог месеца. Уписани
студентн махом су из ових краЈева.
Међу њима 55 су православни,
37 римокатолика, 22 муслмана, 3
јевреја и l евангелик. Од броја уписаних
25 су стуленткиње, а остало
студенти.

УРЕДБА О УПИСУ СВРШЕНИХ
УЧЕНИКА СРЕДЊЕ ТЕХНИЧКЕ
ШКОЛЕ UA ТЕХНИЧКИ ФАКУЛТЕТ
У ЗАГРЕБУ

Загреб, 14 октсбра
Указом Краљевских Намесника
на предлог бана Бановине Хрватске
прописана је Уредба о упису свршених
ученика Средње техничке
школе на загребачки Технички факултст
По овсј Уредби на загребачки
Технички факултет могу се
уписати свршени ученици Средње
техничке школе са подручја Бановине
Хрватске и то само на одговаpajvhe
отсеке које су училр на
Средњој техничкој школи. Бангском
наредбом прсписаКе се накнадно услови
за полагање пријемног испита
ових учсника.

Филм
Петар Велики

Ноћ. УсЈм.г-снс кочије јуре бјјтоглавом
брзинсм кроз снежну вејавицу.
Човек, ~о очију покривен 6ундсм,
непомх*.чно, замиш.Ђено зури
у да.ЂИну. Псгаз. Трупе Карла Xli
Шведског одоиле су слабо. опремлеку
и течкички заосталу руску
всјску. Отварс:у се тешка манастирска
врата. У двораки, опкол>еи
беспослеиим калуђерима Алексеј,
син государа. Улазн Петар у пратњи
Меншикоза. Његова је одлука
чврста: звона иркава морају се сдиги
у топове. калуђери у војкике,
грех преузнмз сам „на своју душу”.
Алексеј ће к> питн црквена звона.
Одлука ће се извршити одмах.
Дијалог измећу Петра и Меншикова.
Петар кује планове за велике
псбеде. Потребно је било да
Русија претрпк пораз, да би из по>'
раза научила како ва.Ђа побеђива.ти.
Нема без пораза. Пораз
je Петру улио само нову енсргију
за да.ЂН рад. Али где је новац? Трговци...
Тргсвци и бо.Ђари. Боља*
ри he дати и војску. Сваки по 40
уојника. И Меншнков пронсси проглас
государа. Опиру се бо.Ђари, не
дају новаца, кзговарају се. Пропали
бо.Ђарски дужници, мужици, јав.Ђају
се у војску. Гвоздена воља
государа сзе псстиже. Устају бога.Ђи
и к.Ђасти, нерадници и феудално
свештенство псд Алексејевнм
скутом. Не-дају црквека звоњј,
бсре се прстив всјске: Петар је
Антихрист. Све мрачне силе са феудалннм
свештенстзсм. бсга.ЂИ и
к.ђзсти. OKvn.aaJv се ско Алексеја.
Нетар је неумо.ЂИВ. Млади трговачки
капитал .мсра напред. Потребна
су тржишта, потребно је морс,
потребна је победа. Петар одлазн
у Европу. Европска наука и техника,
обичаји и занати морају сс иронети
у Русију. Бродоградилишга.
мануфактуре и школе велнких европских
градсва. Петар неуморно
ради и учи. Русија мора да пођс
трагом Европе. Море стручњака
долази у Русију. Русија мора да победи.
Силни су војници Петровс
војске: „Зар такав народ па да wc
победи?” И заиста. Љуљају се тсмељи
тврђаза, неодољив је руски
трговачког капитала. Падају тврђаве,
стари обичаји и традицијс.
псражују се мрачњацн. Швелн су
iiothchvth. Победа. На обалама Балтичког
мора, где се води борба с
болештинама, баруштинама, мочварима
и смрти. диже се всличанствен
град Петроград. Прозор
на Балтичко море је Трговачки
капитал стиче толико потребна
тржишта. Син московског
предграђа заводи нов ред и обичаје,
отвара врата новим напретцима
науке и технике. Силе мрака кују
завере, спремају ударе, али прогрес
се не може зауставити,
Ово је дело снимљено прсма чувеном
делу Алексеја Толстоја. Улогу
Петра Великог одиграо је Н
Симонов без извештачености и крутости,
са вештином какву смо научили
да гледамо код великих глумаца
земље социјализма. Стога није
ни чудо што сваки напушха
филмску дворану пун одушевљења.

Поводом Уредбе о изучавању страних
језика по средњим школама

У новом времену и новој ситуацији
добббли смо и уредбу о нзучавању
страних језика по средњим
школама. Према тсј уредби француски
језик се пвчиње учити од
трећег разреда гилназије, а нсмачки
од првог.
Природно да је сва нова уредба
знатно смањила и истребу за наставницима
француа:ог језика. Поред
и онако минималких могућмости
запослења и тешкоћа на стулијама,
овакве мере још више доприносе.
Стр. 2

НОВИ СТ УЖНТ Бро[ 3Влада је прописала уредбу о ограничењу
школовања лица јеврејског порекла

Ова сс урсдба за текућу школскугодину односи само на упис ученика
у први разред или прву годину разних школа

Предата је јавности уредба ове
садржине:
„Министарскн савет прописао је
Уредбу о упису лица јеврејског порекла
за ученике Универзитета, високих
школа у рангу универзитета
виших, средњих учитељских и других
стручних школа Текст ове Уредбе
гласи:
Чл. 1. На универзитетима, ви:оким
школама у рангу универзи-Iета
вишим, средњим, учитељским
и другим стручним школама, можс
се уписати само одређен број ученика
јеврејсксг порекла. Овај број
одредиКе се тако да буде према
броју осталих ученика свих школа
у оној сразмери у којој се налази
држављана јеврејског порекла npeма
броју ссталих држављана.
Врхсвна школска власт, надлежна
за сваку поједину врсту школа,
одредиће према ставу 1 овог
члана колико се учекика јеврејског
порекла, почев од школске године
1940—41 може уписати у I годину,
односно у I разред, на појединим

факултетима и ссталим шхолама.
На ученике јеврејског порекла уписани
у остале године, односно
разреде, неће се примењивати став
1 свог члана.
Чл. 2. Лица јеврејског порекла
чији су родитељи заслужни ’за отаџбину
могу се, по одобрењу надлежне
врховне школске власти уписати
за ученике универзитета и
других школа наведених у чл. i
став 1 ове Уредбе, без обзира на
ограничење садржано у истом npoпису.
Чл. 3. Странци јеврејског порекла
не могу се уписати за ученике
универзитета ни осталих школа
наведених у чл. 1, став 1 ове Уредбе.
Чл. 4. Овлашћују се надлежне
врховне школске власти-да издају
упутства и објашњења потребна за
примену члана l, 2 и 3 ове Уредбе.
Чл. 5. Ова Уредба ступа нп
снагу даном обнародовања у „Службеним
новинама”

Отварање пољопривредног-шуиарског
факуптета у Сарајеву

У Сарајев\' је*s сктобра довр
шек упис нових студената пољопривредно-шумарсксг
факултета.
Према посљедњим подацима факултет
ће започети рад са око 12П
студената. Према свомс 6pojy, који
је за добар и позитиван рад довсљан,
студснтски пскрет добија
појачање. Сарадња заснована на
заједничким интересима и прожета
заједничким идеалима ?лора постати
што јача и што чвршћа између
сарајевских студената и њиховс матице
Београда.
Тек тако повезани са цијелим
студентским, а преко њега и цјелокупним
омладинским покретом, нашк
најмлађи студенти моћи ће да
користе своме крају. Та корист ће
се нарочито осјетити стога што су

до даиас студенти свој најживљи
рад спрсводили са.мо преко фсрија,
а сад имају мог\ћнсст да сталним
радом појачају омладпнски покрет
и да свсје интелектуално знање
ставс у службу н ссталнх омладинаца,
прилажући тако свој удио
у бсрби смладинс и народа.
Сам рад ће наићи на
шкоће. Стварање мензе, борба у
стручним удружењима, борба за
'итс всћу слободу науке изискује
много снаге. Само чврсто збијеним
редовима, уклопљсни у цјелокупнм
студентски пскрет, повезан са радном
омладином и борећи се скупа
с народом за бољи живст, моћи ће
сарајевски да оправдају
глас капредних интелектуалаиа.
Студеити из Сарајева

Абонман наших менза повећан свега за 20%

Познато је да студенти, великим
делом (око 85%) потичу баш из
редова мали.ч и средњих чиновника,
радника, малих и средњих сељака.
занатлија и ситних привредника
уопште. Јасно је, дакле, да је и
њихов положзј, истовремено са погоршањем
положаја њихових породица,
погсршан још у eehoi мспи.
Раније, још у псриоди великс
привредне кризе бсрећи се за
боље услове живота и рада на студијама,
стварајући свој велики и
снажни студентски покрет, студ. омладина
створила је више својих
економских организација ксје су
олакшавале и омогућавале великом
броју студената студирање,
Наше мензе, потпорно удружење,
задруга „Самопомоћ”, дом студенткиња,
удружење студената против
туберкулозе помагале су и још
увек помажу један велики број најсиромашнијих
студената. Али наше
економске организације створене
под одређеним околностима неhe
моћи да помогну велики 6poj’
најсиромашнијих студената којима
је, под данашњим тешким
словима скупоће, та помоћ нужна.
Прошла година, која ни изблнза
није била тешка, кав што he бити
ова, најбоље је показала и оправдала
постој’ање наших економских
организација
Без икакве помоћи са стране, издржаваЈући
сс једино од уплата. наше
мензс су пословале исправно. не
смањујући квалитет хране. II док

су се цијене абонману, прошле године
у Београду, повећале за најмање
25 —30%, а негде и више, наше
мензе, натјеране скупоћом, повећале
су абонман за свега 7%.
Овај пример нам јасно говори о
предностима наших економских
оргпнизација.
Не руководећи се приншшом зараде,
пажљиво водећи економију,
не крбвећи никакве сувишне издатке,
и координирајући рад са осталим
студ, екопомским организацијама,
наше мензе ће моћи, поред
свих тешкоћа, и ове године давати
студентима здраву и јевтину храну.
Ове године, ако сс правилно реши
питање правног положаја Академске
трпезе, студенти ће добити
једну нову ексномску установу
од велике важности.

ЦЕНТРАЛНА
АКАДЕМСКА ТРПЕЗА

Најзад јс готова ЦАТ, коју већ
одавно чекају студенти. У своје
три велнке трпезарије, она he моћи
да прими одједном преко 600
студената Из кухиње храна путује
једним лифтом горе у трпезариj’e,
а другим се враћају судсви из
њих Доле у кухињи he кувати четири
велика казана помоћу паре, а
велики шпорхет пећи месо и пециво,
док he десет мотора бити инсталирано
захлађење, прање посуђа
и др У свакој трпезарији налази
се телефон у вези са кухињом,
у три гардеробе преко 600 вешалица
за капуте, у дворншту велики
подрум за намирнице, који се сада
довршава, станови за економа, управника,
послугу, кројача обућара
и бријача, купатило са гушевиМа
аа муцјке и женске, електрично
сушење руку ето то he све имати
сва трпсза.

Сама зграда је готова. Инвентар
није још сав набављен. Од четири
казана набављена су само два мања,
друга два су поручена и
како кажу дсћк ће за десетак
дана. Сама менза треба да почне
рад од првог децембра ове године.
Али најважнија ствар од чега ћс
зависити рад мензе то је њен правни
псложај Из искуства знамо, да
устансзе ксје су биле намењене студентима
а које не припадају под
У ниверзитет да су се изрргле у ан*
тистудентске устансве. Наш А. О.
је правилно'С-хватио сву ствар, те
је још прошле гсдине настојао да
се што хитмије регулише правни
положај ове мензе у корист студената.
Да би Ц. А. Т. што пре почела рад
и да би користила најширим слојевима
студената ми и сада тражимо
да се што пре донесе статут по коме
би Ц. А. Т. била универзитетска
установа, што би највише користило
студентима.

Централна академска трпеза

Уписали смо ce . . .

Крај септембра. Кретање, комешање,
лепршање семестралпих листова,
лепљење таксених марака,
неспретна бруцошка запиткивања,
пријатељска руковања након дуга
растанка, ‘в.јечно понављана питања:
„Кад си стиго”? „Шта полажеш?’;,
све је то као дан, кроз нетод!
дигнуте тешке завјесе наврео
у хладне ауле, мемљивс ходнике
пред деканатима и пробуђене собицс
стручних удружења.
зграде се открављују, испуњујусе
младОшћу и смијехом, плановима

нових студената и надама старих у
добар резултат испита...
Са зидова полако нестаје тромјесечне
туђе наслаге и буде се при
погледу на њих сјећања на прошле
године...
Удружења, као да су већ заборађила
на своју дугу чамотињу, упила
су у се пјесму и покрет и дим
и зраче сваким кутком, лањским весељем
и разговорима, бригама и
шалама...
Ено зидних новпна, ено слика,

ено објава о друштвеним састанцима...
Када ћемо на из.тет, другови?
Сјећате ли се Стражилова?
И Космаја?
И Ђердапа?
Нагло се прену брушош који за
све вријеме иије дизас главу са распореда
предавања:
Кад he то бруцошко вече?
Двадесет и ...
Шта има у нозофишту?
Ха... ха... ха... ха„„
Разлијевали су се таласи с^јетлости
и весеља и младости Јфоз отворене
прозоре мрачнилс добица....

In memorian

Пуниша Жижић
студент филозофије

У јулу месецу ове године нестао
је из наших редова Пуниша Жижић,
један од ретко поштених и
вредних омладинаца.
Рођен у сиромашној црногорској
породици која му ције могла омогућити
удобан живот и школовање,
још од ране младости, Пуниша је
морао да се сам о себи стара. Његов
мучан живот проузроковао је
и тешку болест која данас коси милионе
младих живота. Увек са всром
у боље дане, Пуниша, пун наде
и оптимизма, борио се и противу
те кобне болести од које је најзад
и подлегао.
Са пунишом Жижићем студентии
омладина уопште губе једног ваљаног
друга.
Сви оин кој« су ra задржали
су на њега много светлих
успомена.
Нска је слава другу Пуииши ЖпжиНу!
Вести са факултета

Технички ;
ЈОШ ЈЕДНО КРШЕЊЕ УРЕДБЕ
Од овог испнтног рока уведсио
је на машинско-електротехничком
отсеку ново полагање механике у
другом делу припремног испита.
Механика се пријављује као један
предмет, међутим полаже се у два
дела и то: статика као писмени а
динамика као усмени испит. Ако се
не положи статика не може се п.олагати
динамика, мада по чл. Уредбе
о Техничком факултету испит
може бити само писмени или усмени.
Овим се уводи из једног предмета
полагање и писменог и усменог
испита

Правни:
ИЗ ПРАВНИЧКОГ УДРУЖЕЊА
Додељујући Сгудентском правничком
друштву просторије у новој
згради Правног факултета, деканат
је поставио студенти.ма између
осталих и ове услове;
„Да се у канцеларији могу задржавати
и у њој радити само овлашћени
функционери друштва; да
кључеве од канцеларије има да чува
одређени служитељ факултета;
да се у канцеларију не могу уносити
ни у њој држати ннкакве књиге.
списи, новине, слике и друго”.
Према овим условимп, просторије
Ои требало да служе само управи
друштва а свако окупљање чла*
нова онемогућено је. Последња
тачка „услсва” истиче чак могућност
да студентско правничко друштво
после педесет година рада остане
без просторија. Та тачка дословно
гласи.
„У случају прекршаја ма које од
напред наведених тачак,а као и иначе,
деканат може друштву стказати
гостопримство у (ћакултетској
згради”.

Број 3 ИОПИ СТУДЕНТ

Страна 3Наше
задруге

РД4 СТУДЕНТСКЕ ЗПДРУГЕ ЗД РДД
Н ШТЕДЊУ „СДМОПОМОЂ“

Наша најстарија економска организација
је Студентска задруга
за рад и штедњу „Самопомоћ”. У
доба прве велике економске кризе
када је живот студената био јако
отежан услед тешких физичких
послова, слабе исхране и слабих
станова, наша задруга одиграла
је значајну улогу у збрињавању
материјално необсзбеђених студедената
и формирању студентског
покета. Задруга је имала неколико
секција; млекарску, књиговезачку,
шаховску, хорске рецитације, библиотеку
а касније: продавницу
књига ,продавницу марака и дувана.
Наша задруга ради данас интензивно:
Продавница књига купује и
продаје по врло повољним ценама
све уцбенике студента права и тиме
штити студенте од разних продаваца
који за не одобрене уџбенике
узимају од студената новац,
Провадница марака, располаже
сзим формуларима и таксама потребним
за упис и оверу семестра
и пријаву семестра.
Поред тога Задруга свршава колегама
у унутрашњости све послове
око уписа семестра, пријав'е испита
и даје сва обавештења студентима.
Све уџбенике потребне за студенте
права купује и продаје студентска
задруга за рад и штедњу „Са MonoMOh”!
За унутрашњост шаље
поузећем.
Задруга се налази на правном
факултету Краља Александра 69,
улаз из Хартвигове улице,
Студентска задруга „Самопомоћ”
Правни факултет Београд

KАKO ПОСЛУЈЕ НАБАВЉАЧКА
ЗАДРУГА СТУДЕНАТА ТЕХНИКЕ

Скоро годину дана постоји на
•Техничком факултету Набављачка
задруга студената технике. Основана
на иницијативу стручних удружења
на Техничком факултету, с
циљем да омогући студентима да
што јевтиније набављају погребан
цртаћи прибор и материјал, Задруга
је у потпуности одговорила сво
ме циљу.
Да би омогућнла сваком студенту
да се њоме користи, Зддрхта је
увела да члан може бити сзакн редован
студент технике (кас» и стручна
удружења), кад уплати пословни
удео од 100 д. одмах ити у десет
месечних рата по 10 дни. Кад
студент престане да буде члзн Задруге
удео му се враћа.
У току пришле. године Задруга
није могла у потпуности да одговори
своме чадатку, јер је морала
робу да набавља од препродаваца
по знатно вишим ценама. Међутим
летос је Задруга преко Савеза набављачких
задруга државних службеника,
чији је члаи, нг.бавила
робу директно од произвоћача без
икаквог посредовања, тако да сада,
иако су цене цртаћем прибору и материјалу
скочиле за 60 —Bo° <>, може
робу да продаје својим члановима
по старим ценама или најмање за
60—80°/о Јевтиније. Тако на прнмер
циркле Рихтер Д - VII, - кбје су у
вароши 510 дин., Задруга продаје
за 350 дин. Цртаће табле по 35 дин,
док су у трговинама 50 дин. 1 1 на
свом осталсм магеријалу однос је
сличан.
Да би могла да одговори своме
задатку Задруга мора да гостаие
организација свих студента свесних
да Једино кроз заједничку борбу и
чврсто збијени могу да олакшају
себл услове студија и живота.

Кратак преглед спортског
рада

Почетак нови школске године
затиче спортска удружења на Универзитету
у пуном напору организсвања
најављених такмичења у
футбалу, која почињу 19 о. м., па
затим у одбојци пинг-понгу и лакој
атлетици.
Започета сарадња са' БУСК-ом
развија се у знаку присног другарства
и потпуног узајамног разумевања.
Идуће недеље, истовремено
са БУСК-ом, почеће и наши тренинзи
пливања у базену „Крсмановића“.
На простору иза Техничког факултета
већ је подигнуто једно игралиште
за одбојку, а ускоро he и
друго. Потом ће се прићи изградњи
футбалског терена.
С обзиром на прилике под
којима се развија стулентски
спорт, делегација Београдског студент.
спортског клуба и Улружења
студената планинара посетила је г.
Ректора, између осталог са захтевима
да се спортским удружењима
осигура финансиска помоћ од стране
Универзитетских власти и да им
се 3'ступе повољније просторије.

Репрезентација студената
играла протнв радннка

* Резултат 2:2 (2:0)
У суботу, на игралишту „Јединства“,
одиграла се утакмица између
репрезентација студентскнх и радничких
клубова, Утакмице између
студената и радника одржавајд: а;
сваке године. Прва: утакмица одиграна
је на Ђуђевхан 1938 годцне.
Изгубили су студенти са 7:1. 'Од
тог времена студентгски тим је згнатно
појачан. Редовна такмичења
студентских тимоаа избацила су
један стандард тим који се са успехом
носи са врло лобрим радничким
тимовима. Beh идућа утакмица
завршена је са резултатом 3 :3. У
пролећној сезони ове године победили
су студенти са резултатом
4:1. За ову утакмаицу и студенти
и радници извели су најбоље тимове.
Репрезентацију радника сачињавали
су најбољи играчи радничких
клубова. Репр«зентација Универзитета
изашла јс у следећем са‘ставу:
Мацура Миловановић,
Максимовић Марковић, Дракулић,
Јовановић Пашић, Опакић,
Лазић, Османовић, Албуновић.
Просторије Б.С.С.К'.-а се налазе у
сутерену Филозофског факултета
(улаз до „Империјала ). Чланарина
5 динара семестрално.
Члацови кпуба.

Студенти у унутрашњости...

Босна и Херцеговнна
И студенти Босне и Херцеговине
схватили су своју дужност каопросвећени
синови својих покрајика.
Расути по варошима и забитим касабама
предавали су друговима знање
и искуетво стечено на Универзитету,
Студенти су одржали низ
приредаба омладинског карактера,
било сами у оквиру својих удружења
и клубова било као саучесници
у приредбама раднпчких и
сељачких омладинаца. Велики су
успех имале приредбе: у Купрешу
где су учествовали и студенти из
Бугојна, приредба Клуба академичара
у Високом на .којој су саравали
и сарајевски студенти, затим
омладинске приредбе у Бањо] Луци,
Тешњу, Маглају и другим местима.
Поред тога, многа места Босне
и Херцеговине обишла је „Заједница
покрајинских удружења на
Загребачком универзитету” дајући
забаве са врло успелим прогрмом.

Паннево Удружење студената
постоји већ две године. Има око
сто чланова. Ове године је било
врло активно. Набавнло је просторије
где се скупљају студенти. приређују
дебатне вечери, забавне вечере
и јавна предавања. Ове годинс
је удружење основалу и своју бн>
блиотеку. Удружење има рецитативни
хор са којим иступа на приредбама.
Упркос многих сметњи на
које удружење наилази, оно је устело
да одржи две приредбе овога
лета у неким оближњим местима н
да одржи два јавна предавања. Сада
се удружење спрема за приредбе
које треба да сдржи ове зиме.
Нарочито треба подвући економске
акције Удружења. Ту на прво
место спада организовање уписа и
оверавање семестара студентима, и
давар»е кондиција. За давање кондидија
одређена је минимална награда
по часу, затим колективне
кондиције за сиромашне ђаке, коко
се овима омогућује јефтиније
подучавање.

Цетиње. Овдашњи студентн
иосгавили су себњ два основна задатка:
економско помагање и културно
подизање.
Први задлтак сстваривали су овиг
лета прикупљањем прилога ол
i рађанства и приређвањем матинеа
и забава. Што се тиче рада на кулгурно.м
пољу он је овог лета био
мпого разноврснији него раније.
Јсданпут, понекад и два пута недењнб
држана су предавања у дебатном
клубу; она су обрађивала научне
и друге теме. Изашла су и два
ороја зидних новина, које су, својим
чланцима, критикама и приказима,
биле право огледало студентског
живота. На редовним састан-

цима новоосноване женске секцЈе
дискутовало се о положају и задацима
женске омладине данас.
Приређене су и две другарске вечери
од којих је нарочито успела
она која је, 15 августа, обележавала
омладински дан мира. Заједно са
осталом омладином, студенти су
приредили некслико успелих излета.
На сснову свсга овога може се
рећи да је овог лета и поред извесних
недостатака, рад студената
био плоднији но икад досад.

Подгорица Ми студенти Подгорице
имамо своју. задругу „Самопомсћ”.
Ова задруга учинила је и
чини много на окупљању и економском
помагању студената у подгоричком
срезу. Скоро сви студенти
из овога краја посећују задружне
просторије да би се користили
стручном и белетристичком библиотеком,
учили, дискутовали, играли
шаха итд. Сваке недеље приређују
се матинеа, а нарочито је успела
била забава одржана почетком септембра
на којој је главна тачка
програма био комад Горкога „Васа
Жељезнова”.

Пирот - Живот нас пиротских
студената одвија се углавном око
нашег студентског удружења.
Рад овог удружења морао је пре.
ко лета да се ограничи на другарске
састанке студената из Пирота
и околине, јер су уобичајена предавања
ширих народних слојева са
актуелним друштвеним и научнм
проблемима, бн.та из техничкх разлсга
немогућа. На састанцима сс
гсворило о разним проблемима који
интересују студенте, једна од
тема би.га је, на пример, „Проблем
животпог простооа у науци”. На
последњем састанку упознали су се
:зршени мат\ранти са појединим
фзкултетским уредбама, са студентским
животсм и студентским покретом.
Порсд састанака одржано
е и неколико игранки.

Врање Студентска омладина у
Врању и околини живи и ради под
врло тешким условима њу чине
зећином сиксвн радника, сељака и
ситккх занатлнја, који често мораiv
ла излржавају и себе и своје породице.
Да би поправили свој положај
и допринели културном подизању
свога краја, студенти су основали
удружење. Оно досад није
много али има велике могућности.
Излети, дебатни клуб,
смањење броја неписмених, оснивање
сеоских читаоница, извођење
позоришних комада, хорских рецитација,
приређивање разннх предавања
то су његови задаци.

СПО РТ

У суботу почиње |есења спортска сезона
на Београдском Универзитету

Спорт је захватио студентске редове.
Сваке године све већи број
сГудената бави се спортом. БССК
је успео, да организујући разна
спортска такмичења студентских
тимова, омогући великом броју студената
упражњавање спорта. Студенти
се такмиче у футбалу, лакој
атлетици, пливању, смучању, одбојии
и пинг-понгу.
Студенти се највише баве футбалом.
Такмичење за првентво Универзитета
и пехар „Акционог одбора”
окупи сваке године око 200

студената футбалера. Прво такмичење
у футбалу одржано је по купсистему,
Ове године такмичиће се
по дуплом бод-систему и по пропозицијама
Врховног погометног савеза.
Тимови су подељени у две
групе., Прве утакмице почињу 26
октобра Реватпи ће се одиграти
на пролеће. Прваци групе одиграће
финалну утакмицу јуна 1941
године. Ове године за футбалско
так.мичењс пријавЋено је осам тимова.
У првој групи налазе се: Техничари,
БУСК, Гајрет и Агроном-

ски-шумарски факултет, а у другој:
Ветеринари, Медицинари, БАСК :i
Ком'ерцијална висока школа. Прас
утакмице одиграће се у суботу 26
о. м. На игралишту С. к. „Јединства
‘ играју Ветеринари са ВАСКом
и прошлстодишњи прваци техничари
са Гајретсм. У Земуну игра
рУСК са екипом Агрономски-шумарског
факултета.

Сграна 4

Власник и одговорни уредник Петровић Н. Живојин, студент права, Краљевића Томислава 48 Штампа „Просвета - а, д. - Тел. 2.5-963 - БеоградЗа
штампарију Душан ПлавшиН Београд, Ибарска 10

НОВИ СТУДВНГ Број 4
  </body>
 </text>
</TEI>