<TEI version="3.3.0" xmlns="http://www.tei-c.org/ns/1.0">
 <teiHeader>
  <fileDesc>
   <titleStmt>
    <title>The shortest TEI Document Imaginable</title>
   </titleStmt>
   <publicationStmt>
    <p>First published as part of TEI P2, this is the P5
         version using a namespace.</p>
   </publicationStmt>
   <sourceDesc>
    <p>No source: this is an original work.</p>
   </sourceDesc>
  </fileDesc>
 </teiHeader>
 <text>
  <body>
   <p>This is about the shortest TEI document imaginable.</p>
  </body>
 </text>
  <text>
  <body>
Поштарина пла Нена у готову.

Година I БроЈ

Број чековног рачуна 57.730

нови

Орган стручних, еконотских, културних и спортских удружења на Београдском универзитету

РЕДАКЦИЈА И АДМИНИСТРАЦИЈА
КРАЉЕВИЋА ТОМИСЛАВА БРОЈ 48

Беогрзд 15 јула 1940 год.

ПОЈЕДИНИ БРОЈ ДИНАРА 1.50ИBЛАBИ
ДВА ПУТА МЕСЕЧНО

IN MEMORIAM

Кроз који дан биће годншњица
смрти нашег драгог и незаборгвног
ректора Д-р Драгослава Јовановиha.
Његош велика љубав према
студентима и кароду, његсв до Kpajносги
гтредан рад за добро унизерзитета
и студената, његова истрајност
у борои за одбрану Аутономије
Универзитета велики је дуг којим
нас је наш ректор задужна и
којн ми никада нећемо забораветти.
Зато се ми студенти Београдског Ункверзитета,
прилихом ове тужне
годишњице са дубоком захвалношhy
сећамо нашег доброг Ректора.
Редак је пример да се међу нашим
професорима сретне човек каквог
смо срели у личвости пок. ректора
Јовановића. О томе смо се најбол>е
уверили пссле његове смрти.
Нема више оне топле родитељске
љубави и разумевања нашег положаја,
нема жжреног племенитог срца,
које је нас дсчекивало у Ректоровсм
кабинету.... Нема истински
студентског Ректора који кас је увек
разуиео и помагао у борби за
побољшање нашег тешксг положаја;
који нас јс помагао и волео јер
уе био прјожет л>убавл>у према свему
што је срободарско и народно; поиагао
нас је и волео јер је у нама
видео позву нарсдну омладнну. По-

сле бурних догађаја на Универзитету
1936 годиие, на
свим факултетима изашао ј*е прог*
лас новог Ректора упућен студентима.
Топлином родитељског срца био
је прожетозај ггроглас новог Ректора
који је најавио нове боље дане
за студенте. Штрајк је одмах завршен.
Почео ј<е период рада и стварања.
Студенти су добили свога,
правог студентског Ректора.
Многи студентски проблеми који
су чекали на решење узели су се
свесрдно у расматрање, пристутшло
се њиховом увек се сггоразумевајући
са студентима. Пок.
рекгор Јозановић није се односио
са студенггима са висине професорске
катедре и службеног примзња
у Ректорату већ интиушо, родитељски
као младе, слободне људе, сараднике
на развијању слободне мисли
науке. Схватио је да се само кроз
тесну и иоорену сарадњу студената
и професора мсгу решити са успехом
сва студентска и опште-универзитетска
тштања и да је таква сарадња
највећа гаранција реда, мира
и напретка на Универзитету. Захваљујући
у првом реду њему и доброј
во.ви студената та је сарадња
остварека и сталко продубљивана
зачитаво време његовогректоровања.

Разумео је пок. Ректор нас дсцу
своју како је често називао
нас студенте и предао се раду да
наш тешки положај! побољша. И
заиста, миоги су проблеми решени
на задовољство студената: Потпорн>о
удружење је почело рад, псмагане
су студентске мензе, смањене
таксе, уведен систем прогресивне
школарине, подигнута Централна академска
трпезај развијен културни
рад на Универзитету a то је било
могуће тако решити једино кроз
сарадњу студената и профеоора
Акциони одбор студентских стручних
удружења скоро свакодневно
је посећивао п<ж. Ректора. Посете
су често пута биле врло по 6-8
часова а на лицу доброга учитеља
није се видело ни трага досаде. Иако
физички исцрпен од тешке болести,
он је увек био ведар и расположен
Vi у наше разговоре уносио
оптимизам и изгледв на 6ол>е
дане. Налазили смо нашег Ректора
и дубоко замишљеног у свом кабинету
и тада би нам се тужио на тешкоће
које је наилазио у свом раду. У
свом годишњем извештају пред Универзитетским
већем говорећи о
Аутономији, између осталог рекао
је: „Аутономија Универзитета j'e у
првом реду услов и гарантија слободе
научне мисли. Наш универзитет
био је утв)ек везан за наш народ.
Данас својим ставом и методама он
је још више појачао своју везаност
за народ.”
Меоец дана кспред сдфти,- приликом
посете Акционог одбора, говорећи
о билансу рада рекао је: „Све
оео urro сам учинио за студенте врло»
је мало. Кад буде довршена Централна
менза и ако оудем могао подићи
студентски дом у који бих
сместио сиромашне студенте као
urro имам у плану, оида бих рекао
да сам нешто учинио за моје студенте.
До крајности скроман пок.
Ректор није желео да се истиче његова
личност ни у којој прилици.
Бурно дочекиван и поздрављан на
студентским приредбама које је често
посећивао пок. Ректор напомињао
је да то не воли и да више пажњд
поклонимlo другој госгтоди:
„Не указујте мени толику пажњу
ја вас позна-jfeM дш смо своји.
Стичите и друге пријатеље... Али
наша љубав није се могла везати
вештачки за оне који ту љубав и
пажњу не заслужују она се везала
за нашег драгог много вол>еног
и цењеног Ректора,
Данас немамо више нашег Ректора.
Он је сагорео у раду за добро
нас, његових студената, у Ректорату
нас не дочекује топло родитељско
срце али његово светло име спомињаће
захвална студентска омладина
док траје Београдски универзитет.
А такав је сгтоменик тврђи и
истрајнији од гранита!...
Слава великом пријатељу омладине
и народа нашем незаборавном
ректору Др. Драгославу Ј)овановићу!
Покојни Ректор Драг. Јовановић

Зашто смо
за аутономију универзитета

Развитак културе и те.чнике иапредује
упркос свих смгтњи неодољивои
жести«ом. Најшири слојеви
народа и његова омладина ношени
су тежњом да овладају културом
и технккои, да их ставе у своЈу
службу. Безброј младцх жел>них
знања сваке године долази на Универзиггете,
Познате су њима патње
и муке њихових родитеља, познато
им је у каквом се мраку налазе њихови
блшкњи. И није ни чудо да
је прва дужност тих младих да се
на Универзитету наоружају знањем
да постану права, народу одана интелигенција,
која ће умети да цени
све оно што је народно и да помогне
насто Јања народа и омлад line
за бољим жиботом.
Да би се у тсм правцу могла развијати,
потребно је не мало услова.
Пре свега, Универзитет мора да
буде слободна школа где се народ
учи. Научно-културни рад мора да
буде обезбеђен у пуном смислу. Он
иора да буде псвезан са најширим
слојевима народа. Свака нова тековина
културе или науке треба да за
што краће време ггостане својина
народа. Популаризација науке
мора да буде једна од првих дужности
Универзитета и праве народне
интелигенције. А да би се то могло
остварити потребно је да буде слободна
наука на слободном Универзитету.
Зато и није стучајно, да је
ова потреба толико блиско повезана
са правим синовима народа, зато
није случајно да је сва искрена
народна интелигенција била увек
шремна да се жртвује за одбрану
тог великог идеала.
Настојање нашег покојног ректора
Др. Драгослава Јовановића ки«
су само била потггора студентских
и Универзитеггских већ и опште народних
захтева. Само је зато његово
име велико и ван зидова Београдског
уттверзитета.

НОВИ
министар просвете

Ових дана постављен је за миниcnpa
прасвете Др. Антун Корошец,
аретседник Сената и министар у
пензији.Добро нам
дошли...

На јесен вас очекујемо, нови студенти,
очекујемо ваш долазак на
Универзигет. Долазиге из разннх
места, са разних школа, дзлазите из
недара својих народа, остазљајући
родитељску кућу, своје драге, много
успомена, долазите са жељом да
на Универзитету стекнете више знања
и боље се оспособите за службу
своме народу и друштву. У вама,
наши драги другови, гледамб једну
нову студентску генерадију,
Пред ваш долазак, наши нови
другови, хоћемо да вам укажемо на
текоаине борби досадашњих студентских
генерација, на стање које
нас је затекло на завршегку школске
године, тако зндчајне по нас
студенте и целу младу генерадију,
да вам укажемо на задатке који
вас, као студенте, очекују. Вас очекује
напорак рад,- али вас очекује
и наш сгудентски живот који смо
себи изградили очекује вас другарска
среднна, наша студентска заЈедница,
много нових узбуђења и
лепих доживљајг О свему томе
ви имате своје претставе. Чулн
сте, и ви из најудаљенијих места,
за наш Унивфзитет, за борбу студената
да Универзитет буде и остгне
установа која служи народу, висока
школа где he се млади људч
оружати оружјем знања и културе,
Ви долазите на Универзитег рано
упознавши немаштину, беду, тешке
услове под коЈЈИма се већина бд вас
школовала. Долазите из Универзиrej
на коме су некад, да би се могли
школовати, студенти носили млеко
и цепали дрва. Сада стање није такво
- Потпорно удружење
и студентске економске организације,
успеле су да донеклг

збрину студенте, да им пруже минимум
могућности за живот и рад.
Вашим доласком на Универзиет,
наћи ћете се у једној новој среди*
ни Долазак на Уннверзитет
Hehe бити за вас долазак
у средину, где ћете бити препуштени
сами себи, али ће за
многе та средина ипак бити нова,
нова по духу ко]|и кроз њу провејава.
Онај дух рада и другарства,
дух корисних напора и весеља, дух
борбе и гтожртиовности, који сте ви
у много случајева успели да оствакроз
средњу школу испуњава
наше учионице и лабораторијјум«,
наша удружења и мензе, У
иовој студектској средини вас he
заволети и ви ћете заволети ту средику.
Заволећете рад по удружењима,
кроз који here се међусобно
зближнти и упшнати. Понеће вас
одушевљени занос на улици, у
удружењу, на приредбама, свуда
где живе и раде, боре се и радују
студенти. Пo|ћићете на излете, провешћете
у атмосфери весеља и топлине
дане који се не заборављају,
упознаћете сву чар и сав значај Hamer
уранка, заволећете ту другарску
студентску средину, koja вам
ствара толико радосних перспектива
за време школовања и незаборавних
успомена за цео живот. Та
средина вас очекује и ви сте у њој
добро дошли.
Драги другови,
кратко време вас раздваја од доласка
на Универзитет. На јесен ви
долазите међу нас, ступате у наше
редове, псхстајете студенти. Пред
ваш долазак у студентску среднну,
Mdf вас, другови, поздрављамо срдачшш
и другарским поздравом:
Добро нам дошли!

Читајте, ширите и псмажите
ваш лист
„НОВИ СТУДЕНТ“

Летовалишта колонија у Улцињу

Студенти на летовању у Петровцу не мору

Учешће студената
у научном раду

И Пolред недсвс.Ђно сређених
прилика «а универзитету, у
последње време оцртава се свс више
једна појава, вредна сваке хвале
и интереса. Реч је о учешћу младе
академске генерације, студената
и тек дипломираних слушалаца појединкх
научних дишји.гмина, у
истраживачком и стваралачксм научном
раду. Та je делатност сасвмм
У зачетку код нас, те је зато треба
благовремено уочити и знализирати,
да би jof се омогућио даљи развиггак.
Док je рад раЈшјих генерација
Универзитетске омладине био готово
искључиво школско-програмски,
управљен Једином .диљу: да се положе
тражени испити, те носио у
доброј мери каријеристичко обележје|,
дотле се у раду млађих генерација
виде и више побуде као
радни потстрекач.
Прилике су се послбдњих двадесет
година у многоме измениле, Државна
администрадија, која је претежно
апсорбовла диплолшране студенте
свих факултега, постаје из
године у годину све засићенија и
затворенија за њих и они су све
више упућени не са.мо да се струччно
фордшрају, већ и да сами себи
стварају прилике за примену стечене
спреме. Због тога све мање примеса
каријеризма у њиховом раду.
Рад на науцн, због свог специфичног
карактера, поставља и извеоне
пссебне услове онима, који
М У се посвећују. Потреба озбиљнс
претходне спреме за исраживања у
ма ком научном подручју захтева
на nptaoM месту ррави интерес за
nocao, највеће пожртвовање и
ихгграјност, ссобнне којима наша
омладкна сваким даном све више
и у све ширем домену, показује да
расгтолаже. Дружел>убл»е и присност
у међусобном опхођењу, које
се тако јасно оцртавало у свитча ак*
циЈама нашег студентског покрета,
показују да и ти потребнц елементи
за научан рад код наше омлади*
ве постоје, јер се никакав рад, па
и у науИјИ не да залшслити без колаборације.
Кад год сам имао прилкке да ма
и пссредно пратим рад студентских
стручних удружеља налазио
сам код њих примере правог интереса
за науку, њен развој и тековине
и жељу за стручиим усавршавањем.
Прцлози, које најмлађе гекерације
студената чике нашој
младој науци постају све чешћи и
знатнији. И поред прилично оскудних
средстава ксјима наш Универзитет
располаже за научна истраживања,
јер кредити једва подмиРУЈУ
расходе наставе, ти се њихови
прилози могу учинити и бројно
и квалитатиено већим. Наша омладша
показивзла ]е увек, кад су се
прилике учиниле повол>ним за то,
да ни у чему квалитативно не. заостаје
иза других нација, старијих
културних традиција.
Ни у једном подручју људске делатности
није тако лако прећутати
истину као у науци, јер je контрола
спора и приступачна једном врло
уззном кругу. Зато млађима треба
пружити сваку подршку у борби
за њу. Развити до највећег ćreпена
истинољубл>е и помагати га
ма у ком се облику испољило.
Улити им, и одржати веру да истина
увек побеђује. Борбу за њу учинити
бескомпромисном и сшурног
исхода. Бранити је удруженим и
свим скагама. Тако ћемо добити и
потребан моралио јак научни кадар.
Наша универзитетока омладина
показала је не једном огромну борбеност
и спремност на највеКи j|ip
тве за своје идеале. tПраво
Универзитета на независан,
самосталан и слободан живот у
његовом оквиру, легову аутономију,
треба да подједиако чувају и
бране и наставницш и студенти, јер
је она и ако не довољан, али неопходан
услов за стваралачки научни
рад и сређен живот у оквиру Универзитета.
Павле Савић

Стр. 2

НОВИ СТУДЕНТ

Број 2СТРУЧНА УДРУЖЕЊА
њихов значај и улога

Тешки услови под којима су студирали
и велика жеља за што бол>им
стручким оспоообљавањем и
подизањем свега културног нквоа,
учинили су да студенги још од првих
дана студентског гожоета пок-лоне
велику пажњу оснивању стручних
удружења на универзитету и
раду у њима. Резултати њиховог
рада нарочкто последњих година,
показали су да су студенти збиља
лравишмо схватили важност и зна*
чај својих стручних удружења.
Пред наша стручна удружења и њихаао
ршрезентативно тело, Ак*
диони одбор, поставили су се током
година многоструки задаци и многс
препреке. Помагање стручиог усавршавања
студената само је један
делић на пољу решавања општих
студентских питања. Наша удружења,
иако релативно млада, показала
су досада поиличног успеха
на општвм побољшању студентског
положаја ка њиховој стручној изградњи.
Примећују се видни успеси
на свим пољима делатности наших
удружења. Тако, пре оснивања
наших стручних удружења, студевтинамногим
факултетима и групама
кису имали ни најпотребнијих уџбеника,
а уколико су их и могли добити,
мооали су их плаћати ка'ко су
хтели издавачи ишекуланти.
Наша кења, руководећи се
потребама студената, отпочела су
са издавањем најпотребнијих уџбеника.
Наидемо.
На састанцима које одржавзју
наша удружења, поред третирања
општих студентских питања, покла-

н>а се велика пажња подизању
стручног нивоа студената. Тако се
са малим изузетком показало да
студенти показују у стручном раду
више успеха него раније
Студентима је омогућено да преко
својих удружења развију домаксимума
све своје спасобности, да
стекну широку наобразбу и развију
активан став на свим пољима студентске
делатности као што улажу
максимум напора у смислу остваривања
студентскнх захтева који he
омогућити лакше услове студирања
Нашаудружења чнне све да оспособе
сваксг појединца. Није то случајно
да последње генерације отскачу
од претходних ширином својих
погледа, својом општом наобразбом.
Треба подвући чињеницу
да наша стручна удружења поред
културних и оста.тих студентских
удружења играју взжку улогу у изграђивању
народне интелигенције.
Исто тако треба нагласкти чврсту
повезаност стручних са осталим
културним, економским, спортским
и другим студентским удружењима
на бесградском универзитету и у
земљи, што омогућава јединствено
деловаље и акдију ка општем по*
бољшању услова студирања и положаја
студената. Својом сарадњом са
студеитимlа ссталих уни.верзитета
земл>и и у иногтранству, иаша удру
жења поред непосредних практичних
користи на стручном гтољу, доприносе
продубљавању веза са осталом
студентском омладином. Прстставници
наших удружења, ксји
су једвовремено и престгвници студената
београдског универзитета,

О продаји и обрачунавању
„Младе културе“

Није потребно да нарочито истичемо
значај и улогу студентске
штампе. Док „Студент” увек сбавештава
омладину и јавност > студеетском
животу и акцијама „Млада
Култура” има једну Другу не маи»е
значајну улогу у нашем животу.
Поред студената, кроз њене ступце
су се појављивали и други омладинцн,
тако да је наш часопис добио
карактер једког опште-омладинског
часописа, гдс млади људи
иогу да објlавл>ују своје чланке приповетке,
песме, приказе и белешкс.
Часоиис у коме he амладина наћи обавештења
о свим културним питањима.
Упознавајући омладину са
најдрагоценијим културним вредностима.
„Млада Култура” била је
стално актуелка.
Вврујемо да he сви студенгк, сад
кад пођу кућама, сматрати за дужност
да у своме месту нгђу ревизора,
у кога се има поверења
(свеједно да ли је студент или не),
јер ииа још доста места у која часопнс
не долази, а то се несме до-

пустити. Студенти треба да се сваки
у свом месту интересују како
се врши продаја и све такве ревизоре
да опомену

активно- учсствују на студентским
конгресима и конференцијама у
земљи и иностранству. Факат је, да
је таквим радом поред ссталог подигнут
углед наших студената и
наших удружења.
Студенти све више и све
боље схвагају значај својих удружен>а
о чему сведочи псвећавањс
броја чланова у њима и све веће

активизирање појединаца. To је
знак да стручна удружења, са Акционим
одбором на челу, заиста
правилно заступају интересе свих
студената, да су основа студентасог
покрета и студентске активности.
Аутономија универзитета је најбоља
гаранција за правилан и плодоносан
рад студ удружења, ка
корист свих студената.

Баиач диска

Р А Д
студентских економских организација

Студентске економске организације,
којих је на броју 11 отпочеле
су рад у почетку ижолске године
под много тежим условима нвго
што је то био случај у прошлих годнна.
Познато је да студе*нтн Hamer
Универзитета потичу већином
из сиромашних и средњих слојева,
који су увек први на ударцу
беди и болестима и који највише
сносе терете и последице ратова и
привредних поремећаја. Ради тога
разумљиво је да су и студенти и
њихове економске организације те
како осетили скупзћу која је из дана
у дан расла и која је у многоме
отежавала наш рад око збрињавања
необезбеђених студената. Од
почетка формирања студентског покрета
и првих каших стручних, културних
и скономских удружења,
сгуденти су улагали, а улажу и данас
много напора како би ока одгаворила
својим задацима. Ти задаци,
су нарочито данас, веома тешки
поготову за наше економске срганизадије,
које се са својим минималним
приходима труде да обезбеде
студентима, стан, >раку и друге
најосновније животне У
овом кратком излагању рзнећемо
колико су наше организације одговориле
своме циљу.
Наше мензе, наш Дом студенгкиња,
Удружење студената прогиз
тбц. и Студентска задрута „Самопзмоћ”
имале су у овој години двзструке
тешкоће. С једне стране схупоћа,
којом је отежан рад свих организадија,
а с друге стране збо'
скупоће све већи број необезбеђеких
студената. Таква је ситузција у
којој су се нашле и У којој су мзрале
радити наше организадије.
Одбор студентских екодомских
оргакизација, као координадионо
тело свих наших економских организација
предузео је сабирну акд«ју
у Београду и унутрашњости. Намеравао
је такође држати низ приредби
у физичкој сали, које се
нису могле сдржати
сем једне пред крај школске
гндине.
Адм пошто се свим овии акцијама
није могло постићи жељени ефекат,
приступило се повишењу дена абонману
у нашим мензама. Поторно
удружење је из својих срехсгаза
помсгло наше мензе те се њихов
голожај у многом поправио. Иаше
мензе су и поред ових тешкоћа давале
студентима здраву храпу по
најнижим могућим ценама. Наше
млађе колеге не памте време када
су студенти морали да се хране по
разким нехигијенским кујнама.
Данас, и поред изнесених тешкоћа
нема студената „млекаџија" који
су морали у хладним зиискии јутрима
прелазити го неколико километара
да би себи обезбедили опстанак.
Кема такође студената „ларкетара”
ни студената који раде теже
физичке послсве као ношење ци-

(Наша организациј е су располагале са преко 4,500.000 динара)

гли на грађевинама нли дасаае др
ва. Али то не значи да студенти жиte
и раде под повољним условима.
Још увек сгуденти живе по нехигијенским
становима и постају пленом
разиих болести а нарочито тбц .;
још увек раде у нехлгијенским учионицама;
још у век студчрају под
тешким условима, без довољно одеће
и o6yhe. А о каквој' разоноди,
забави и сггорту, потребним омладини,
не може се скоро ни говорити,
сем оног што студенти сами после
капорног рада органнзују.
Узимајући у обзир све тешкоће
под мојима су живели и радили студенти
у овој школској годинн, резултати
рада наших економских организација
задовољавају.
На име помоћи, снромашним и
болесним студентима наше мензе,
Удружење студеката поотиа тод и
задруга „Самопомоћ” издади су за
непуних девет месеци 459.509 динара.
Тако исто помагали су студенте
ванредни чланови Економског одбора,
маџарско студентска менза
„Бољаи Фаркаш”, Менза бугарских
студеката и Менза јеврејског ама
дем(Ског поггпорног друштва. Потпорно
удружење студената Београдског
Универзитета, издало је
студентима позајмице у висини од
преко пола милиона динара. Наше
мензе издале су 72.568 обеда, a
просечно месечно наше организације
су помагале 460 студената рачунајући
и П. У.; укупцо за девет месеци
помогнуто је хлљаду двеста седамдесет
студеиата. Међутим, режцски
трошкови наших Е. О. износили
су за време од девет месеци 498.500
а само за кирију пздато је преко
160.000 динара.
Поред тога што је најважније у
читавом раду нашнх удружења јесте
морал и поштење. У нашим мензама
и удружењима неиа проневера,
нема крађа. To су подаци које
пружамо и пријатељпма и непријатељима.
У току годнне наше економске
организације располагале су
са преко 4.500.000 без и Једног rtpoпуста
или грешке у пословању.
С обзиром на соцнјално порекло,
здравствено и стан»е
студенагга, а изгајући у виду
стварне потребе студената и прилике
под којим послују наше економске
оргаиизације, Економски одбор
је пружио пуну пстпору Акдионом
одбору студ€нтских стручних удружења
у циљу да се опгвори што пре
Централна академска трпеза и да
Колико је било могуће
помоћи студентима биће нам
јасно ако узмемо у обзир да се само
за режиске трошкове издало у
току рада тј». девет месеци 498.500
динара а за кирију годишње преко
160.000 динара ксјн he трошкови по
отварању Ц. A. Т. бнти далжкс мањи.
To је у главким цртама пословање
наших економсхих организација
Ђрој 2

НОВИ СТУДЕНТ

Страна 3Културне приредбе на Универзитету

Почетком ове школске 1939/40 г.
студенти окупљени око својих културних
удружења одмах су приЈггупили
организовању приредби у физичкој
сали, пркпремању другарских
вечери са културно забавним
програмом и предавањи.чга у Дебатним
клубовима и културним удружењима.
Пошто код студентске; омладинс
постоји велики интерес за све културне
манифестације, универзитетске
просторије тешко су могле да
приме огромне масе младих л>уди и
девојака које су дошле да чују излагања
научника и уметника о разним
актуелкид« проблемима науке и
уметности, дз чују речи својих дру*
гова о омладинским и културним
питањима и да учествују у здравоЈ
и ведрој забав!И у заједкичком животу
младих л»уди, који заједнички
подиосе зло и добро и заједнички
се веселе,
Што се тиче студената, њихове
актнвности и интереса за културни
живот на Унив-ерзитету, перспективе
су биле још бол>е него раније.
Између осталих приредби
напомекићемо само неколико
њих. Најпре су одржане две приpejoe
у спомеи славних музичара
Мусоргског и Чајковског На овим
приредбама одржана су продавања
о њиховом животу и раду, о њиховкм
делима и значају. Уметници су
извели неке од њихових најкарактеристичнијих
ствари. Одзив студената
и омладине био је велитси и
ове приредбе су гтоказале да омладина
жели да упозна и ову грану
уметности која je под данашњим
условима живота највише удаљена
од ње. Разумели смо ми те уметнихе
•и њихова дела јер су била добро
објашњена и блиска животу. Tpehe
иузикчо вече било је посвећено совјетскоf
музици. За ову приредбу
владало је велико интересо&ање,
како код и амладине тако
исто и у грађанству.
Две приредбе су посвећене привредним
шггањима. На првој су била
предавања „Сељачки земљопосед”,
„Развој пољопрчвредне технике
и сел>ачкоч'аздпнство , \ Предабан>а
су била исцргтна, документована
и свакоме јасна. Предавачи су
показали прилике, стање и тенденце
даљег развоја како код нас, тако
и у међународном обиму.
Друга приреДба била је посвећена
савременој привреди у Совјетском
Савезу.
На приредби посвећеној медициви
одржао је врло успело предавање
проф. мед. факултета г. Д-р Chub
Милошевић и прочитана су још
два peđ)€paTa.
Одржано те такође вече босанских
сељака и вече светске псезије,
које Је било посвећено
песнику Мајаковском. Публика
је топло примила боканске
сељаке и са радошћу их поздравила.
Они су успешно извели све тачке
програма а њихов успех све нас
је обрадовао. Нарочито интересован>е
постојало је већ дуж« времена
за предавања о Мајаковском, a
које је одржано у оквиру лриредбе
ЈВече светске музике”. На овом вечеру
су поред предавања о њему
рецитоване песме многих других
песника.
Као последава приредба одржано
]е вече посвећено спорту. Све ове
приредбе билс су добро посећене.
На свакој од н>их било je по неколико
хиљада присутних.
Пошто је у великој физичкој сади
било мало места за све посетиоце,
добар део морао је да no неколико
часова стоји, али ипак је свако
био ведар и задовољан и нцје
осећао умора. На овим приредбама
се oceha блискост и свежина срдач-

ност и другарска атмосфера као и
на свим нашим гтрнредбама. Огромна
посета ових приредби које су
одржане скоро за месец дана показују
колико је велико интеоесовање
код омладине за научна, уметничка
и сва културна питања. Оне
су гтоказале да је тај иитерес све*
стран, је ( р сва предавања из сбласти
музике, еконо-

мије или медицине праћена су са
великим интересовањем и пажњом.
Учесници cy показали колчко им је
стаљо до одржавања оваквих при •
редби, псиказали су да је данашња
омладина жељна внања и науке и да
су овакве Приредбе наша животна поШреба.
Посета ових приредби и висина
на којој су биле, најбољи су аргуменат
у прилог њиховог одржавања.

Студентска задруга „Самопомоћ“

Једна од најстариј|их еконо\гских
организација је студентска задруга
за рад и штедњу „Самопомоћ” основана
1931 год.
У времену велике економске кризе
чије су гаоследице осетили нај-‘
шири народни слојеви, није била
поштеђбна ни наша ун,иверзит^гска

омладииа, која је од >зек потицала
баш из тих слојева.
Велики број студената оставл>ен
сам себи, био је прннуђен да студира
под најтежим условнма. Студенти
су радећи на грађевинама, цепајући
дрва, разносећн млеко, чистећи
паркет, станујући по »лажни\т
и хладним мансардама и сутеренима,
изложени да постану пленом
разних болести, а нарочито туберкулози,
сгудирали и спремlали се,
да и под тако тешкнм условкма стекну
што више знаља и да га ставе
у службу народа.
У таквој ситуациуи оснива се сгудентсжа
задруга за. рад и штедну
„CaMono.vfoh” са циљем да преузме
на себе тежак економског
збрињавања сиромашних студената.
Задруга је ишла две секције: млекарску,
која је показала врло велику
активност и књиговезачку. Каскије
се осетила пстреба и за културним
радом, те је основана библиотека
задругс, шаховска секција,
рецитативни хор и др. Продавница
књига основана je 1937; 1938 продавмчца
марака и дувана, а почетт-ом
идуће школсж£ годшш задруга

ће етмагги и свој б ифе. Пословањс
задруге било је веома разграиато.
Плодови баш те економске борбе
су наше данашње економске оргакизације
и удружења, каше мензе,
наше гготгтарно удружење.
Од тада је сксро сав терет око
збрињавања студената пао на наше

еконсшске организације, које су са
пуно успеха одговарале свој;им задацкма,
чак и данас у доба највеће
скупоће.
„Самопомсћ” и сада чини велике
напоре око издржавања сиромашних
студената, које упосљава у продавници.
Она је сада омогућила студентима
са својом продавницом
књига да овоје уџбенике не продају
поједкним торбарима по ниску цеиу.
Поред тога задруга врши својим
колегама из унутрашњости све послсве
око уписа и овере семестра
као и пријаве испита, онима који су
у иемогућностп да дођу на време у
Београд ; ава ове послове задругаувек
када обавља са успехст.
Задруга ће радити и преко ферија,
Све уџбешгке, потребне за студенте
права продаје; за унутрашњост
шал>е доплатом поузећем.
Свршава се послсве студелтима
кз унутрашњости који се тичу уписа
и пријаве испита.
Адреса: Студентска задруга за
рад и штедњу „САМОПОМОЋ”
Правии факудхах Беосрад

Студентска задруга .СамопомоН*

Развој спорта на Београдском Универзитету

Почеци организоваие студентске
борбе и тежња да се подигне нивс'
студената одразила се и на спортском
пољу. 1933 год. организоваио
]е Удружење студената планинара,
тада једино спортско удружење на
нашој школи, јер је БУСК још раније
због чланова нестудената напустио
Универзитет и тиме прекинуо
везе са ширим редсшма студената.
Удружење студената планинара и
поред приличних успеха није pain
ирило спорт у масе студентства.
Београдски студентски
спортоки клуб је покушавао
још од свога оснивања да започне
сарадњу са БУСК-ом, до које
је и дошло 1939 год.
Као израз обостраног разумевања
ц пуне сарадњс дошло је крајем
ксте годкне до осниван>а Сту-

дснтске футбалске лиге, а затим до
такмичења за прненство Уннверзи*
тета у Футбалу, за прелазни пехар
Акционог одбора. За ове игре БУСК
је дао своју целу футбалск} опрему.
Настављајући традиције ранијих
година, студенти су се и ове гсднне
спремади за Ђурђевдакске утак*
шгце са радницима; али се сусретодржао
тек касније, пред 1500 гледалаца.
Истога дана одржала су се такмнчења
у трчању за прелазни пехар
поч. ректора Драгослава Јовановића.
Б.С.С.К • је, примајући у своју
управу претставнике свих домова,
факултета и мензи учествују
у овим такмичењима, примио и
форму савеза спорттских секција
студентским удружењима. Сем Прашог
и Теолошког факултета, који
су се касно јавили, учествовали су
сви остали факултсти, сви домови,
све наше мензе. Надамо.се да ћемо
у идућим такмичењима срести и
мађарске и бугарске студенте ко]и
живе у Београду.
Поред футбала, ове године одржале
су се и утакмице за првекство
Универзитета у одбојци, за пехар
Културног одбора. Од водених
спортава гајило се cav*o пливање.
Преко целе године држали су се
треникзи у базену „Крсмаш>вић”-а.
Од пливачких сусрета имали смо
утакмицу са средњошколтима, која
сезбог смрти друга Седлана одржала
тек 14 априла. Такође је одржано
и међуфакултетско штафетно такмичење.
Завршетак спортске сезои-е обележен
{ie приредбом „Спортске вечери”
21 јуна у физичкој сали Правног
фахултета. Пссле извршене
предаје пехара победницима студентских
такмичења, прочитани су
реферати о спорту на Универзитету
Пуна сала је
још посведочила да у студентским
рздовима постоји интерес
за спорт, да је то жива потреба каших
генерација
Делатност у овако скученом облику
далеко је сд тога да задово*
љи основне захтеве студената. Али
наш је овогодишњи рад, без велимих
претензија и звучних наступа*
био крупан корак напред, који је
потврдио да се поред постигнутих
успеха мшке и мора још далеко више
радити.
Настављајући започсту сарадњу
са БУСК-ом, припремамо у првои
реду даља такмичења за црелазне
пехаре Акционог и Културног одбора.
Стке (недељв организоваће
се излети у ближу и дал>у околику
Београда. Купатило и игралкште
БУСК-а на Ади са лоптама и нрсчлаловима
Б.СС.К-а.
Претстоји и рад на продубл»ен»у
веза са Туристичкии удружењем на
Свеучилишту у Загребу, а затим
ближи додир на сгторгскои пол>у са
студентима из других земаља.
Наш спорт, без фаворизовања по>
јединаца или група, развија међу
студентима дружељубл>е и самопрегор,
развија високу свест о ттотреби
заједшгчког рада
Исморишћујући могуКности које
се пружају,
рађа се студентсЈси спорт, здрав,
поштек, недирнут духзом комерцијализма
и спреман да оослужи интересима
омладине и аврода.

Страна 4

Власник и одговорни уредник Петровић Н. Живојин, студент права, Краљевагга Томислава 48 Штампа ,Просвета“ а. д. - Тел. 25*963 -Београд.
За штампарију Душан Плавшић Београд, Ибарска 10.

НОВИ СТУДЕНТ

Брзј/2
  </body>
 </text>
</TEI>