<TEI version="3.3.0" xmlns="http://www.tei-c.org/ns/1.0">
 <teiHeader>
  <fileDesc>
   <titleStmt>
    <title>The shortest TEI Document Imaginable</title>
   </titleStmt>
   <publicationStmt>
    <p>First published as part of TEI P2, this is the P5
         version using a namespace.</p>
   </publicationStmt>
   <sourceDesc>
    <p>No source: this is an original work.</p>
   </sourceDesc>
  </fileDesc>
 </teiHeader>
 <text>
  <body>
   <p>This is about the shortest TEI document imaginable.</p>
  </body>
 </text>
  <text>
  <body>
СЕПТЕМБЛРСКИ ИСПИТНИ РОК

САМО СА ШЕСТ ФАКУЛТЕТА ДОСАДА
ОДУСТАЛО 3623 СТУДЕНТА

Бећ из досадашших резудтата септембарских
испита види се да ведики
број студената није обратио довољно
пажње ликвидирању испига, за које
се обавезао у претконгресном такмичењу.
У табеди резултата прво падају
у очи цифре у рубрици „одустало“.
Оне на неколико факултета нзносе
трећину од броја пријављених испита.
На Пољопривредно-шумарском факудтету
пријављено је 3.670, а одустало
1.329, што значи више од je-,
дне трећине; на Ветерипарском факултету
иста је ситуација: од 870
пријављених одустало 295. Није боље
ни на Правном факултегу, . Медицннском,
Природно-математичвом. Економски
факултет који је у јунеком
и ранијим испитним роковима
показив.ао добре резултате. у овом
испнтном року предњачи у погледу
»дустајања. Број од 1.083 одусталих
према 2.895 пријављених испита јасно
сведочи о томе.
Према овим подацима, данас, последњих
дана испитног рока, јасно је
да број од 32.374 пријављених испита
не само што неће бити испуњеи,
него да је он неочекпвано подбацио.
Томе још треба додати да на многим
факултетима ни квалнтет знања не
задовољава. Случај- на Медицинском
фкултету на испитима из фармакологије
најважнијем предмету треће
године, на Економском, Прпродноматематичком
и другим.
Разумљиво да овај неуспех у септеибарском
року долази као резултат
несистематског и немарног односа
према учењу, иако, су постојале
објевтивне могућности. Прво, времена
за спремање било је за све студенте,
и за оне који су бпли на пракси,
и за оне који су бпли на радним
акцијама или летовању. Друго, уџбеннва
и сврипта такође је бидо више
него раније. Поред тога, на неким
факултетнма стручни одбори су организовали
курсеве и предиспитне вежбе
(Ветеринарски, Економски), којима
су руководиди демонстратори.

Медицинска велика школа
СЛАБ УСПЕХ СТУДЕНАТА
ТРЕЋЕ ГОДИНЕ НА ИСГШТИМА
На испитима из фармокологије
на Медицинском факултету
резултати су слаби. Велики број
одусталих доказ је да се није
довољно радило на овом најважнијем
предмету треће године.
За последњих десет дана од 66
пријављених студената, одустало
је 26, док је и укупан резултат
слаб.
Честа је појава да студенти,
чак и они који су били на пракси
греше у медицинској терминологији,
што је опет резултат
недовољног и цовршног рада.

Техничка
велика школа
Делимични резулхати са септембарских
испита на Технинкој
великој школи показују да је
успех веома слаб. Нарочито је
велики број студената који одустају
са испита. Тако је на трећој
години ТехНолошког факултета
са испита из хидраулике одустало
44°/о а на четвртој години
са испита из механичке
технологије 32%. На Архитектонском
факултету на испитима
из архитектонике и нацртне геометрије
проценат одусталих износи
32%.
На Машинском факултету од
134 кандидата пало је из машинских
елемената 67, а одустало
14. На Електро-техничком
факултету на другој години из
истог предмета од 86 пријављених
36 је пало а 3 одустало.
Овај испит не претставља ни-*
какву тешкоћу за студенте који
преко године савесно спремају
колоквиуме и самостално израђУЈУ
прорачуне, Према изјави
наставника већина студената
није самостално радила преко
године и до испита није израдила
минимум од пет, шест задатака
колико је потребно за
успешну израду писменог задатка.
Преглед досадашњх резултата са испита

25 РАДНИКА - СТУДЕНТИ ТЕХНИЧКЕ ВЕЛИКЕ ШКОЛЕ

Ових дана били смо сведоци новог
догађаја на путу извршеИе демократизације
наших факултета.
Двадесет пет радника из Београда
и шест радника из Крагујевца,. који
су са просечно врло добрим успехом
завршили Школу за општз
образоваше радника, уписали су се
10 септембра на разне факултете
Техничке велике школе у Београду.
Они привремено напуштају своје
творнице и радионице ,да би се
после неколико година вратили обогаћени
теоретским знањем, 'као нови
стручњаци своје социјалистичке
домовине.
Још једна тежња радничке класе
остварена је у новој Титовој Југославији.
Доследно спроводећи начело
стручног и културног уздизања
радних маса, наша Влада је низом
уредби омогућила трудбгницима
даље школовање и отворили им
врата наших највиших научних установа.
Некад, кад је радник
претстављао само објекат експлоатације
снагу која је пунила .епове
ненаситих послодаваца, било је
готово немогуће замислити масовно
културно уздизање радника. Ако
Је радник запослен, из њега Је це-

ђена и последња кап енергиЈе за
добро капиталистичке класе. Живот
и младост остављени су по
рудницима, творницама и радилиштима,
да касниЈе радници, прерано
остарели и истрошени, буду избачени
на улицу. У случаЈу незапослености
беда и осећање непотребИости
и умргвљавали су и онемогућивали
стваралачки рад. Циљ
послодаваца Је баш и био да радничка
Дласа остане у беди и незнању,
како би била што Лакше експлоатисана.
Народна власт Је, као и свуда
другде, и»на овом пољу извршила
корените промене. Стварањем Школе
за опште образовање радника
пружена Је могућност трудбеницима
да упредо са своЈим свакодневним
радом постигну онај ниво

претходног знања и културе, КоЈи
Је потребан за даље факултетско
образовање. Ове школе су прошле
школске године дале свршене ученике
и они са сада уписују на
наше факултете. Путем којим Је
некад пошао велики совјетски биолог
Лисенко крећу ове године по
први пут наши радници. На пријавним
листама читамо имена осмоструког
ударника и најбољег радника
у штампариЈи ~Просвета“ Боре
Илића, двоструког ударника и
рационализатора Николе Николића,
ра!гионализатора Карла Корошца,
четвроструког ударника Чедомира
Милетића и других. Њима се сада
омогућује да остваре своје давнашње
жеље и замисли. Никола Николић
ће наставити школовање коЈе
Је морао прекинути у сво Јој три-

наестоЈ години ,j‘ep је његовим родитељима
било постало немогуће
да га издржавају. За све време
мучног шегртовања није га напуштала
жарка жеља за читањем и
учењем. Чедомир Милетић се одувек
одушевљавао авионима и ваздухопловством.
Нису га примилн
за пилота из здравствених разлога.
Сада ће свом омиљеном предмету
прићи с друге стране: постао j'e
студент аеронаутике.
Лзубав са koj’om су они досад прилазили
повереним машинама, трудећи
се да на њима постигну максимум
ефеката, пренеће они на предмете
које буду изучавали. Борбу
за квалитет и квантитет производа
замениће борба за број и квалитет
положених испита.
Они нам доносе дух ударништва
и такмичења у испуњавању обавеза,
којим је прожет сав њихов досаданашњи
рад. Радили су, постајалн
ударници и завршавали школовање.
Доносе нам и дух колективног
рада, другарства и другарског пожртвовања.
Николу Николића су
другови једногласно изабрали за
слушаоца школе општег образовања,
јер је био омиљен међу њима.
Из истих побудћ је и радник Петар
Каприш радио две годиће у друroj'
смени, да би његов фабрички
друг Борислав Илић могао редовно
да учи .
Тако синови радничке класе, који
су били први у данима тешких
борби протиз окупатора, први у
напорним радовима на обнови ieмље,
почињу да пуне ауле наших
факултета. Лик нашег народног
студента биће обогаћен новим цртама
карактера наиЈНх бораца на
пољу производње .
Т. М.

Студенти-радници уписују се на Еле..|рмехнички факултет

Пленум Универѕитетског одбора
Народне студентске омладине

У суботу, 2 октобра 1948 год. у
7.30 часова рдржаће се на Правном
факултету пленарни састанак Универзитетског
одбора Народне студентске
омладине са следећим дневним рздом:
1 Задаци Народне омладине на
нашсм У: г.г на почетку нове
школске године.

2. Извештај о преткокгреснол! такмичењу.
Пленуму ће присуствовати и чламови
факултетских одбора, члаиови
секретаријата актива и чланови свих
при Униварзитотском одбору
Народне студснтске омладине.

ОДЛУКА ЦЕНТРАЛНОГ КОМИТЕТА СКОЈ-а
И ЦЕНТРАЛНОГ ВЕЋА НАРОДНЕ
ОМЛАДИНЕ ЈУГОСЛАВИЈЕ

О САЗИВАЊУ ЗАЈЕДНИЧКОГ КОНГРЕСА
СКОЈ-а и НАРОДНЕ ОМЛАДИНЕ

1) Централни комитет СКОЈ-а и Централно веће Народне
омладине Југославије у потпуности усвајају оцену Петог
конгреса КПЈ о развитку и ртању омладинских организација
у Југославији и одлуку о спајању СКОЈ-а и Народие
омладине у једну. организацију.
Централни комитет СКОЈ-а и Централно веће Народне
омладине Југославије полазе од тога да ће спајање СКОЈ-а
и Народне омладине у једну организацију значити корак дал.е
у развитку омладинске организације, да ће она имати великог
значаја за још одлучније васпитање омладине на основу
марксизма-лењинизма, да ће омогућити још јачу мобилизацију
омладине у социјалистичкој изградњи наше земље.
Централни комитет СКОЈ-а и Централно веће Народне
омладине, на основу тога, одлучује да се заједнички конгрес
СКОЈ-а и Народне омладине ,на коме ће се извршити сливање
СКОЈ-а и Народне омладине у једну организацију, сазове
за 15 децебар 1948 године у Београду.
2) Конгресу ће бити предложен следећи дневни ред;
Извештај ЦК СКОЈ-а и Централног већа Народне
омладине Југославије;
Пети конгрес КПЈ и задаци омладине;
Усвајање Статута организације;
Избор централног -руководства.
3) Утврђујв се следећи поступак делегата за избор:
На сваких 850 чланова бира се Један делегат. Делегати
се бирају на заједничким конференцијама СКОЈ-а и Народне
омладине. Изабрани делегати биће заједнички делегати СКОЈаи
Народне омладине. Избор делегата врши се тајним гласањем.
До конгреса треба да се одрже заједничке конференције
свих група СКОЈ-а и актива Народне омладине за избор делегата
за среске (градске, реонске) конференције, те среске
(градске, реонске) конференције на којима ће се бирати делегати
за Конгрес.
Централни комитет СКОЈ-а и Секретаријат Централног
већа Народне омладине израдиће упутства за одржавање конференције
и избор делегата.
4) Централни комитет СКОЈ-а и Централно веће Народне
омладине упутиће пре Конгреса Пројекат Статута јединствене
организације свима организацијама и члановима на
дискусију. Дужност је свих организација СКОЈ-а и Народне
омладине да до Конгреса на заједничким састанцима проуче
Пројекат Статута и да до првог децембра писмено доставе
своје евентуалне примедбе и предлоге.
5) Централни комитет СКОЈ-а и Централно веће Народне
омладине поздрављају иницијативу омладине села
Даљ срез Осијек, сељачке радне задруге „Марко Орешковић“
из Накова, пољопривредно-машинске станице Ниш и
„Титових завода Литострој“ о покретању такмичења и узимању
обавеза за спровођење одлука Петог конгреса КПЈ и
припрема за заједнички конгрес СКОЈ-а и Народне омладине.
Централни комитет СКОЈ-а и Централно веће Народне
оиладине позивају све организације и чланове СКОЈ-а н Иародне
омладине да прихвате eey ииицијативу и широко развију
такмичење како би заједнички конгрес СКОЈ-а и Народне
омладине, омладина Југославије дочекала са новим
радним победама у социјалистичкој изградњи наше домовине.
6) Централни комитет СКОЈ-а и Централно веће Народне
оиладине Југославије обавезује сва руководства и организаиије
СКОЈ-а и Народне омладине да темељно објасне оиладини
одлуку Петог конгреса КПЈ о спајању СКОЈ-а и Народне
омладине у једну организацију и да је ангажују за
њено спровођење. •

СМРТ ФАШИЗМУ СЛОБОДА НАРОДУ! ЦЕНА 2. ДИНАРА
ОРГАН НАРОДНЕ СТУДЕНТСКЕ ОМЛАДИНЕ БЕОГРАДСКОГ УНГГЗЕРЗИТЕТА
Бр °ј 22 БЕОГРАД, 29 СЕПТЕМБАР Година XII

ФАКУЛТЕТИ.
Датум
Пријављено
положило
Пало
Одустало
Медицински
22
970
'554
85
331
Економски
23
2,895 *
1.587
225
1.083
Правни
23
1.921
1.184
187
560
Пољ. шумарски
23
3.670
2.033’
308
1.329
Филозофски '
22
12о
89
12
25
Ветеринарски
22
870
451
124
295
У К У П Н 0
10.452
5.898
931
3.623Конференција свршених матураната који нису примљени на факултете за које су се јавили

Сваки свршени матурант има
могућности за школовање

Прилив нових студената на наш Универзитет од
ослобођења је такав да ми данас имамо око 4 пута
више уписаних студената него што је то било пре рата.
Ова чишеница није нимало изненађујућа кад се има у
виду да се данас, у периоду нашег социјалистичког преображаја,
истовремено са порастом потреба за стручним
кадровима јављају и развијају нови услови који
широке могућности за стручно образовање тих кадрова.
С једне стране свест о потребама наше земље за стручњацима,
а с друге стране и обезбеђеше најнужнијих материјалних
услова за студираше, доводили су и доводе
хиљаде свршених средшошколаца на универзитет.
Као и прошлих година, тако и ове број пријава за
упис на наше факултете и отсеке је већи од шихових
могућности, а с друге стране није у складу са планом
уписа. Разумљиво, из тих разлога је и морало доћи до
тога да известан број кандидата није могао бити примљен
на факултете за које су се јавили. Да би се избегле појаве
из прошлих година, када је известан број одбијених
другова, уместо да се упише на неки други факултет
или отсек чекао по годину дана (па и две!) на нови упис,
Универзитетски одбор Народне студентске омладине сазвао
је 25 о. м. на Правном факултету конференцију одбијених
кандидата на којој је разматрано ово питаше.

Конференцију је отворио друг
Драгољуб Беатовић, члан Универзитетског
одбора НСО-а, и дао
реч другу Владану Пантићу, који
је у име Секретаријата УО
НСО-а изложио цео проблем
пред конференцију. Напоредо са
излагањем друг Пантић је
времено наглашавао да је једино
правилно решење у томе да
се одбијени кандидати одмах упишу
на оне школе, факултете
и отсеке на којима план уписа
није задовољен.
У почетку излагања друг Пантић
се осврнуо на потребе наше
земље за стручним кадровима и
на напоре наше Партије и Владе
да се обезбеди њихова стручна
изградња.
Ви се можете питати наставио
је друг Пантић: „Па зашто
онда ми нгфмо примљени?“
Погрешно би биЛо ово тумачити
„хиперпродукцијом" факултетски
образованих људи који једног
дана не би могли да нађу
запослење.- Ствар је, другови, у
што, према Плану, сваке
године са наших универзитета
треба да изиђе 5.000 стручњака.
Али не могу сви ти стручњаци
бити само лекари и инжењери,
јер су нам потребни висококвалификовани
кадрови и из других
струка. Показало се да највећи
број кандидата жели да
студира на неком од техничких
факултета или медицину, због
чега се и десило да су неки

други факултети и отсеци подбацили
са планом уписа, као
што се то нпр. десило на Aipoномском
факултету. План уписа
је нарочито подбацио на Вишој
педагошкој школи (смех).
Вама то изгледа смешно, али то
заиста није смешно када се
схвати хитност потреба за наставничким
кадровима, због чега
је трајање ове школе и одређено
на две године, не изгледа
смешно када се знају услови
студирања и то да је ова школа
реорганизована на групе по угледу
на Филозофски факултет
и да сви који је заврше, могу
касније да продуже студије на
одговарајућој групи на Филозофском
факултету.
Затим је друг Пантић изложио
важност оних факултета
које данас неупућени средњошколци
обично потцењују и на
којима због тога није остварен
план уписа. Као пример наведен
је Геодетски факултет Велике
техничке школе у Загребу
на коме још увек може да
се упише неограничен број студената.
Исти је случај наставио
је друг Пантић и са славистичком
и јужнословенском групом
Филозофског факултета.
Значи, сваки свршени матурант
има могућности за школовање,
Други разлог због чега сте ви
одбијени је чисто материјалне
природе. Најпре просторије.

Велика техничка школа има сада
6 —7.000 уписаних студената,
а то значи скоро исто колико
цео предратни Уииверзитет.
Друго, ми данас немамо довољно
наставника, а треће немамо
Ци довољно инструмената и радких
места за вежбе. На Великој
медицинској школи пре рата је
на 60 радних места радило 60
студената, а данас на тих> истих
60 радних места ради 400 студената.
То су разлози због којих сте
ви, другови, одбијени, а то су
заиста објективни разлози. Критеријум
је био такав да су првенство
на пријем имали другови
који су учествовали на радним
акцијама, другови који имају
одличан успех у учењу и
другови који су из радничких
породица.
- После излагања друга Пантића
учесници конференције поставили
су неколико питања па
су између осталог добили и обавештење
на ко}е факултете још
могу да се упишу,
Студенти који желе да студирају
у Загребу треба да се јаве
Комитету за научне установе,
високе школе и науке НРС, Београд,
Таковска 12.
Са овим је конференција завршена.
СА КОНФЕРЕНЦИЈА
ВАНРЕДНИХ СТУДЕНАТА

Ових дана одржане су конференције
ванредних студената
појединих факултета са задатком
да претресу искуство досадашњег
рада, пронађу тешкоће
и у дискусији самих заинтересованих
студената нађу нове методе
рада и отклоне сметње ка
бољем успеху. Хитност и важност
ових конференција постала
је очигледна. Број ванредних
студената је већ прсшле године
износио око 10.000. То су
све људи запослени у државној
управи и производњи који поред
свом нормалног посла желе
да раде на свом стручном усавршавању.
Разумљиво је да ће
они много допринети брзини пораста
броја високо квалификованих
кадрова али успех у многоме
зависи од начина и ефикасности
са којом ће се они моћи
укључити у рад на факултету.
То питање методике је зато
и\било једно од главних на
дневном реду.

На Правном факултету је
конференција била одржана 17
септембра. Дискусија је била
врло жива. Констатовано је да
су курсеви корисно послужили:
на појединима је присуствовало
и до 50 студената. Ипак се сма-

тра да 6и боље било да се настави
са методом консултација
где би било могуће да се претреса
индивидуално пређено градиво.
Затим је предложено да се
бар једанпут месечно организују
специјална семинарска вежбања
и да се за ванредне студенте
подесе предавања недељом или
радним даном увече. Тражено је
више рокова евентуално сваког
месеца и то слободних Примећено
је да није прецизно дефинисано
да ли ванредни студенти
имају право на петнаест дана
отсуства пред сваки рок или само
једном годишње. Недостатак
конференције је што се више
дискутовало о роковима, а мање
о централном питању: новим методама
рада.

Деветнаестог овог месеца одржана
је конференција ванредних
студената на Техничкој великој
школи. Присуствовало је
око 250 студената, а Ректорат је
заступао професор Винко Ђурђевић.
После реферата развила
се плодна дискусија. Предложено
је да се што пре објаве програми
предмета како би ванредни
студенти могли да распореде
рад. Осећа се затим потреба за
сталним курсевима, а не само
при крају године. Где то не би
било могуће требало би организовати
поподневна предавања
која би ванредни студенти могли
да похађају. Предложеноје
да се што пре објаве рокови и
програм графичких радова, што
је за студенте технике од велике
важности. Као помоћ студентима
из унутрашњости могли би
се повремено израђивати изводи
предавања и објављивати литература
која се може набавити.
Било је сугестија да се уредбом
заведе шесточасовно радно време
за ванредне студенте. У односу
на рокове било је сличних
предлога као и на Правном факултету.
Група студената на опоравку у јјудви

ПРЕД IV КОНГРЕС CKOJ-a

Покрајинска конференција СКОЈ-а
за Србију

У листу ~rwiac радног наро.
да“ бр. 1, који је изашао 1940
године, објављен је, поред осталог,
чланак о раду Покрајинске
конференције СКОЈ-а
за Србију који доноснмо у целини:
Пре извесног времена одржана је
покрајинска конференција Савеза ко.
мунистичке омлдине за II поред
бвсомучног терора, комунистичка
омладина Србије успела је да пошаље
своје делегате на ово важно већање
о борби за права и срећу радне омла.
дине. Млади комунисти скоро свих
места Србије имали су своје претставнике
на Покрајинској конференцији
СКОЈ-а. Међу њима је било 60
од сто радника, 36 од сто интелектуллаца
и 4 од сто сељака. Пе само
по предмету свога рада, него и по
добу својих учесника конфереиција је
била, у правом смислу речи, скуп
претстађника комунистичке младежи.
Већнну делегата сачињавалп су они
који имају између 17 и 21 године.
Међу њима их је било који су тек
ушли у покрет омладине, који су од
пре неколико месеци чланови СКОЈ-а.
Али бидо их је и таквих који располажу
дугогодишњим искуством који
су већ преко 5 па и до 8 година
чланови комунпстичке омладине. Већи
део делегата били су чланови партије,
али исто тако било их је и непартијаца.
Покрајински комитет КПЈ за Србију
и Централни комитет СКОЈ-а послали
су своје претставнике на ову важну
конференцију комуннстичке омладине
Србије. Својим сталним учешћем у
дискусији претставннк ЦК СКОЈ-а помогао
је конференцији да заузме пр|вплан
став по свим питањима. Претставпик
ЦК Партије изручио је делегатима
и преко њих свим младим
комунистима Србије поздрав Покрајинског
партиског руководства и том
придпком је изјавпо да ће Партија,
као досада тако и од сада, обнлно
помагати рад СКОЈ-а и борбу омладине.
„Упућујући ове поздраве Покрајинска
конференција тумачи жарку љубав
све радне омладине прсма авангарди
пролетаријата, највећем пријатељу
младих, херојској Комунистичкој
партији Југославије".
Конференција је такође упутила
поздрав и Централном комитету
СКОЈ-а, у коме се поред осталог кансе
и ово:
„Учвршћујући своје редове, млади
комунмсти Србије наставиће са још
више скаге борбу за права и бољи
живот радне омладине, за слободу и
социјализам против империјалисти
чког рата, а за савез са СССР-ом
земл>о« мира, благостања и срећнв
будућности".
Опа покра!инска одржана
неколнко година после оне

Koja joj je претходила, показада je
значајне резултате које је СКОЈ у
Србијн успео да оствари правнлним
спровођењем одлука VI конгреса Комунистичке
омладинске интериационале
и V земаљске конференције
СКОЈ-а.
У протеклом периоду борое против
империјалистичког рата, СКОЈ је успео
да један део омладине Сроије
поведе у акције Koj'e је против увлачења
Југославије у рат водила рб.днпчка
класа на челу са својом партијом
и да у најширим редовима омладине
раскринка имперпјалистички
карактер данашњег рата. За<го је конференција
с пуним правом могла у
својој резолуцији да констатује, да
проливена омладинска крв 14 децембра
и драгоцене жртве на улицама
Београда сведоче о страшној мржњи
омладипе према империјадистичком
рату и о њеној велпкој љубави и неограниченом
поверењу према политици
мпра коју води моћна земља социшлизма,
велики Совјетскн савез."
Покрајинска конференцпја СКОЈ-а
исцрпно се бавпла политиком владе
Цветковпћ-Мачек Корошец и утврдила
ie да ова влада земљу стално приближава
ратном вртлогу и робовању
страним империјалистима а народ и
омладину лишава најосиовннјих права
и немилосрдно rjpa у све већу
беду и глад. У вези са овим, и то
као резултат рада младих комуниста,
констаговала је пораст борбе за животна
права и интепесе радне омладипе.
Помогнути од страпе Комунпстпчке
партије млади комунистн Cp6nj"e, често
су успептно руководили акциЈ'ама
за побољгпање тешког положаја cßoj’e
генеоо’lи : е Затопл.тЈ*ући »'апорчма
које је СКОЈ учинио у овом правцу

хиљаде младих радника ступили су
у активну борбу. И зато је конференција
могла указаги на чињеницу да
је СКОЈ у Србијн знатно цроширио
своју базу међу- радничком омладином,
да младн радници данас претстављају
главну снагу покрета комунистичке
омдадине.
Упућујући младе комуннсте да
стално развнЈ'ају борбу за бољи живот
радничке омладине, а нарочнто
да се све више повезују са омладином
која ради у индустрпскнм предузећима,
да досад створене везе с-а
младим сељацпма користе у циљу
просвећивања и широког окупљања
сељачке омладине ради борбе за остварење
њеннх свакодневних захтева,
и даље, упућујући младе комунисте
да учине крај опасном занемарпвању
акције за животна права
студентске омладине, да будно пазећи
дта заостатке секташтва, учине све за
развијање масовиог средњошкожког
покрета, и најзад истичу огромну
ва:кност рада међу женском омладином.
Покрајинска конференција
СКОЈ-а за Србију одговорила је свој’им
задацима: упутила j’e младе комунисте
Србије на који начин, под
данашњим условима и после постигнутих
резултата да воде борбу за
права и бољи живот своје генерације,
како да преко тога поведу најшире
слојеве омладине у борбу против империјалистичког
рата и агсната стране
инвазије у самој земл>и. за мир,
независност и Савез са СССР-ом.
Пјретставпицп комупистичке омладине
већали су и допели одлуке j’om
о једном важпам питању. Из сопствепог
игкуста omi зпају дл иаука Маркса,
Енгелса, Лсњииа и Стаљина даје

омладнни одговор на сва питања која
се пред њу постављају, да ова револуционрна
наука загрева срца младих
и од њих чнни хероје борбе за један
бољи свет. И зато је конференција
истакла марксистичко - лењинистичко
васпитање младих бораца као један
од првих и нјважнијих задатака коме
треба стадно посвећиваги највећу
важност.
Конференција је такође показала да
је СКОЈ у Србији успео да око евојих
руководстава жупи велики број
младих комуниста. Учињени су велики
напори у томе правцу, и нема сумње
постигнути су значајни резул-тати,
Ал« покрајинска конференција
и поред младости својих учесника и
по том питању показала је сву своју
озбпљност, када је означила велике
задатке пред којима се још увек стоји
ради даљег и ширег повезивања
СКОЈ-а са хиљадама још неповезаних
мддих комуниста који траже и хоће
да буду у склопу свога Савеза, 0
том пптању се у резолуцији каже
следеће;
„Са највећом бригом за сваког човека
треба свв који се осећају комунистима,
ма како они мало знали и
мало искуства имали, организационо
обухвти и тако проширити твмеље
нашем Савезу и створити услове за
развијање кадрова".
Постављајући на овај начин пнтање
даљег проширења СКОЈ-а конференцпја
је пшром отворила врата
СКОЈ-а свпм радним омЈЈадпицима
Србпјс којн хоће да се боре за права
своје генсраинје и да се вагпптавају
у духу нптке велтпшх учптел.а потлачспог
човечапства Маркса, Енгелса,
Лењипа и Стаљина.

2

НАРОДНИ СТУДЕНТ

Број 22Стручни одбор универзитета
одржаће конференцију
по питањима праксе

Овог лета је први пут плански
организован одлазак Јреликог
броја студената на праксу. Пракса
је била добро припремљена
и организована, а сам рад на
пракси регулисан је уредбом. У
практичним радовима учествовали
су скоро стопроцентно
студенти за које је пракса била
обавезна. Праксом су били обухваћени
студенти друге и треће
године Техничког, треће, четврте
и пете године Медицинског,
треће и четврте године Ветеринарског
факултета, (са положеним
или пријављеним испитом
из патологије), студенти
друге и треће године Пољопривредно-шумарског,
треће године
Фармацеутског факултета и студенти
и хемијске групе.
Број студената предвиђених
за праксу подбацио је на Ветеринарском
факултету због неположеног
испита из атологије.
Наши студенти су се овога
лета на пракси у фабрикама,
амбулантама, клиникама, на пољопривредним
добрима и оглед-

ним станицама први пут упознали
са својим будућим позивом.
Њиховим искуствима, питањима
и проблемима с обављене
праксе шУгбавиће се конференција
која ће се одржати
у стручном одбору Универзитета
Народне студентске омладине.
Поред тога одржаће се конференције
и по факултетима. На
тим конференцијама ће се резимирати
искуства са праксе, уочити
евентуалне слабости у њеном
организовању и припремању, утврдити
недостаци и грешке
било студената, било предузећа
и њихових стручних руководилаца.
Изношење овогодишњих
искустава омогућиће стручном
одбору да добије јасне претставе
о резултатима овогодишњег рада
на пракси и да убудуће отклони
грешке. Да би ове конференције
што више користиле
студенти би требало да доставе
својим стручним одборима запажања
о недостацима на пракси
као и типичне случајеве са
праксе.

Велики број одусталих
на Природноматематичком
факултету

Полагање септембарских испита
на Природно-математичком
факултету је у пуном јеку. Стотине
студената треба да ликвидирају
своје заостале испите из
јунског и других рокова и да
тиме одговоре обавези коју су
дали. Међутим, стотине не полажу,
За овај испитни рок пријављено
је око 1.200 испита. Према
распореду полагања први испитни
дани предвиђени су'за оне
који у току лета нису учествовали
у радним акцијама или на
практичним радовима. Према
томе, са правом се очекивало да
ће они показати добре резултате
и у погледу квантитета, а нарочито
квалитета испита. Скоро
цуна три слободна месеца распуста
и релативно добри резултати
у јунском року давали су
наде на успех. Никаквих нарочитих
тешкоћа у погледу уџбеника
није било. Међутим, до
жељеног и с правом очекиваног
успеха није дошло, бар не у
првим данима. Напротив, ови испити
су огледало правог муњевито
кампањског припремања.
Плод таквог рада је појава масовног
одустајања и релативно
слаб квалитет пцложених испита.
О томе бројеви најречитије
говоре: за испит из физике пријавио
се да полаже са три груџе
(хемиске, физичко-хемиске и
математичке) 41 кандидат од којих
је одустало 33, или 80%; за
систематику животиња (биодошка
група) пријавило се пет
кандидата и свих пет односно
100% је одустало; за математику
(физичка група) пријавило се
два кандидата и оба су одустала;
за органску хемију (хемиска
група) пријавило се 49 кандидата
од којих је одустало 26,
односно 53%; итд., итд.
Из ових цифара јасно се види:
прво, са колико се мало знања
изишло на испите и друго,
са колико се неодговорности
прилази обавезама. О томе сведочи
овај пример: само за три
дана испита одустало је 34 кандидата
са три групе (физичке,
физичко-хемиске и климатолошке)
насупрот датој обавези да
he ликвидирати укупно 139 испита.
На тај начин јасно је или
да су дате обавезе нереалне
(што највероватније није случај)
или да се студенти уопште нису
осетили одговорним према њима,
те су ове, у датом случају, изгубиле
своју врло позитивну улогу.
Имаlући у рилу изганредке
потребе у raДРУ*
а такође и у научном по

нашим институтима, мора се
прекинути са оваквим случајевима
и осигурати сталан, свакодневно
све већи, прилив нових
стручњака у наше културне и
научне установе.

Мимо ратне пероне

Над и
Нижу се поред воза раскршћа влажна и јабланови...
Пролеће, да си бар ти то по пропланцима
Прострло свој ћилим исткан од меких трава.
О, пролеће, да си се јавило пупољцима:
смејала би се, смејала, даљина ведро плава.
Узаман чекам да се на перону јави она.
Узаман чекам њен лик, њен глас.
Како су сетна у рату станична звона,
како је тешко проћи а не видети јој стас.
Пролазе станице, пролазе пусти перони,
но осмех ми на лице тек слети као зрак. *
Знам: једном ће стићи и ови сетни вагони,
пружићу се по трави, а дан he бити млак.
Знам: једном he стићи и ови сетни вагони.
У ћилиму пролећа она ће бити цвет.
На пут he да нас прате пуни жагорнр вагони
на пут, на пут, у бели, сунчани свет.

Слободан МАРКОВИЋ

Академско позориште спрема
„Сумњиво лице"

Наше Академско позориште
ријешило је да на сцену постави
комад из домаћег репортоара
„Сумњиво лице“ од Браннслава
Нушића.
Нушић је као писац био под
благотворним утицајем Гогоља.
Али он није компилативно преносио
великог руског реалисту
на наше тле, него је уносио наш
дух, нашу стварност, нашег среског
капетана" у своје комедије.
Та је стварност, али, у мнбго
чему била слична руској стварности.
Нушић је био ученик Го-

гољев, код н>ега се ,учио реализму.
И оно што је код Нушића
велико оно Је у исти час и прожето
реализмом, одговарајућом
живом стварношћу, умјетничким
фактима, временом. Нушић ca>i
пише у предговору oee своје
комедије; „Испод таквог снажног
утицаја тешко је било извући
се, а комедиографу утолико
теже, што је тадање наше
друштво, напосе бирократиЈа,
било тако истоветна са оном из
„Ревизора“ да се Гогољ замало
па могао сматрати нашим домаћим
писцем. Под тим су всликим
утицајем Гогољевим сви мо*
ји комади писани осамдесетнх
година, „Народни послаиик“,
„Протекција“, а на првом месту
и највише „Сумњиво лице“, које
he свакојако и у многоме
Цбтсетити на „Ревизора“. На моме
оригиналном рукопису овоra
комада чак и не пише „комедија
у два чина“, као што је то
доцније на позоришним листама
написано, већ „гогољиЈада у два
чина.“
Чланови Академског позоришта
били су на Умци петнаест
дана. Тамо се анализирао читав
комад. читане су ствари блиске
овој Нушићевој комедији (Гогољев
„Шишел“, Нушићева „Власт“
и приповјетке), испитивао Нушићев
стил и др. Нарочито се
радило и данас се ради на томе
да се комад лиши свих преоптерећења,
баналности, да се
потенцира, нагласи његова дубља
политичка и умјетничка садржина,
да се развије све оно
што је некад спречавало (због
реакционарних власти) да оваЈ
комад изиће на сцену. Редитељ,
руководилац тога посла, је другарица
Соја Јовановић. Та иста
тенденција испољава се и у организацији
декора. ИзбацуЈу се
све спољне манифестације тадање
власти, бирократије (масе аката
и др.).
Подјељене су улоге: ЈеротиЈа
Пантића, среског капетана, игра
Б. Паскаљевић, Вићу , Мића
Томић, Жику Раде Марковић,
Милисава Зоран Петровић,
Алексу Жуњића ЈБубиша
Панловић, Марицу Оливера
Марковић итд. Од 10 до 15
октобра одржаће се генералне
пробе. А затим ће позориште да
д& у Шапцу две претставе за
грађанство. И након тих претстава
наставиће се пробама.
Ово све свједочи о напорима
чланова да комад буде на висини,
да се изрази оно што је битно,
позитивно у њему, да се покаже
Нушић као напредан стварплац
са одређеним умјетничким
квалитетима. А послије таквог
примјерног рада иступиће
Акадсмско позориште на Фестивалу
Народне омладине Југославије.
Добили смо још један нови факултет

Ове гбдине се у нашој земљи
први пут отвара СтОматолбшки
факултет ' као дбо Медицинске
великедпколв у Београду. Отварање
овог факултета је још један
доказ настојања наших наррдних
власти да се што пре
отклоне последице непланског
уздизања кадрова и мале бриге
за живот народних маса што је
постојало у старој Југославији,
да се што пре реши проблем
недостатка високо квалификованих
зубарских кадрова у нашој
земљи проблем који стоји
насупрот огромном броју зубних
обољења и уопште неразвијене
профилактичне зубарске
службе.
Узрок оваквом стању треба
тражити у досадашњем начину
уздизања високо квалификова-

них зубарских кадрова. По завршетку
Медицинског факултета
зубарство се специјализирало
у пракси, или се одонто-стоматолошки
студиј завршавао у
иностранству. Тако се код нас
пре рата добијало годишње око
18 зубних лекара, док се истовремено
у пракси специјализирало
око 20. Из једног упоређења
може се видети до каквог је
поражавајућег резултата ово довело:
у Југославији један зубни
лекар долази на 35,000 станов-’
ника, у Чехословачкој на 15.000,
у Мађарској на 8.000 а у Швајцарској
на 4.500. Посебно у Србији
стање је много горе: један
зубни лекар долази на 43.000
становника! Слично стање је и у
другим народним републикама.
Стоматолошки факултет у Бео-

граду служиће као наставношколска
база за изградшу високо
квалификованих стоматолошких
кадрова за Македонију,
Црну Гору и делимично Босну
и Херцеговину. На факултету се
истовремено отвара први, други
и трећи семестар, тако да he известан
број студенага медицине
прећи на стоматологију.
Студенти ће на овом факултету
добијати и шире медицинско
образовање. Управо зато то
је стоматолошки, а не Одонтолошки
факултет који би давао
претежно зубне техничаре.
Поред Стоматолошког факултета
у Београду се отвара двогодишња
Виша зубарска школа
која ће у краћем року обезбедити
неопходно потребне одонтологе.
М. Гвозлековић у ТУ^ЈЕЛУ

Друштво
„Бранко Крсмановић“
заказало такмичење
свим универзитетима

На конференцији, која је недавно
одржана, наше културноуметничко
друштво „Бранко
Крсмановић“ заказало је такмичење
за Фестивал свим факултетима
у земљи.
То такмичење се спроводи и
у част IV конгреса СКОЈ-а и
Народне омладине Југославије.
Реферат о задацима културно-.,
уметничког рада одржао је друг
Пера Јовановић. У реферату је
истакнуто да треба радити на
томе да што већи број студената
буде ангажован и укључен
у друштва. Што се тиче Фестивала,
наглашено је да се наши
студенти залажу да програм
буде на висини, да се сталним
пробама побољша квалитет,
У дискусији је узело учешће
велик број чланова друштва.
Прихваћен је позив на такмичеше
културно-уметничког друштва
„Иво-Лола Рибар“ по следећим
тачкама: које he друштво
дати бољи квалитет пррграма на
Фестивалу, у учешћу што већег
броја чланова у идејно-политичком
раду, у ликвидацији заосталих
испита, у сакупљању књига
за библиотеку и претплате за
омладинску штампу и часописе.
У даљој дискусији предложено
је да се по истим тачкама
такмичи и са студентима из Загреба,
Љубљане, Сарајева и Скопља.
Донети су и закључци о
задацима који стоје пред појединим
секцијама културноуметничког
друштва, о задацима
које треба остварити у току
такмичења за Фестивал.

Број 22

НАРОДНИ СТУДЕНТ

3ИЗ СОВЈЕТСКОГ САВЕЗА

„Добро дошли“ - поздрав
студентских листова
хиљадама нових совјетских
студената

~Добро дошли“ овај поздрав
испнсан је крушшм словима на
дрвим страницама многобројних
студентскнх дисгова посвећених
новом примању омладине у вишв
шкоде Совјетског Савеза. 800 универзитета
и института у земљи
примили су ове године десетннв
хиљада ученнка којн су зааршнли
средњу школу, Сваки студентски
јшст детаљно прича о својој школи,
открива пред младићнма и девојкама
широке перспективе учења
и даљег рада ua специјалности.
Лист Московског државног учгвверзитета
~Ломоносов“, одликованог
ордешом Лењина, почиње речима
ректора академика Њесмејанова
упућеним новим студентима:
~Вас чека најстарији универзитет
Совјетског Савеза, пише
академик, Овв годпне универзитет
је дао земљи 1.300 младих
сгручњака, а 1750 новнх студената
дошло је да их смени.“
У листу је објављен есеј ~К*роз
универзитет“. У њему се прнча о
прошлости и садашњости школе
чији је творац велики руски научник,
син архангелсвог сељакапоморца
Мнхаило Ломоносов.
Свака слушаоница Московског
уневерзктета везана је за дугогодишњу
кудтуру руског народа.
Ту су се васпитавали класици руске
књижевности: Љермонтов,
Тургењев, Гончаров, Бјелински,
Херцен. На њему је био геније
руске поезије Александар Пушкин.
На уииверзитету су учили и држали
цредавање вође руске науке
као што су неуморни пропагатор
дарвинизма Тимирјазев, Сечекош
познати физиолог у целом свету,
Лебедев чувени фиаичар,
Жуковски отац руске авнјације
и др.
У саставу овог највећег уннверзитета
у земљи улази 12 факултета,
11 научно-истраживачких института
и 173 катедре.
Десет академика, 73 професора
и доцента руководе подизањем
младих хемичара. Међу њима је
херој социјалистичког рада академпк
Н. Зељинскн. Лист упознаје
читаоце са слушаоницама и кабпнетима
осталих факултета-филозофског,
филолошког, економског,

исторнског, правног, биодошког и
других.
На крају листа Московског универзитета
налази се чланак који
упознаје чцтаоце са добро уређеиим
одмарадаштем у коме сваке
године проводе свој летњи распуст
стотине студената.
Исто је тако популаран код совјегске
омладине и други највећи
универзитет у земљи лењинградски.
~Данас пише студентски
лист ~Лењиградскм универзнтет“
колектив универзнтета
броји 12.000 људи, од којих око
1.200 научних радника. Међу научним
радницима уннверзитета је
280 професора и доктора науке,
74 академика и дописннх чланова
академије наука СССР, 12 заслужиих
научних радника, 24 носилаца
Стаљинске премије."
Ннтересантан је број листа, посвећен
примању нових студената,
који је изишао у младом совјетском
унпверзитету у Горком. Он
је подигнут пре 30 година али је
већ задобио признање и љубав совјегске
омладпне. У 'једном од
чланака листа прича се о студен.
тима који су завршили биолошки
факултет и који данас раде у научно-исграживачкнм
установама у
земљи. 330 високо кв&лификованих
стручњака изишло је последњих
година са овог универзитета..
~Четири хпљаде инжењера металургије
подигао је наш институт,
пише студентски лист Московског
института челика који носи
име Стаљина. На катедрама и
у лабораторијумима института по.
следњих година завршено је 700
научно-истраживачшх радова.“
Листови „Совјетсви лекар“ Другог
московског медицинсжог института,
~ТимирјвBевац"“ Свесавезне
пољопривредне академије,
„За учитељске кадрове" Педагошког
инстигута у Горком, говорв
довим студентима о дивном и почасном
раду лекара, агронома, учитеља...
Сто хнљада совјетских младића
и девојака дошдо је ове године на
више шволе у земљи. Студентски
листови у Москви, Кијеву, Риги,
Бакуу, Минску обраћг
им се са поздравом ~Добро до
шлн!“
Превела с руског В„ И.

Заседање Савета
Међународног савеза студената

Под пародом ~3а мир, националну
незавнсност и слободу наставе"
у Парнзу је одржано друго
годишше саветовање Међународног
савеза студената на воме
учествују дедегати из 40 земаља,
међу којпма и Југославија. Нашу
студентску омладину заступао је
друг Нијаз Дпздаревнћ.

СШуденшима Трста
онемогућено учешће
У роцу СовеШа *
Међународног
сШуденШског совеза
Савез тршђанскпх студената упутио
је окупационој војној управи
у Трсту писмо у коме се протестује
због поступка цивплне полиције.
Цивилна полпцпја је ускратила
делегатима тршћанских студената
издавање путних дозвола
и на тај начин онемогуђпла њпхово
учешђе па међународном са.
ветовању студената. Савез тршћанскнх
студената такође је унутио
писмо Међународном студентском
савезу с молбом да интврве*

нише и протествује по овој ствари
код британске и америчве владе.
СТУДЕНТИ КУОМИНТАНГОВЕ
КИНЕ ПРОСЕ ХРАНУ ПО УЛИЦАМА
НАНКИНГА И ХАНКАУА
Положај студената у Куоминтанговом
делу Кине, пружа жалосну
слику, према извештајима листова
из Пекинга и Тјенцина. Студенти
избезумљена- изгледа, укључујући
и девојке, у групама од 30 до 60
просе храну по радњама Куоминтангове
престонице Наннинга и
Ханкауа. У међувремену Куоминтаигове
војне и полициске власти
растерале су преко 1700 студената
из провинције Хонана који су молили
Куоминтангово министарство'
просвете да им одобри школовање
и помоћ, 300 студената из Хонана
оштетили су у Ханкау једну
зграду министарства просвете када
су Куоминтангови функционери
одбили да их приме. У Пекингу
стари храмови пуни су изгладнелих
и бескућних студената из разних
крајева које контролише Куоминтанг.
У борби за опстанак и студије
студенти се организују против
Куоминтанговог^-терора.

ФИСКУЛТУРА И СПОРТ

Спровођење одлука II конгреса ФИСАЈ-а

ОСНИВАЊЕ НОВИХ КЛУБОВА

Спроводећи у дедо одлуке II конгреса
Фнекултурног савеза Југославије,
пре десетак дана лришло се
формирању клуцова у оквиру спортских
друштава. У гом погледу Црвена
звезда је показала највише агндности
и иницијативе. Наше друштво је прво
у држави створило атдетски кдуб који
ће допринети још већем популарисању
атдетике и њеном омосовљењу.
Он ће имати за задатак да обухвати
што већи број омладииаца и омладинкн,
првенсгвено из редова студенеке
и средњошкодоце омладнне. То
he и омогућити да на идућим такмичењима
која ће се одржати по шкодама
и факултетнма дођу до изражаја
нови таленти и то у већем броју
него шхо је то досада било.

Ових дана Црвена звезда је такође
основала и веслачки клуб први ове
врсте у земљи. Досадашња веслачка
секција Црвене звезде која је у своме
раду, нарочито у такмичењу за
првенство државе у веслању, посгигла
велике успехе претвара се у веслачки
клуб. Тако је веслачка секција
Црвене звезде на скорашњим олнмписким
играма у Лондону дала пет
својих иајбољих веслача за осмерац
и једног веслача за двојац са кормиларом.
То и показује потребу формирања
и осамостаљења веслачког клуба.
Црвена звезда, као најмасовније
друштво у држави прићи ће кроз
кратко време и формирању клубова
за остале спортске гране. Тако се у-

скоро очекује формпрање шаховског
клуба кој,и ће још више допринетн
развоју, популаризацији и подизању
квалитета шаха међу омдадинцима
члаиовима Црвене звездв из чијих
су редова поникли Ивков прошдогодишњи
омладински првак државе у
шаху и Матановић, који је ових дана
заслужено освојио титулу омладинског
првака. Велико учешће омладине на
шаховским такмичењима (радне авције,
омладинска првенства, првенства
факултета и Универзитета) показују
потребу формирања шаховског
клуба.
Кошарка-секција, која је у овогоч
дишњем такмичењу за првенство државе
заслужено поново освојила прво
место, и фугбалска секција, која je
у свом досадашњем раду и развоју
постигла видне резултате такође ће
се ускоро претворити у клубове.
Формирање нових клубова у оквиру
фискултурних друштава је новина у
нашем фискултурном поврету, коју су
усдовили напредак и развој појединих
спортских грана као што су атлетика,
футбал, веслање и др. Зато овакав
начин организације фискудтурних
клубова код којих ће се унети нови
методи и начини рада допринеће
правилном развоју појединих спортских
грана, чиме ће оне добити пун
замах у свом даљем развоју. То ће,
значи, допринети популаризацији
спортских грана, омосовљењу фискултуре
и подизању квалитета нашег
спорта. А то је оно што и хоће наш
фискултурни покрет. Сл. Шиндолић

Нови терени Црвене звезде

Црвена звезда, најмасовније фискудтурно
дјруштво у Србији, а може
се рећи и у целој земљи, досада није
имала своје терене и игралиште.
Чданови свих секција сем кошаркасекције
биди су принуђени да тренирају
на туђим теренима.
Ове године наше друштво је добило
неколико већих спортских објеката и
изградило неколико мањих. Пре извесног
времена приступило се преуређењу
стадиона за кошарку на Малом
Калемегдану. На месту зида, где се
налазило стајање, поднгнуте су трибине,
тако да овај стадион сада молге
да прими око 2.500 гледалаца и сматра
се за највећи стадион кошарке у
земљ«. Поред овог стадиона, изграђена
су још два терена крај друштвене
зграде. Један је терен за одбојку,
а други за кошарку, којц ће

служити за тренинг и за мање утакмице,
Сем тога Црвена звезда је добида
стадион ~Аваља“ са свим споредним
и помоћним теренима.
Дом водених спортова на Адн Циганлији
и весдачки стадион са трибинама
и хангарима за чамце такође
су постали влаоништво нашег друштва.
Сви ови нови терени носиће огсада
име Црвене звезде.
Раније предвиђена изградња трибина
око пдивачког басена на Малом
Калемегдану неће се остварити, пошто
Урбаннстичко одељење има друге планове
улогледу овог басена.
Добијање нових терена има ведики
значај. Отсада ће чданови свих
секција моћи да тренирају редовније и
чешће, што ће свакако утицати на
побољшање форме наших спортиста.
3. Димитријевић

„Дан Народне технике"

Централии одвор Народне тех.
нике п имајући у виду велике успехе
које су постигле организације
Народне технике у испуњењу
једногодишњег плана, у припремању
кадрова за Армију и
привреду и у приближавању технике
широким слојевима нашег
народа, донео је одлуку о оргацизовању
„Дана народне технике“.
Задатак организације Народне
технике биће да се тога дана
чланство и радни људи упозна.ју
са значајем организације у подизању
одбранбених снага наше
земље, Тога дана ће се приступити
масовном формирању нових
клубова технике по предузећима,
школама и установама, отварању
нових радионица, нових
школа, као и раду нових течајева.
Дани „Народне технике" одржаће
се током септембра, октобра
и новембра месеца- „Дани
Народне технике" биће организо-

*
вани у оННиру митинга tt приредби
са предавањима, приказивањем
модела и макета авиона,
Једрилица, бродова, разних машина
и објеката, летилица пловног
парка, алата за рад, изграђених
радионица, мотоцикаха,
фото-апарата итд. Затим ће се
одржати дефиле, наступи гетећих
модела, једрилица и акроба-

цИје, и мотоциклистичке
трке или вожње спретности,
затим пионирско такмичење,
такмичење моторних чвмаца на
води и др. То ће омогућити још
већу популаризацију и примену
Народне технике, стварање нових
организација по градовима и
селима и њено даље омасовљење.
Кошарка

На првом јуниорском првенству
прва места су заузеле екипе
Црвене звезде

Ових дана је у Сплиту завршено
прво јуниорско првенство државе у
кошарци, на коие су учествовале мушке
и женске екипе најбољих друштава
скоро из свих република,
У такмнчењу мушких екнпа, на коме
су учествовале: Црвена звезда
(Београд), ФД Загреб, Енотност (Љу-

бљана), Бокељ (Котор), ФД Сарајево
и ФД Работнички (Битољ), прво место
је заслужено освојила екипа Црвене
звезде која током такмичења
није изгубила ниједну утакмицу.
Женска екипа Дрвене звезде, победом
над екипама Хајдука (Сплит) и
Полета (Марнбор) такође је освојила
прво место.

Атлетика

Нови рекорди

Полуфнђале' екипног првенства у
атлетицн које су одржане у Београду,
Загребу, Цељу и Борову завршене
су у суботу и недељу. Као и на
досадашњим лакоатлетским такмнчењима,
тако је и овом прпликом оборено
неколико старих рекорда.
У суботу, у трци 1500 м, В.
Плић, члан Црвене звезде је постигао
нов српски рекорд 4:00,8 док је
Шарчевић у бацању кугле 14,62 оборео
стари хрватски рекорд.
Другог дана такмичења постигнутн
су нови државни и републички рекор.
ди. У трци на 5000 м. Шегедин (Партизан)
је поставио нов југословенски
рекорд са временом 14:48,8, док
је Дангубић (Спартак) бацио бомбу
78,21 метар и тиме за 75 сантиметара
побољшао стари рекорд који је држао
М, Вујачић. Женска штафвта
Младости 4 х 100 у времену 53,1

постигла је нов хрватски рекорд. Ћосић
је на 800 м. поставио нов српскл
рекорд 1:55,3.
8а фннале прг.енства државе, које
he се одржати од 10 до 12 октобра у
Загребу пласнрале су се следеће
мушке екипе: Партпзан, Младост,
Црвена звезда, Загреб, Спартак и,
Кладивар (Цеље) а од женских: Кладивар,
Спартак, Младост, Славен (Борово),
Слобода и Динамо
(Загреб).

Футбал
Гостовање бсчког
»Рапида* у Бгограду
У недељу и уторак београдска публика
ће имати прилику да први пут
после осдобођења види аустрискв
футбадере, који ће одиграти две утакмице.
Прву утакмнцу, 3 октобра,
бечки Еапид ће играти са Партизаном,
док" ће се у уторак, 5 октобра
састати са Дрвеном звездом.
За утакмице влада велико интересоваље
с обзпром да се Рапид налази
међу водећим клубовпма у Аусгрији
као и због последњих успеха
које је постигао како у земљи тако
и у иностранству.

Одговорни уредник Влада Митровић, ст. права Уредништво и администрација Веоград, Балканска улица 4. гелефон 23-464; број чековног рачуна 1-9060014.
Штампарија „Омладина", Београд, Војводе Мишића улица број 19

4

НАРОДНИ СТУДЕНТ

ОБАВЕШТЕЊЕ
Познвају се друговн које желе
да раде у фото-одељен>у Народног
студента (као фото-репортери или
лаборанти) да се јаве Редакцији.
ИЗ РЕДАИЦИЈЕ

Đp*aj 22
  </body>
 </text>
</TEI>