<TEI version="3.3.0" xmlns="http://www.tei-c.org/ns/1.0">
 <teiHeader>
  <fileDesc>
   <titleStmt>
    <title>The shortest TEI Document Imaginable</title>
   </titleStmt>
   <publicationStmt>
    <p>First published as part of TEI P2, this is the P5
         version using a namespace.</p>
   </publicationStmt>
   <sourceDesc>
    <p>No source: this is an original work.</p>
   </sourceDesc>
  </fileDesc>
 </teiHeader>
 <text>
  <body>
   <p>This is about the shortest TEI document imaginable.</p>
  </body>
 </text>
  <text>
  <body>
ТЕЛЕГРАМ
ЦЕНТРAЛНОМ КОMИТЕТУ КПЈ

Са пленарног састанка Универзитетског одбора НСО-а
Београдског универзитета, великих школа и академија,
а у име читаве Народне студентске омладине, поздрављамо
руководство наше славне Партије Централни
комитет на 'челу са другом Титом.
Наш плеиум на основу историских одлука Петог конгреса
КПЈ, закључака X пленума Централног већа Народне
омладине Југославије и нашег досадашњег искуства
одредио је задатке који стоје пред Народном омладином
Београдског универзитета у овој школској години.
Схватајући да су наши факултети и велике школе
извор нових социјалистичких висококвалификованих кадрова,
ми смо пред нашу организацију поставили и даље
као главни задатак стручни рад. У борби за изградњу
и васпитање нове социјалистичке интелигенције, новог
кадра, стручњака и научних радника. Народна студентска
омладина још више ће развијати кроз разне форме стручног
рада љубав према науци и стручном усавршавању.
Упоредо са борбом за стручно оспособљавање наша
организација бориће се за свестрано васпитање студената
у духу марксизма-лењинизма, за свестрано идеолошко,
политичко и културно уздизање, социјализму оданих кадрова,
за појачање спремности на борбу са свим тешкоћама.
’
У исто време у име Народне студентске омладине
Београда, протестујемо против клеветничке кампање изазване
резолуцијом Информбироа која се води против наше
Партије и наших народа, а посебно против неистинитих
вести о тобожњем слагању београдских студената
са Резолуцијом Цнформбироа. Одбацујући свако овакво
тврђење као најсрамнију увреду за Народну студентску
омладину, ми се још чвршће збијамо око наше Партије и
њеног ЦК, свесни да својим упорним радом на остварењу
партиске линије пружамо сигуран ослонац у изградњи
социјализма у нашој земљи.
Имајући увек пред очмма револуционарне традиције
нашег Универзитета ми обећавамо нашем ЦК-у да
he омладина Београдског универзитета учинити све да изврши
своје задатке у овом периоду изградње соцкјализма.
Нека живи херојски Цетрални комитет наше Партије
на челу са другом Титом на част и славу наше Партије
и нашег народа!
v ПЛЕНУМ УНИВЕРЗИТЕТСКОГ ОДБОРА
НАРОДНЕ СТУДЕНТСКЕ ОМЛАДИНЕ
БЕОГРАДСКОГ УНИВЕРЗИТЕТА

ПЛЕНАРНИ САСТАНАК УНИВЕРЗИТЕТСКОГ ОДБОРА НАРОДНЕ
СТУДЕНТСКЕ ОМЛАДИНЕ

ЗАДАЦИ НАРОДНЕ СТУДЕНТСКЕ
ОМЛАДИНЕ НА ПОЧЕТКУ НОВЕ ШКОЛСКЕ
ГОДИНЕ

из рефераша друга Власшилара Пуоића

3. овог месеца одржан је пленарни састанак Универзитетског
одбора Народне студентске омладине. Пленуму
су присуствовали, поред чланова пленума, претставници
ректората Универзитета, Комитета за научне установе,
високе школе и Универзитет, чланови факултетских
одбора и чланови секретаријата актива Народне студентске
омладине.
Реферат о задацима Народне студентцке омладине
нашег Универзитета на почетку нове школске године
поднео је друг Властимир Пурић, члан секретаријата Универзитетског
одбора Народне студентске омладине.

У почетку свог реферата друг
Пурић говорио је о Петом конгресу
Комунистичке партије Југославије
и задацима које је
он поставио пред све наше
народе а посебно пред организацију
Народне студентске
омладине, у вези стварања високо
квалификованих кадрова и
њихове улоге у извршењу Петогодиодњег
плана, па је рекао;
. .Захваљујући раду Партије и
стваралачкој иницијативи радћог народа
и науци марксизма-лен.инизма
којом се руководимо и која омогућава
да се брже и лакше овлада стручним
знањем, постигнути су велики
успееи, какви се у прошдости не би
могли ни замислити, у уздизању и
стварању нових стручних кадрова,
неопходних за нашу социјалистичку
изградњу,
Говорећи о тешкоћама на које ћемо
нанћи при остварењу Петогодишњег
плана и којих морамо бити свесни
да бисмо успели да их савладамо,
Друг Тито је на првом месту изнео
тешкоће и потребе за стварање нових
стручних кадрова. Друг Тито је
нзмеђу осталог рекао: „Кадрова са
факултегском спремом требаћемо двадесет
хиљада више но што имамо данас.
Створити те кадрове, то је врло
тежак задатак, али га ми морамо савладати“.
* •
Тиме је друг Тито одредио и улогу
нове социјалистичке интелигенције
у соцнјалистичком дреображају
наше земље.
Наши универзитети и високе школе
треба да дају нашој привреди што
више, брже и што боље високо-квадификоване
стручне кадрове, дубоко
едане нашим народима и непоколебљиве
борце за социјализам. Таква удога
намењена нашим универзитетима
одређује и задатке Народне омладине
на универзитетима и високнм
школама.
У вези са порастом производње и
великим задацима Петогодишњег плана,
нарочито оштро се поставља питање
високог стручног кадра. Говорећи
о успесима, постигнутим у подизању
високо-квалификованих кадрова
на нашим факултетима, друг Ран.
ковић у свом извештају нквео је и
основне слабости, а то је ~ да се не
посвећује довољна пажња питању
квалитета кадрова, због чега они са
универзитета одлазе недовољно оспособљени.
Тиме се намеће и задатак
да: треба код студената, кроз
предавања и практнчне радове, развијати
више љубави према науци“.
Сигурно је да ће се наше државне
и универзитетске вдасти позабавити
питањем уклањања ове слабости. Организације
Народне студентске омладине
са своје стране треба да • на

основу закључака X пденума Централног
већа Народне омладине Југославнје
~о побол.шању рада Народне
студентске омладине“ изврше анализу
свога досадашњег рада, уоче
сдабости и подвуку успехе, како би
могле правилније одредити задатке
на почетку нове шкодске године.
То је и циљ одржавања овог данашњег
Пленума Народне студент&ке
омладине иљшег.. .Јчшверзитста,
Васпитати новог стручњака, градитеља
социјализма, био је и ociaje
главни 'задатак Народне омладине на
и високим школама.
Организације Народне студентске
омладине, које су у својнм редовима
окупиле 98% свих ; студената на нашем
Универзптету водиле су негде
више, цегде мање, али доследну борбу
за посећнвање предавања и редовно
добро полагање испита. Постигнти
резултати у току прошле године

roßdpe да je већина чланђва Народне
омладине на Универзитету правилно
схватила своје обавезе у погледу учења.
У септембарском испитном ро.
ку прошле године било је прнјављено
15.858 испита од чега је положено
9.291 или 59%. У јануару ове
године од укупно 26.632 пријав.
љена испита, положено је 17.419
или 66°/о, док је у јунском испитном
року број положених испита износио
70% од броја пријављених испита.
Ови успеси, иако Још незадовољавајуђи,
показују видни напредав не
само у поређењу са испитним резултатима
ппошле године. него изражавају
и осетно побољшање између два
испптна p<ma. Ово је у првом реду
резултат свести нашнх студената о
својим обавезама- према свом народу
и својој земљп, да се нашој привредП
и науци дају што више и што бр-же-
квалнфивовани мдади
стручњаци, неопходни за социјалистичку
реконструкцију наше отаџбине.
Даље го показује да су организације
Народие омладине правилно
схватиле свој основни задатак посвеђујуђи
стручним питањима пуну пажњу.
Разуме се да ови резултати не би
били ни изблпза остварени да није
било бриге народних и универзитетскнх
власти о побољшању материјалних
услова школовања студената.

У протеклој шволској години на
нашем Универзитету бидо је шест хиљада
двеста четрдесет стипендиста
са просечном стипендијом од око
2.000 динара. У мензама се хранило
6,500 студената, док је у домовима
бнло- емештено- -2,300. студепаха.. . „
Захваљујуђи заузимању и напору
веђег дела наших професора и свестраном
залагању стручиих одељења
Народне омладине, до јуна 1948 гогодине
издато је 202 уџбеника и 127
скрипта, што износи више пего што
се на томе урадило за 20 година у
бившој Југославпји.
Постигнути резултати у броју положеинх
испита, што још увек не
значи да се осетно побољшао и уздигао
квалитет знања, не би смели

да изазову сомозадовољство код ор-»
ганизјација Народне омладине на У*
ниверзитету, и да смање њену буд-»
ност према , свим проблемима, тешкоћамр,
и недостацима који •ће ce
појавити ове школске године. Тим
дрс,нт) .су..дејшашиди резултати еа«
дашњег испитпог рова забрињавајућц
и бољс рећи поразни. Они су
лн оне извесне уснехе постигнуте у
јуну ове године. Ево некодико примера:
на Медицинској ведикој школн
од-970 пријављених испита, положено
је 554, пало и одустало 416 или
43%, На Економском факудтегу пријављено
је 2895 испита, од тога пал*
и одустало то је све једно 1308.
или близу 45°/о. Ништа не стоји боље
ни на Ветеринарском факултдтуЈ
од 870 пријављених испита положен*
је нешто изнад половине од тога бро«,
ја, док је 419 падо и одустало. На
Нолншриврздно-шумарском факултету
од 3670 прнјављених испита пало je
308, одустало 1329, док је пвложенв
свега 2033 испита. У оваквом односу
крећу се резудтати и на Фидозофском
и Правном факултету. Недостају no-,
даци за нашу највећу школу Технпчку
велику школу, али изгледа да
и тамо снтуација није боља.
Ово намеће Народној омладинп на
Универзитету задатак да ce још одмах
у почетку ове школске годинв
позабави озбиљно и детаљно питањек
стручног рада чланова своје организације,
да на време уклони све недосТатке
и пропусте, користећи богато
искуство прошле године.
1) Организација Народне омладинв
треба да се стално и у целини бавн
питањем учења и да донесе конкретие
одлуке у том погледу. Групе н
подгрупе Народне студентске омладинв
треба да на својим састанцима претресају
стручни рад сваког појединца,
да проналазе разне могућности како
би сс тај рад побољшао и како би
се отклониле објективне тешкоће ако
оне постоје, Студентима првих година
треба посветити 'специјалну палкњу
како би се увели у нормалну наставу,
упознати их са градивом и упутити
их на редовно студирање и
полагање исппта.
2) Стручна одељења треба да остваре
најбољу евнденцију учења и
полагања испита, јер је то једно од
најбољих средстава у остварењу руководеће
улоге Народие омладине за
благовремено предвиђање, за уочавање
недостатака и нездравих појава, за
мобилисање читаве организације на
(Наставак на другој страци)

Пред четврти конгрес СКОЈ-а
Избор делегата за Конгрес
СКОЈ-а на Београдском
универзитету

Јуче је на Правном факултету
одржана свечана конференција
СКОЈ-а Београдског универзитета.
Конференцији су присуствовали
делегати изабрани на факултетским
конференцијама СКОЈ-а, које
су на свим факултетима и високим
школама одржане за последњих
неколико дана. Универзитетска
конференција одржана је у цнљу
избора делегата Београдског универзитета
за претстојећи Четвртн
конгрес СКОЈ-а.
Извештај о раду организације
СКОЈ-а на нашем Универзитету
поднео је друг Фазлија Пирић_ На
почетку реферата друг Пирпћ је
говорио о значају Четвртог конгреса
СКОЈ-а na је, између остадог
рекао: „Четврти конгрес
СКОЈ-а има утолико већн значај
јер ће донети одлуку о уједињењу
СКОЈ-а и Народне омладине у јединстевну
организацију, што потврђује
високи- степен развијености
овпх организација. Четврти
конгрес СКОЈ-а одговорнће иајзад

свима онпма који данас неоправдано
клевећу нашу Партију и њен
Централни комитет, наше народе
и нашу омладину. Конгрес ће доказати,
као што то доказују и сви
остали примјери наше стварности,
да нас је наш херојски Централни
комитет водио и води правилним
путем, путем стваралгГчке изградње
социјалистичког друштва у нашој
земљи!“
Потом се друг Пирић осврнуо
па неколико најважнпјих момената
из историје наше Партије и
СКОЈ-а п прешао на делатност ор.
ганизације СКОЈ-а на нашем Универзитету.
Пошто је указао на успехе
и недостатке у раду организације,
Пирић је говорио о иделошко-политичком
раду, па је рскао
да даљи успеси организације
СКОЈ-а и Народне омладине зависе
од проширавања политичког
хоризонта код сваког члана СКОЈ-а
и Нарроне студентске омладине.
„Ово је нагласио је друг Пиpiih
заправо први задатак да

СКОЈ и Народна омладпна одговоре
задацима у будућности.“
После овога друг Пирић је преmao
на излагање због којих се
спроводи уЈедињење организације
СКОЈ-а и Народне омладине. Говорећи
о |3адацима чланова СКОЈ-а
у новој организацији Пирнћ је истакао
да су они дужни да дају
пример комунистичког држања.
~Основни задатак новоостварене
организације треба да буде, нагласио
је друг Пирнћ, борба за
даље јачање јединства у Народној
омладини, а то се једино постиже
путеи васпитања наше омладине
на марксистичко-лењинпстичком
учењу, на учењу особина
комунистичког морала, борбом про.
тнв разннх реакционарних предрасуда,
малограђаиства $н слично."
. После дискуеије по реферату
друга Пирића извршен је избор
делегата Београдског универзитета
за Четврти котггрес СКОЈ а.

СМРТ ФАПШЗМУ СЛОБОДА НАРОДУI ЦЕНА 2. ДИНАРА
сМјсјенм
ОРГАН НАРОДНЕ СТУДЕНТСКЕ ОМААДИНЕ БЕОГРАДСКОГ УНИВЕРЗИТЕТА
Број 23 БЕОГРАД, 5 ОКТОБАР Година XII(Наставак са лрве стране)
испуњењу тог Hainaf' првог, најважнијег
задатка.
3) Нако већина студената правилно
схвата своје обавезе према шкоди, постоји
прилнчан број чланова Народне
омдадине којн уопште не посећује
предаваша, семннаре и сдично. Ucкуства
многих генерадија на свим
факултетнма говоре да су брже u са
више знања са факудтета
они, који су редовно пратидп наставу.
Народна омдадина на Универзитету
мора стадно да се бори за редовно
похађање лредаваша, вежби семинара,
јер су то први услови ва успешно
и нормадно студирање.
Досада је бидв пракса нв Универзитету
да се са учењвм пред
саме испите. ћикаквог систематског
рада од почетка није било, нити довољно
радне дисциплине у том погледу.
Такав рад доноси* је и рђаве резудтате.
иво је нарочито опасно за
студенте прве године. Обично почињу
да се спремаЈу испити тек у другом
семестру „јер по чему би се онда
другом раздиковале студије од гимназије“
мисли наш студент прве године
и „математичком - тачношћу
прорачунава кодико му треба дана
за који предмет, да би положио испит.
(Узгред буди речено, таквој ~математици"
ra је научио неки његов
колега из друге године са заостадим
испиткма). А кад се упозна са градивом
и његовом обимношћу, а дан
испита се примакао, онда почиње посхепено
да одусхаје од предмета и
тако можда извђе на један испит од
три, која је требало да подаже и у
нову годнну удази са заосталим испитима,
што му правн поремећај за
читаве студијЈе унапред и тада се
врло често бвца кривица на одлуку
о укидашу слободних испитних роковв.
ј
Народна омладина требв озбиљно
да се позабави искорењивањем ове
рђаве праксе, сталном и упорном
борбом, јер се и овакво схватање студија
уврежило код ведиког броја студената,
па чвк и код доброг деда руководилаца
Народне омладине на нашем
Универзитету.
Нису добри они омладински руководиоци,
као што је сдучај на другој
години Медицинске ведикв школе, који
од септембра 1947 до јуна 1948 године
нису подожили ни један испит.
Свака њихова реч о потреби учења
претвара ce у году фразу,. која нема
никаквог утицаја на сгуденте.
Све док се тој штетној појавн не стане
на пут, код студената се не може
јапљатн масован интерес за науку
и продубљавање појединих питања
која уче алм то прегставља највећу
опасност, највећн недосхатак. Од нас
се очекују људи, који ће свуда и
на сваком месту унапређују
посао, који ће бити способни да стваралачки
схватају, примешују па и
развијају даље своју науку, који he
бити способни да допринесу учвршћењу
и ширењу социјалистичкнх
позиција. Због тога је за нашу привреду
и науку толико важно солидно
факултетско образовање на темељима
високе квалпфнкацнје,
Разуме се да постоје ту и објективне
тешкоће као што су недостатак
професора и асистената, недостатак
сала, института и лабораторија,
неусклађеност и др. Све те тешкоће
не могу да се преброде одједанпут.
Зато треба доста времена и поступностн.
Наше шкодске пародне властн
боре се са тнм тешкоћама и за ово
кратко време учиниле су неупоредиво
впше, него што је то учинила бивша
Југославија, у стварању што бољнх
услова за студирање. У
погледу привођења студената са.
мосталном систематскои раду у својој
струци треба да одиграју крупну
улогу научне групе које су створене
на иницијативу наше организације.
Задатак тих група је да припремају
студенте за систематски
рад на пољу науке, полазећи од лакше
и мање обимне тематике'ка све
сложеиијим и обимнијим проблемима.
Затнм је друг Пурић говорно о недостацнма
у досадашњем раду научних
група п даљни перспективама
тог рада па је рекао;

Нема сумње да су ове горе помепуте
слабости у погледу сгручног
припремања ваших будућих факултетско
образованих кадрова једним
делом и резултат наших сдабостн у
политичко-идеолошком васпитању Народне
омладине на Универзитету.
Не може се бнтн добар стручњак,
руководилац у нашој привреди без
познаваша. наукв марвсизма-дењинизма.
А задатак стоји пред организајом.Народне
омдадине да васпита такав
стручни кадар који ће не само
учвршћивати већ створене соцнјалистичке
позиције у нашој прнвреди,
већ који треба да буде и способан
да на научној основи даље раавија
облике и, фо<рмв наше социјадистичке
изградње.
Само човек који се бори да овлада
науком Марвса-Енгедса-Лењпиа и Стаљина
моћи ће са одушевљењем да
ради, да пз часа у час савдађује једну
ирепреку за другом, које неће
спутавати његов полет већ које he
учвршћивати његову енергију; такав
човек ће уиехи озбиљно да прнђе
сваком проблему који се појавн у његовом
раду, ма које врсте ои био,
умеће да га сједини, умеће да га у
целини обухвати, а затнм проаналаainpa
сву шегову суштину. Само такав
стручњак, наоружан марксистичком
науком, видеће у свом свакодневном
практичном раду оне крајње циљеве
за које ce бори КПЈ на челу рвдничке
класе и осталог радног народа ■за
изградњу социјалистичког друштва
у нашој земљи.
Тим npe се намеће задатак марксистичког
образовања студената, јер
су. главне слабости наших школа
по речима друга Ђиласа слабости
идеолошког карактера.

* „У нашим школама и на универзитетима,
каже друг Ђилас још
увек се иаши ђаци и студенти трују
идеадизмом, мистицизмом ненаучним,
антимарксистичким схватањима историје
књнжевностп, језика, правних
наука итд. Узроци ових слалости у
нашим школама и универзнтетима
леже у насдеђеном, крнво васпитаном
и делимично непријатељском наставничком
кадру, дакле у немању идеолошки
чврстог и спремног кадра,
у помагању мафксистичко-лењпнистичких
уџбеника, нарочито из обдасти
националних предмета и у недовољној
борби неких партиских радника
за наставу у нашпм школама
на марксистичким идеодошким основама.
Посебно треба истаћи као слабост
то да на нашим високим школама
и универзитетима још увек нема
ва све студенте обавезно, као посебног
предмета, изучавање марксизма
лењинизма.“
Пети копгрес КПЈ поставио је пред
Партију као неодложан задатак проблем
идеолошког сређивања наших
вингих школа и универзитета. Наша
партиска организација и организција
Народне омладине на Универзитету
треба да помогну партији у решавању
тога крупног пробдема.
То аначи да ми треба да развијамо
марксистичко образовање студената у
два правца. На партиским курсевима
марксизма лењинизма студенти ће се
упознавати са општим принципима
марксистичко - »ењинистичке науке
већ према гранама за које се опре*
деле, док he други део тога рада бити
везан за стрЈчни род. На дискусионим
састанцнма, кружоцима, дебатном
клубу треба употпуњавати првзнине
које засада постоје у настави, и

борећи се упоредо против мистике
и непријатељских схватања која постоје
на нашем Универзитету, Овик
треба да се позабаве у првом реду
организације на појединим групама
Фнлизофског факудтета, нарочито када
се тиче оцене појава и догађаја
из наше прошдости, и организације
Ликовне и Музичке академије као и
Драмског студија, где се те појаве
најчешће дешавају, а где је баш потребна
и упорна и стрпљива борба,
Задатак је партнске организације и
организације Народне омладине на
овим фажудтетима и академијама да
развијају међу студентима здрава,
напредна схватања уметности; да се
боре против недемократских схватања
ларпурлартизма, против формализма,
прогив разних, „модернистичких"*
тенденција, противних марксизму лењинизму
а које заступају индивиду-ч
ализам, песимизам, бежање од ствари
запосгављање друштвеног
садржаја и друштвене функције уметности.
Затим је друг Пурић истакао
појаве формалистичких скретања
код појединих наших студената
на Ликовној и Музичкој
академији, Драмском студију,
на Архитектонском факултету,
о иступању политичких
непријатеља на и
Филозофском факултету, као и
недостатке омладинских организација
на Правном и Економском
факултету у вези борбе
против неначелних поставки у
друштвено-економским наукама,
па је рекао:

Прелазна
заставица додељена
је Економском
факултету

ИЗВЕШТАЈ О ТАКМИЧЕЊУ
ЗА ПЕРИОД ОД ЈУНА ДО
СЕПТЕМБРА 1948 ГОДИНЕ

Народна студентска омладина
нашег Универзитета на
свом пленуму од 20 јуна т. г.
прихватила се такмичеша по
следе Ним тачкама:
а) стручном раду и пракси,
б) идеолошко политичком и
културно уметничком раду,
в) радним бригадама, г) фискултури
и д) упис народног
зајма.
Иако је од тог такмичења
до данас прошло ништа више
6д три месеца, морамо одмах
нагласити да нам је било немогуће
прикугшти све потребне
податке да би се дала једна
правилна и објективна оцена
факултета као целине.
Резултати бригада:
Од 15 бригада које су биле
на радним акцијама једна је
шест пута ударна, једна четири
пута, три су три пута,
седам два пута, две једанпут
ударне. Културна бригада је
два пут похваљена. Укупно је
учествовало на раду 2.366. Укупно
на Универзитету 380
ударника и 469 похваљених.
Бригада студената економије
показала је најбоље резултвте.
За свој рад је шест
пута проглашена ударном. У
је било при поласку
130 а при повратку 112 бригадиста.
Осамдесет пет су ударници
а сви остали, н»их
шездесет четири су похваљени.
У бригади су одржаване
политичке информације и 36
предавања, више него у свим
осталим бригадама.
Сви су били учесници у
такмичењу за значку фискултурника
и положили 1469
норми од укупно 10.166, колиko
су уопште положиле наше
студентске бригаде на радилишту.
У бригади је био свестрано
развијен фискултурни рад.
Бригада Је једанпут носила
прелазну заставицу Главног
штаба.
После бригаде „Вдадимир
Перић-Валтер“, најбоље резултате
постигла је бригада
студената медицине „Влагоје
Нешковић". Ова бригада је
четири пута ударна. У бригади
је 66 другова добило зван>е
ударника а 53 Cj* похваљена.
У оквиру политичког
рада *одржзно је пет политичких
информација. На фестивал
омладине на градњи
пруге Кучево-Бродица извели
су 91 друга.
За Значку фискултурника
такмичило се 106 другова. Положено
је 1220 норми.
У овом такмичењу бригада
добре резултате показале су
бригаде студената економије
„Љупче Арсов“, студената
гехнике „Рато Дугоњућ“ и
бригада студената Природно
математичког факултета
„Слободан Принцип-Сеља“,
која је три пута прогћашена
ударном.
На основу тих резултата
секретаријат Универзитетског
одбора мишљења је:
1) да се бригади „Владимир
Перић-Валтер“, шест пута ударној
додели прелазна заставица
Универзитетског одбора,
као бригади која је у
овом такмичењу показала
најбоље резултате и да се,
поред. тога, награде свих 112
бригадиста у књигама.у висини
од 5.000 динара и једном
шах гарнитуром;
2> да се бригади „Благоје
ћешковић 1 ' четири пута ударној,
такође доделе књиге
у вредности од 3.000 динара и
једна шах гарнитура.
Предаја заставице и књига
извршила би се на свечаној
конференцији ових бригада.

Више пажње теоретском уздизању

Пети конгрес КПЈ поставио је пред
Партију следећи задатак: „појачати
пропаганду марксизма-лењинизма у
Партији и у радним масама и при
томе посветити нарочиту пажњу
изучавању марксмстичко-лењинисгичког
учења о изградњн сацијадистичког
друштва.
Ако погледамо постигнуте резултате
на »деодошкој изградњи чданова
Народне омладнне у прошдој школској
годиии, можемо консхатовати да су
постигнути несумњиви успеси, Вечерњим
курсевнма било је обухваћено
8.427 студената. Проучавали су се
следећи предмети; „историја СКП(б),
историја народно-ослободилачке бор.
бе, политичка економија, основи лењинизма,
економика ФНРЈ, дијалектички
матернјализам, нацнонално и
колоннјалло питање, нмперијализам и
теорија државе.
Испитн одржани на завршетку рада
курсева показади су да су посетноци
вечерњих курсева савдадали основне
ствари и да су озбиљно схватиди изучаваше
марксизма дењинизма.
РјЖоводствк курсева, савладавши
у првпм месецима тешкоће око рада
курсева, касније су се више посветили
идејној страни курсева, припреми
предавања, начину прорађивању
матернјала и сл.
У току прошле године уздизало се
на стотину нових предавача код којих.се
после сваког предавања осећао
напредак у начину обраде предавања,
избору материјала, прецизношћу изражавања.
Међутим, у раду на идеолошком
васпитању студената преко
курсева показале су се извесне слабости
иа које греба указати да би
биле откдоњене ове школске године.
Прво, курсевц по појединим предментима
почели су врло касно, неки
тек после другог ееместра, што је
довело до пренатрпавања градивом и
немогућности да се матернјал солидно
проучи. Испити из предмета, проучаваних
на курсевима, поклапалп су
се временски у јуну са школским испитима
те је итло на уштрб и једних
и других. Захо би ове године
требало одмах прнступити организацији
курсева и извршити такав распоред
предавања и консултација да
се они заврше још у мају месецу.
Друго, од укупног броја курснста,
броју од 1400 студената није признат
курс било због нередовног доласка
на нредавања п консултације илн недоласка
на испит; а има и таквих,

који на испиту и консултацијама нису
показали довољно знање да би им
курс могао бити признат,
Ово показује да партиска руковвдства
и руководства на факултету нису
обраћала довољно пажње раду курсева
препуштајући сву бригу руководствима
курсева.
Наше организације нису спроводиле
контролу над теорискнм радом
својих чданова указујући д& је то
равнодушво однотење према свом уздизању
погрешно и штетно,
Даље, избору предавача, а затим
и еамој обради предавања треба посветити
много већу пажњу. То тим
пре, што ћемо ове године преко курсева,
кружока обухватити све члановв
Народнв омладине на Универзитету.
То значи да ће се предавачки
кадар удвостручити а тиме се појав•
љује опасност да се смањи квалптет
предавања. У првом реду Народна омладина
треба да на својим састанцима
претресе питање ко може бити
предавач и да се hib буде ускогруд,
кад треба да се дају најбоЉи чланови
предавачи на другим факудтетима.
Честа је појава да су наши преда’
вачи онемогућени да солидно припреме
предавања, због тога што их организација
задужује још по неким
питањима рада Народне омладнне,
Зато -те другове треба осдободпти
1 свих задужења, а руководиоци и инструктори
наше агитацнје на теорис-1
ком пољу дужни су да помогну прс’
давачима у припреми предавања.
У току прошде године ми нисмо до(
вољно поклонили пажње развијању осталих
форми теоретског рада. Ја бих
( овде нагласио потребу стварања већег
броја кружока, него што смо их
’ нмали раннје. Кружоцн се стварају
( од оншс другова, који хоће да изучавају’
одређене гране или посебна
| питања из науве марксизма-лењинизма
која њнх нарочито интересују
и која су у вези са њиховом стру\
> ком, а веђ су савладали опште принципе
марксизма лењинизма.
И на крају требало би ове године
. више изучити нашу ств-арност, историју
наше партије, историју нашег
радничког покрета, Народно-ослободиt
лачку борбу и њене тековине и пут
изградње социјализма у нашој земљи.
Као основ овог изучавања треба да
\ послужи материјал са V конгреса КПЈ.
Ово би били само основни недоста•
ци у раду на идеолошком васпитању
, студената ,које треба да савладамо

да бисмо постигди Још боље резудч
тате него прошле године.
У наставку реферата друг Пурић
је говорио о идеолошко-политичком
васпитању Народне
омладине преко курсева, кружока,
семинара, предавања, о политичкој
свести наших студената,
о развијању интензивног политичког
рада, јер је наша омладина
изложена свакодневном
утицају буржоаских схватања
и настојањима непријатеља
да створи идеолошку и политичку
збрку у главама наших
студената.
Ми морамо стадно имати н» уму,
рекао је Друг Пурић, речи друг*
Ђиласа са V конгреса КПЈ:
~У идејно-политичкој борбн посда-i
је рата Партија је полаанла а и
у наредном периоду треба да полазн
од тога да постоје три извора негчтјатељеког
идеодошког и политичког
утицаја на радне масе наше земље.
То су: утицај идеодошког мрачшаштва
империјадиста и шихове пропаганде;
■утицај с власти оборених капиталистичких
кдика у граду и на селу
и најзад, . утицај малограђанске
стихије, која свакодневно продире у
редове нашег покрета и онамо где
нема довољне идеолошкв будности
у редове Партнје. Претежна важност
првог, другог или трећег извора утнцаја
непријатељске идеологије зависи,
разумијв се, од конкретних прилика,
од ове кли оне конкретне ситуације,
али пре свега од тога колику
је пажшу Партија посветила
борбн за ликвидирање сваког од тих
нзвора, који не делују изодовано jeдан
од другога, него се међусобно
преплићу, налазећи доднрне и
ничке тачке. Осим тога Партија је
у својој идеодошкој борби полазила и
убудуће ће полазити од лењинистичког
становишта да се остаци капиталнзма
дуго после заузимања вдастн
задржавају у свести људи' и да је отуда
идеолошка васпитна улога Партије
од пресудног значаја за ликвидирање
тих остатака."
Партиска организација и Народна
омладнна морају се руководити овом
поставком у свом раду. Потребна је
стална будност према раду непријатеља,
а да он постоји, иако као једна
бедна групица, показују његова
настојања да омета одлазак студената
на радне акције, да се одупре еви(Иаставак
на трећој страни)

2

ЗАДАЦИ НАРОДНЕ СТУДЕНТСКЕ ОМЛАДИНЕ
НА ПОЧЕТКУ НОВЕ ШКОЛСКЕ ГОДИНЕ

НАРОДНИ СТУДЕНТ

Број 23(Наставак са друге странр)
двнцији стручног рада појединаца
итд. Они покушавају понекад да пишу
по коју бедну пароду онде где им је
још једнно остадо места, или поцепају
по који графикон. Задатак је
наше организације да открива такве
елемснте, да ux разобличује пред осталним
студентима и да их избацује
из Народне студентске омладине, ако
су се ту црикрили да бн заташкали
свој злочиначки рад. То је данас нарочито
важно када је наша земља изложена
не само притиску и клеветама
од стране империјализма, већ
издржава и неоправдане оптужбе и
бесомучну кампању неких одговорннх
д,уди и народних демократија.
Многи заклети непријатељи и Совјетског
Савеза, наше земље и народних
демократија, иступају данас
под видом присталнца резодуције Информбироа
и служе се њеним аргументима
у борби против наше земље,
против изградње социјализма. Алн постоји
известан број студената, који
још није усвојио идеодогију марксизма-лењиннзма,
којн може да подлегно
разнни штегним утицајима. Наше организације
ие смеју одбацити те људе.
Треба бити упоран, тактичан и
стрпљнв у настојању да такви изграде
свој идеолошки лнк, да усвоје нашу
идеологију, јер се тиме одређује њихов
будући живот и рад као новог
стручњака у социјалистичкој домовини.
Да бисмо то постигли, омладинске
организације морају познаватн сваког
свог члана а код нас није ретка појава
да се не познају студенти исте године,
па чак и групе. Много чешће
него досада наша партијска руководства
треба да се баве политичкнм
питањпмв на години, отсеку или факултету.
Редак је случвј досада био
да је се састао факултетски одбор
Народне студентске омладине и да је
на дневни ред ставио питање политичке
ситуације на факултету; а то
је била слабост и Универзнтеског одбора
Народне студентске пмладиие.
Јасно је да је такав став, у крајаој
линији став потцењнваља улоге
Народне студентске омладине, довео
добрим делом оргаиизације до аполитичности.
А то је велика опасност.
Политичко васпитање наше омладине
уопште мора да буде увек чврсто
повезапо са праксом, са њенпм
свакодневнпм жнвотом, са задацнма
који се пред њу постављају. Сваки
задатак који ми постављамо пред
чланове Народне студентске омладме
мора да пма своје политичко образложење
и оправдање, мора да буде ја-

сан, треба га повезати са општим
циљевнма наше Иартије и наше земље.
Да ли смо се ми сдужиди таквом аштацијом
која нма пун политички
садржај? Ја не бнх рекао да је то
било увек.
Кад год смо добро подитички придремили
извесне акцнје-оне су и успевале.
Као на пр.: масован одзив
на радне акцпје нретпрошле и прошлв
године, масовно .учесхвовање на
факултегском сдету н парадн, акција
за упис народног зајма, и сл.
Док, кад год смо постали самозадовољни,
када смо занемарили рад
на полнтнчкој припреми задатака,
ствари нису испададе оиако како треба.
Број студената у радним бригадама
бно Ји дадеко већи u свакако бисмо
испртили обавезу и поред тога што je
6.000 студената пошдо на праксу и
што смо осдобађали оне са заосталнм
испптима, да је бидо темељннје политичке
припреме од стране организације
Народне омладине, да се наши
руководиоци нпсу ослањали па административно
бпрократске методе у
руковођењу.
Само са уклањањем горњих недостатака
ми ћемо успети да политички
ојачамо нашу организацнју, да васпитамо
нов лик студената, нови лнк со.
цпјадистичке интелигенцнје.
Наш Универзитет има светде реводуционарне
траднцнје. Мн се поносимо
што су са нашег Универзитета
пзрасди тојгики руководиоци и хероји
Отаџбинског рата, који су своје прво
борбено искуство стекли у борбама
студентског покрета.
Друг Ђилас каже:
»Борба за социјализма у
нашој зеелљи истовремено је борба
за остварење новог човека, човека
чија he свест и осећајн бити друкчији
него код човека капитализма.“
Оживимо светли лик предратног
студента, лнк Иве Лоле Рибара, Рифата
Бурџовића, Слободана Нринципа,
Соњо Маринковић и нногих другпх.
Не допустпмо да се забораве
светле традиције студентског њокрета
на Београдском уииверзитету који je
био пример ~не само великих окршаја,
не само добро организованог масовног
рада, већ и добро органпзованог
теоЈ»етско-идеолошког васпптног
рада“.
Васпитавајмо наше нове генерације
на тим светдпм страницама нашег
омладинског покрета.
То је велики и частан задатак, који
се поставља пред нашу органнзацију
на уннврезитету уопште, и пред нашу
агитацију и пропаганду посебно.

Иошто је истакао да правилно и
успешно васпитање студената омладине
не би било могућно ни потпуно
vJ iaio развијеног кудтурног и
фнскултурног живота на Уннверзитету,
друг Пурнћ је рекао:
Т« значи да Народна студентска
омладина, а у првом реду руководства
Народне омладине, поред учења,
треба да оорате пуну пажшу развијаu>y
идејно-политичког, кулуурног и
фискудтурног аЈивота на Уииверзитету,
На крају другови и другарице, ради
остварења ових задатака треба побољшати
и усавршити методе наше!
руковођења, треба повећати практичност
рада наше органпзацнје. У првом
реду треба дати пун садржај рада
иацшм осиовннм органнзацијама, гру.
пама и активима Народне студентске
омладнне и оорити се истрајно и
оћ!тро против еваког потцењивања у.
логе Народне омладине на Уннверзитету.
Нотребно је одржавати редовно
састанке група и актива. Те конференицје
треба добро припремити, датн
им пун садржај, и сматратн нх као
васпитно-подитичко срсдство студентске
омладпне. Даље, треба се борњ
ти за развијање унутрашњег живота
основне груне Народне студентске
омладдгне, развијати демократич:ност
и крнтику. Одлуке ДТЈнесене на групи,
активу морају се спроводити.
Састанци секретаријата треба да
се одржавају редовно, а пленума најмање
једном у месец дана. Н то не
само када треба пренети неке закључке,
илн пред спровођење неке акције,
већ они треба да претресају сва
актуелна основна питања рада Народ.
не омладине на факултету, отсеку
или години.
Секретаријати треба да се осећају
довољио одговорним за свој рад пред
читавим пденумом или активом, а
своје задатке да црпе из стварних
потреба живота омдадине и специфичности
факултета, отсека идн група.
Одбори Народне омладпне треба колектпвно
да претресају поједина општа
питања у раду организације,
да се боре против чаурења у секторв
и укалупљивања.
При сенретаријату Уннвсрзитеског
одбора Народне студентске омладине
треба реорганизовати нека и учврстпти
остала одељеља и створнти
бројан и јак иуструкторски апарат.
Ако се будемо борили за уклањање
ових недостатака у нашем руковођеп.у
и раду, Народна омладнна ће испуиити
частан задатак васпитача наше
нове социјалнстичке интелигеиције.

У дискусији по реферату друга
Властимира Пурића узели су
учешћа друг Никдла Вученов,
претставник Комитета за научне
установе, високе школе и Универзитет,
чланови факултетских
одбора, секретаријата актива
и др.
У другој тачци дневног реда
поднео је извештај о резултатима
такмичења Народне студентске
омладине пред Пети конгрес

КПЈ друг Фазлија Пирић, члан
секретаријата Универзитетског
одбора Народне студентске омладине.
На кјрају је извршена допуна свкретаријата.
На мвсто Богдана Богдановпћа
и Ане ЈКалнћ, који су алсолвнрали,
изабрани су>другови Владан
Пантић, ст. права и Жика Крунић,
ст. Техннчке велике школе.

Основни план такмичења
Народне студентске
омладине

Пленум Универзитетског одбора Народне омладине
прихватио је план такмичења који је *предложио
секретаријат. Такмичење почиње 1 октобра т. г.
и траје до 31 јануара 1949 године, тј. до краја овог
зимског семестра.
Наш Универзитет такмичисе по следећим тач кама;
1) Стручни рад:
а) у броју положених испита,
б) у квалитету испита,
в) у броју научних група и научних радова,
г) у броју нових и што бољих демонстратора и
д) по осталим стручним питањима.
2) Идеолошко политички рад:
а) у политичким партиским курсевима,
б) у дебатним клубовима,
в) у броју предавања политичко-привредних,
г) у што бољој организацији и раду културноуметничких
друштава,
д) у раду позоришта и свих дилетантских и рецитаторских
група.
3) Радне бригаде:
а) у броју обухваћених омладинаца у радним бригадама,
б) у броју радних часова и
в) у ефекту рада.
4) Фискултура:
а) у броју обухваћених у гимнастичким друштвима
и ванармиском васпитању,
б) у броју студената обухваћених у разним фискултурним
друштвима и
в) у броју положених норми за значку фискултурника.
При Универзитетском одбору и факултетским одборима
стварају се такмичарске комисије са задатком да
воде евиденцију. Као знак признања за постигнуте успехе
уводе се; \
1) Прелазна заставица Универзитетског одбора, која
he се једацпут месечно додељивати факултету.
2) Награде у висини од 50.000 динара које he на
крају такмичеша Универзитетски одбор поделити у следећем
облику:
а) Предмете у вредности од 30.000 динара најбољем
факултету,
б) предмете у вредности од 10.000 динара најбољој
групи и
в) четворици најбољих отудената по 2.500 динара.
Детаљан план ће се разрадити сваком факултету поЈединачно
и послати свим факултетима.

ДЕСЕТОГОДИШЊИЦА
„ИСТОРИЈЕ СКП(6)"

Прошло је десет година од како
је изишла једна од најзначгф
шјих марксистичких књига,
од како је изишла „Историја
СКП(б)“. Та Је кшига имала и
има неоцјењив значај за међународни
раднички покрет. Она
је путоказ, живо необориво искуство
једне револуционарне
радничке партије која је у својој
земљи изградила социјализам
.Она поКазује компартијама
широм свијета да Је могуће изградити
социЈализам у једној земљи,
да Је истинито и дубоко
научно учење Маркса-ЕнгелсаЛењина-Стаљина.
„ИсториЈа СКП(б)“ говори о
големом раду који је обавио Лењин,
„највећи мислилац савремене
историје“ (Р. Чолаковић),
који је одбранио марксизам од
напада опортуниста и развио га
даље у условима империјализма.
Лењин и Стаљин стварају бољшевичку
партију, партију која је
могла да поведе радничку класу
У одлучни боЈ, коЈа је могла да
извојује побЈеду над буржоазиЈом.
И у „Историји СКП(б)“ ми
видимо како је оборена власт

племића и капиталиста, како је
створена и одбрањена млада СовЈетска
република (од контрарегенерала,
од интервената
споља, од остатака
експлоататорских класа), како
су трудбеници подигли порушену
земљу и самоприЈегорно, тешким
напорима градили и изградили
социЈализам. Русија је,
од економски заостале и реакционарне
државе, претворена у
слободну најнапредниЈу државу
на свиЈету. Ту, на овоЈ шестини
земаљске кугле, практично Је
доказано преимућство социЈалистичког
система над капЦталистичким.
Ту Је, у исти час, побЈедио
и стваралачки марксизам,
марксизам као руководство
за акцију. Ту је на пракси доказано
да марксизам-лењинизам
ниЈе Чпема коЈа се напамет учи,
није установљена мртва догма
већ наука која се развија, коЈа
се у различитим условима примЈењуЈе
у различитим формама.
Ту се види да само чврста, монолитна
партија, коЈа се непрекидно
чисти од штетних елемената,
да само таква права револуционарна
партиЈа може да води
битку за побЈеду радничке
класе над капиталистима, за бо-

љи и љепши живот, за социјализам.
Са таквом партијом и већ
изграђеним социјализмом Совјетски
Савез је уништиоуовом
рату cjpamfiaaM на европском тлу
као војну силу. И Совјетски Савез
претставља данас чврст бедем
мира, он је чувар своје изградње
и изградње читавог низа
земаља. Порасла је љубав
према њему, према Црвеној армији,
према великом Стаљину.
Силно је подигнут његов углед
у међународном размјеру Совјетски
Савез је руководилац табора
мира и демократије, антиимперијалистичког
табора.
„Историја СКП(б)“ је имала и
има огроман значај и за нашу
Партију. О томе је говорио друг
Тито још на Петој партијској
конференцији 1940 године: „Наша
Партија, као и све секције
КПЈ, добила је прије годину и
по дана једно силно теоретско
оружје, добила је „Историју
СКП(б)“. У том дјелу нашег великог
учитеља и вође друга СтаљЛна,
сажето је, у облику историје,
у најпопуларнијем виду,
искуство најреволуционарније
партије, партије бољшевика. У
тој књизи је оцртан читав херојски
пут СКП(б), која је срушила
капитализам и изградила
социјализам. На тој историји се
данас учи пролетаријат читавог
свијета, на тој историји треба
да се учи наш партијски актив
и пролетаријат Југославије“.

Чланови наше Партије досљедно
су усвојили ријечи друга
Тита. Они су се васпитавали
и на тој великој књизи, учили
се одлучности у борби против
свих непријатеља Партије и радничке
класе. Борећи се за боље
услове живота они rincy никад
губили револуционарну перспективу,
него прекаљени и већ
са извјесним властитим искуством,
претстављали видан, снажан
фактор у предратној Југославији.
А кад је извршен подли, мучки
напад њемачких arpecopa на
нашу земљу, када је букнуо организовани
народни устанак, када
је почела да се лије крв,
чланови наше Партије су својим
херојским дјелима потврђивали
велику љубав према СССР-у,
првој земљи социјализма. Они
су се борили заједно с њом, ма
како далеко да је она била, живели
њеним патњама, радовали
се њеним побједама, јер су то
биле њене властите побједе. За
вријеме таквих дана два се народа
више вежу него у било
којој другој ситуацији. И наши
чланови Партије могли су бити
поносни и били су поносни што
стоје на истом фронту са најнапреднијом
земљом
која им је чврсто стегла братску
руку. И тада, када је најтеже
било, „Историја СКП(бУ‘ се чувала
исто као и пушка, исто као

и властита глава ,Јер је ширила
вјеру у побједу, јер је она
сама била убојна пушка у рукама
нашег борца.
И данас, у мирној изградњи,
та је књига најпопуларнији уџбеник
чланова Партије, наших
народних маса. Она је издата на
свим националним језицима у
250.000 примјерака.
Нажалост, у задње вријеме
води се таква беспринципијелна
кампања против наше земље,
кампања која је заснована на
лажним и непровјереним чињеницама.
И, наравно, наша јс
Партија монолитна, чврста. Она
достојанствено, комунистички
одговара на клевете. Она тражи
да се провјери право чињенично
стање. А наша је Партија тако
Јединствена, поред осталог, и
због тога што се кроз дуге периоде
борбе васпитавала и на
„Историји СКП(б)“.
Ми припадамо сваким својим
актом, и у унутрашњоЈ и у спољној
политици, табору социјализма,
мира и демократије. То добро
знају и империјалисти
претенденти на свЈетско господство.
Јер пред нама Је само један
пут пут у социјализам.
Б.

Бр ој 23

ЗЛДДЦИ НДРОДНЕ СТУДЕНТСКЕ ОИЛАДИНЕ
НА ПОЧЕТКУ НОВЕ ШКОЛСКЕ ГОДИНЕ

НАРОДНИ СТУДЕНТ

3IV редовно
заседање
Народне
скупштине
ФНРЈ

На VI редовном заседашу Народне
свупштиие ФНРЈ- одржааом
од 27 до 30 септемцра, усвојен је
низ закона; Закон о кривичном
поступву, Завон о извршењу казни,
Завон о вривичним; дедима
против сдужбене дужности, Завон
о вривичним делнма против
општенародне имовине, Завон
о сгицању научног степена
доктора науке и др. Заједничка
карактеристнва ових закона састоји
се у томе што они одговарају
захтевима и потребама наше земље
у периоду изградње социјадизма,
што носе напредан и демовратски
карактер. Они још више
обогаћују и подижу на вишн степен
нашу револуционарну, социјадистичву
законитост,
Усвојеним завонима из обдасти
вривичног законодавства дато је
нашим радним масама моћно оружје
за најодлучнију борбу против
непријатеља наше социјадистичке
домовине, против кдасног
непрнјатеља радног народа. И поред
строгости воја је у њима садржана
нови закони не искључују,
ве ћ због свога социјалнстичвог
карактера претпостављају најпунију
заштиту права дичности
грађана. Закон о вривичном поступку,
за разлику од сличних завона
у буржоаској Југославији,
нема формална обележја, него садржи
стварне гаранцнје у погдеду
организовања одбране. У Закону о
извршењу казне „рељефно долази
до изражаја истински социјалистички
хуманизам, осдобођен сваке
лажности и лицемерства буржоаског
хуманизма“ (М. Пијаде)
На заседању Скупштине, одговарајући
на питања постављена
од народних посданика, говорио је
министар Кидрич. Он је изнео ситуацију
у погледу извршења Петогодишњег
плана. Том придиком
друг Кидрич је истакао да је у
индустрисвој и рударсвој производњи
у 1948 години достигнуто
70,5°/о капацптета који је Петогодишњим
лланом одређен за крај
1951 године, а да ће идуће године
бити достигнуто већ 90°/о. „Ово,
другови, несумњиво изражава непо.
волебљиву снагу наше
земље и само по себи немилосрдно
демантује све оне воји са
злурадошћу прижељкују и тобоже
пророчански наговештавају вако
се већ налазимо у ћорсокаку, односно
како ћемо нензбежно доћи
у ћорсовак у погледу остварења
Титовог Петогодишњег плана.“
На ваједничкој седницн Савезног
већа и Већа народа Народне
свупштине ФНРЈ једногласно је
усвојена изјава у којој Народна
скупштина „изражава crioje дубоко
разочарење, протест и огорче ;
ње против независне и неоправдане
клеветничке кампање, која се
већ три месеца са све већом упорношћу
и жестином води против
наше земље и њеног руководства,
на ведику штету не еамо
Југославије него и чнтавог светског
демократског антнимлеријалистичког
фронта, а једино на корист
непријатеља демократије и
социјализма.“ Доношење ове изјаве
у пуној мери претставља одраз
расположења радног народа
наше земље, који је недвосмислено
и јасно показао непокодебљпву
верност своме руководству. Наш
највиши законодавни орган, доношењем
ове изјаве, саикционисао
је став наших радних људи и свих
наших народа изражен на многобројним
конференцијама и митинзима,
који „стоје данас исто тако
непоколебљиво уз друга и
своје државно руководство, уз Комунистичку
партију Југославнје и
Народни фронт, како су уз исто
руководство стајали у току Народноослободилачпог
рата.“

ДАН АРТИЉЕРИЈЕ ЈУГОСЛОВЕНСКЕ АРМИЈЕ

Наредбом Врховоног команданта
Југосдовенске Армије просдавља
се у нашој Армији 7 окхобар
~као Дан артиљерије. Тога дана
1941 године, у почетним биткама
велнког Осдободнлачког рата, наше
артиљериске једннице су првн
пут, у саставу партнзанских одреда,
отвориде убиствену ватру
на фашистичке подожаје и тако
громко обележиде почетак сдавног
борбеног пута Титове артиљернје.
Очедичена и ојачана кроз бптке
Ослободилачког рата; стално
снабдевана новим, модерннм оружјем
у току успешног извршења
Петогодншњег пдана, наша артиљерија,
у склопу Југосдовенске
армије прегставља данас снагу
чија је ударна моћ сигурна гаранција
слободног развитка наше социјалистнчке
домовнне, значајан
фактор у одбрани мира и интереса
демоиратског, антиимперијалистичког
фронта у свету.

Једна наша артилериска Јединица

Треба што пре извршити избор
руководстава на првим годинама

Готово на свим факултетима
почела су предавања. И почетак,
углавном, има обележје приличне
несређености. Као да се нешто
ишчекује. Секције, сем
стручних, и секретаријата не
раде. Многи студенти, чланови
разних одбора и секција, нису
још дошли од својИх кућа. А
ауле и учионице оживеле, проблеми
најразличитије природе
искрсли, нагомилавају се и
треба да се реше.
Ситуација је нарочито компликована
са студентима на првој
години. Први пут су садана
факултету. Наилазе на. нове
ствари, што им је непознато.
Организација рада се, у приличној
мери, и по садржини и по
форми разликује од оне по којој
су они досада радили у својим
средњошколским организа-

цијама. Многи су без стана, нису
се уписали у мензе, не знају
где треба да плате чланарину
Народне омладине, како да дођу
до уџбеника. Многи од њих мисле
да предавања нису обавезна
,да они као „академски грађани“,
не морају да их посећују.
Итд.
Избори за нова руководства
Народне студентске омладине
због Конгреса уједињења Савеза
комунистичке омладине Југославије
и Народне омладине Југославије,
одржаће се касније
него обично. Међутим. било би
погрешно оставити прву годину
без руководства, макар оно имало
и привременН карактер. Стога
је потребно да се одмах одрже
конференције, на којима ће
се студентима објаснити основни
задаци наше организације.

непосредни проблеми у чијем
решавању и они треба да учествују.
Тим пре, што је почело
такмичење наших факултета и
што студенти прве године не
могу, без обзира на несређено
организационо стање, да остану
по страни.
На тим конференцијама, треба
изабрати привремена руководства
која ће, по упуствима уз
помоћ својих старијих другова,
решавати, до избора новог руководства,
задатке предвиђене
планом такмичења. И нема сумње,
да he прско четири хиљаде
младих другова који су се ове
године уписали на Београдски
универзитет допринети повећању
елана и постизању бољих резултата
у такмичењу.

Фискултура и спорт
Припремајмо се ѕа јесењи крос

Јесењи крос који he и ове године
претстављати израз радости
наших фискултурника одржаће
се у најскорије време.
Стотине хиљада фискултурника
широм земље изаћи ће на крос
да трче, да се такмиче. То ће
учинити да нам и ова фискултурна
приредба открије нове таленте
будуће активне фискултурнике.
То ми можемо и
очекивати јер су сви досадашњи
кросови били извор нових талената
наше фискултуре.
Наше друштво, која овогодишњи
крос одржава после великог
броја постигнутих успеха (у
кошарци, шаху, одбојки, футбалу,
атлетици и другим спортским
гранама) и ове године he
учествовати са великим бројем
такмичара и показати своју масовност.
Користећи искуства са прошл<уодишњих
кросова, фискултурна
руководства по факултетима
треба да се у заједници са
организацијом Народне студентске
омладине заложе какоби
и ова фискултурна манифестација
успела. Зато са припремама
треба отпочети.

Са прошлогодишњег кроса

НОВЕ МЕРЕ
ЗА РЕШАВАЊЕ
СТАНБЕНОГ ПИТАЊА

Смештај студената Београдског
универзитета у већ пренасељеном
Београду је тежак проблем
који се поставља пред
Станбену комисију Универзитета.
И поред тога што је у домове
смештено 1.790 студената и
што су станбене комисије по
факултетима доделиле већи број
соба у приватним становима,
остало је ркl> 3.000 студената који
су уопште без стана. Ти другови
већином спавају по парковима
или се враћају кућама у
унутрашњост, где се запосљавају
и прелазе на ста.тут ванредних
студената или сасвим напуштају
студије. Да би се тако велики
број незбринутих студената могао
сместити у Београду и да би
им се тиме цружила могућност
да наставе студије, Станбена
комисија Универзитета предвидела
Је неке нове мере у решавању
овога проблема.
Постоји већи број студената
који имају недовољно искоришћене
станове. Ради тога ће
станбене комисије по факултетима
обилазити студентске ста-<
нове и тамо где то буде могуће,
смештати још иекога друга. Студенти
који имају веће собе треба
да приме у њих незбринуте
другове како не би приморавали
станбене комисије на законски
поступак, чиме би се одужило
смештање другова а самим тии
омело и њихово редовно посећивање
предавања од почетка
школске године.
Но правилним искоришћавањем
студентских станова неће да
се реши питање смештаја тако
великог броја студената. Ради
тога Станбена комисија Универзитета
набавља 15 павиљона
који he бити смештени на територији
Београда. То ће бити дрвени
павиљони дуплих зидова,
између којих је изолатор од
временских промена. Собе ће
бити снабдевене пећима и
свим потребним намештајем и
постељином. Павиљони ће имати
своје учионице како би студенти
могли несметано да раде
на своме стручнои уздизању. Да
би павиљони били топлији и тиме
погоднији за становање, биће
уздигнути изнад земље и добиће
споља зид од цигаља. Ископавање
темеља и радове на подизању
зида вршиће студентске бригаде
које ће ради тога бити
офбрмљене по факултетима. Радови
на подизању павиљона ускоро
ће почети тако да he се
од првог децембра ове године
почети са усељавањем. Павиљони
ће моћи да приме све студенте
који су тренутно без стана.
Да не би губили предавања
док павиљони не буду завршени,
другови који ће у њима становати
биће привремено смештени
у баракама логора број 1
на Сајмишту. Ових дана бараке
ће бити иопражњене и дезинфиковане,
после чега ће одмах
почети усељавање студената.
Бараке неће бити снабдевене постељним
стварима; њих he морати
да понесе са собом сваки
студент. Овај привремени смештај
у баракама биће уствари
само за преноћиште, јер ће се за
другове који ће у њима становати,
обезбедити на свим факултетима
сале за учионице.
Овим новим мерама које је
предузела Станбена комисија
биће смештени сви другови који
су сада без стана, чиме ће
се омогућити да сви студенти редовно
наставе студије и одговоре
својим обавезама у учењу.
Другови који су сада без стана,
тај привремени смештај у бараке
треба да схвате као једну од
мера за правилно решавање
станбеног питања на Београдском
универзитету. Ради тога
што би два месеца спавали У
баракама не треба да праве прекид
у студијама ни да се удаљавају
од предавања и факултета
и доводе у питање своје
оспособљавање као будућих
стручњака. Д. Ј*

4

■ Пптпвппни vnpnHHK Влада Митровић ст права. Уредништво и администрашЦа Београд, Балканска улица 4 гелефон 23-464; број чековног рачуна 1-9060014.
Одговорни уредник Влада Митровиа, пра ш Р та д мпарија иo младина“, Београд. Војводе Мишића улица број 19

НАРОДНИ СТУДЕНТ

Epioj 23
  </body>
 </text>
</TEI>