<TEI version="3.3.0" xmlns="http://www.tei-c.org/ns/1.0">
 <teiHeader>
  <fileDesc>
   <titleStmt>
    <title>The shortest TEI Document Imaginable</title>
   </titleStmt>
   <publicationStmt>
    <p>First published as part of TEI P2, this is the P5
         version using a namespace.</p>
   </publicationStmt>
   <sourceDesc>
    <p>No source: this is an original work.</p>
   </sourceDesc>
  </fileDesc>
 </teiHeader>
 <text>
  <body>
   <p>This is about the shortest TEI document imaginable.</p>
  </body>
 </text>
  <text>
  <body>
Наше обавезе пред Пети конгрес КПЈ

НАШ УНИВЕРЗИТЕТ ДАЋЕ 16
УМЕСТО 10 РАДНИХ БРИГАДА

За овогодишње радне акције
на нашем Универзитету гђхијавило
се прежо 11.500 студената.
Ова цифра гсвори о високој
свести студентске омладике, о
њеној дубокој жељи да и поред
учења учествује у остварењу
Петогодишњег плана и изградњи
социјализма у нашој земљи.
Наше народне власти водећи
рачуна о томе да студенти у току
својих студија отекну шт»
више стручног знања преузеле
су мере за слање студената на
практкчне радове. Уз то да би
се студентима омогућило и то
да ликвидирају што већи број
заосталих испигга стајало се на
становишту да на радне акције
треба послати мањи број студената
свега 10 бригада са
укупно 2.500 бригадиста.
Но имајући у виду да је година
1948 најтежа година Плана,
када сви радии колективи у
нашој земљи дају максимум
труда на његовом испуњавању
а нарочито повећавајући своје
обавезе и међусобно се такмиче
ћи у част цретстојећег Петог
конгреса наше Партије, дужност
је и наше организације да
том свеопштем такмичењу да
свој допринос. Она то даје своЈом
обашезом да на радме акције
шаље не 10, већ 16 омладинских
бригада са 4000 омладинаца.
На праксу ће ићи студенти
друге и треће године Техничког
и Пољопривредно - шумарсиог
факултета, студенти треће и четврте
годИПе Медиданског и
Ветеринарског факуптета, студенти
цреће године фармације
и геолошка група ПриродкоматемаггичксЈг
факултета. Н>ихов
број заједно са овим који
ће поћи на друге мање акције
изпосиће око 5000 што значи
да ће сд уписаних у брпгадс
отпасти готово 50°/в.
ОрганизациЈе Народне студентске
омладине на факултетима
водкће рачука да на радне
акцаде не иду болесни другови
и другсви који из оправданих
разлога имају велики брсј
заосталих испита. Но непоштено
Је од оних чланоза Народне
студентске омладине коЈи су зато
што су чули или знали да на
радне а«ци|Је неће ићи оии студенти
коЈи имаЈу мкого заосталих
испита правили двиЈе грешке,
једну што нису учили и
друго што су намерно избегавали
учешће у радним акциЈама
нашег Петогодишњег плана.
По садашњем плану ми уне-

ствујемо на ауто-путу са седам
бригада и то: 183-ћа бригада
~Драгица ПlравlИца’ , са Филозофоког
факултета; 184-та б<ригада
„Љупче Арсов” са Економског
факултета; 185-та „Ђуро
Стругар’’ са Правног факултета
и ВПШ; 186-та ~Иво Лола Рибар”
са Техничког факултета
(грађевипци и електричари) и
187-ма „Рифат Бурџввић-Тршо” са
Пољспрп&редно-шумароког факултета;
193-ћа бригада „Стеван
Наумов” са Техничког факуптета
(технолози и рударн); 194-та
бригада „Д-р Сима Милошевић’’
од студената прве и друге године
Медициномог факултета.
На Новн Београд иду 188-ма
бритада „Рато Дугоњић” са
Техничког факултета (архитектонци
и машинци), 189-та ~Добривоје
Радосављевић’’ са Пољопривредмоииумароког
факултета,
190-та „Младе« Стојановић”
са Медицинског факултета
(друга година), 191-ва „Владимир
Кнежевић-Волођа" са Ветеринарског
факултета, 192-га
„Културна бригада”.
На пругу Кучево Бродице
иде 182-га бригада „БпагоЈе Нешкlсвић”
састгављена од студената
прве године Медициноког
факултета,
На Мавровску хидроцентралу
иде 195-та бригада ~Владимlир
Перић-Валтер” са Емо&јомског
факултета.
Као нераспоређене остају 196та
„Слободан П|рlинцип-Сеља’’ са
Природ|но-математичк!ог факултета
и 197 „Миладин Поповић”
са Ветеринаског факултета зајелазо
са Фармацецутским фаЈ-ултетом.
То износи укупно 16 бригада
са 4.000 студеиата - бригадиста
чиме ће наша обавеза бити премашена
са 6 бригада и укупно
1500 омладинаца.
У бригали може да буде 4050’/о
другарица.
Сви радови почињу 1 Јулаове
а трајаће два месеца.
У саставу бригада неће ићи
студенти Држаоног института
за фискуптуру, АкадемиЈе ликовних
уметностњ Музичке Академије
као ни студеити Драмског
студија.
С сбзиром да нас дели кратко
време од почетка радова
неопходно је да организациЈе
Народне студентске омладине по
факултетима заЈедно са штабовима
своЈих бригада опреме
б)ригаде, набаве потребан основни
матери Јал и да по утврђеном
распореду за вакцинацију

воде бригаде на одговарајућа
места.
У овоме претконгресном такмичењу
наши студенти појачаће
напор-е на полагању испита
који су у току, узимајући обавезу
за септембарски испитни
ро« и масовно се припремити
за радне бригаде.

Фазлија ПИРИЋ,

члан УниверзитетскОг одбора
Народне студентске омладине

ДЕВЕТИ ПЛЕНАРНИ САСТАНАК
ЦЕНТРАЛНОГ ВЕЋА НАРОДНЕ
ОМЛАДИНЕ ЈУГОСЛАВИЈЕ
ОДРЖАЋЕ СЕ 16
И 17 ЈУНА

Шеснаестог и седамнаестог јун(а
одржаће се у Београду Девети
пленарни састанак Централног
већа Народне омладине
Југославије.
На дневном реду пленума су
следеће тачке:
1) Задани Народне Омладине
у вези Другог конгреса Фискултурног
савеза Југославије;
2) Место и улога организације
Народне омладине у ванармиском
васпитању омладине;
3) ДОдељивање прелазне заставице
најбољој градској организацији.
Пленум ће почети 16 јуна у 9
часова.

Преглед досадашњих резултата са испита

Досадашњи резултати на испитима показују
добар успех стручног рада студената

Пре свега, садашњи успех је
видан корак напред у поређењу
са раиије показаним резултатима
у учењу. Ми смо учинили на_
предак како у броју пријављепих
тако и у броју положених
испита. То је последица нечег
што се још не може тако добро
изразити цифрама и табелама
али се може осетити у контакту
и раду са студентима; то је последица
мшег коренито промењеног
односа према учењу.
Није више изузетно пријављивааве
свих испита у јуну. Полагање
осам и десет па и више испита
сада је на неким факултетима
масовна појава. што ,је доказ
да су наши другови у маси
схватили да се вредност народеог
студента, његов патриотизам
у крајњој линији, мери тиме
што сж учи. То је један од
највећих успеха који је постигла
наша орпа/низација.
Проценат положених (82°/о).
од досада полаганих испита,
овакако је знатан успех према
ранијим роковима, али то је, ак а
се има у виду цео Универзитет,
пак само средња Вlредн , ост која
у себи крије многе како позитивне,
тако и негативне резултате.
Њих треба открити да би
се видела суштина нашега успеха,
односно неуспеха и да
бисмо предузели мере за побољшање
резултата и тиме стекли
искуства за будући рад.

Студенти Пољопривредно-шумерског
факултета полагали су
досада већ половину пријављених
испита и од тога је 86% положено,
Овај резултат био би још бољи
да прва година вије у овом
року покавала слабе резултате
(око 50% палих и одусталих) из
неорганске хемије. Ово говори
да студенти и организација нису
оријентисали рад у циљу отклањања
недостатка који се једном
већ појавио у јануару.
Студенти технике су полагали
релативио мало од онога што
још имају да полажу, па се тешко
може сагласити коначни
резултат. Важно је то да се про_
ценат положеиих испита стално
повећава (74%, 80%, 83%), док
на осталим факултетима обично
пада. Не би требало' дозволити
да се псинloви случај бројног
одустајања као на „испитивању
материја/а“ (друга година архитектонског
отсека) и да се тиме
умањује успех целокупног
факултета, када се то нема
објективног разлога.
Шездесет осам посто положених
испита иа Медицинском факултету
«е задовољава и не би
требало дозволити да одлични ре.
зултат из доброг дела предмета
као из анатомије (од 309 по,
ложило 301), физике (90%), хе_
мије итд., не дођу до изражаја
ради бројног одустајања из хи-

столотије на којој је до 7 јуна
укупно одустало 80%, а десетог
јуиа од 55 пријављених 52. Одустајање
из других предмета је
знатно. Пошто се оваква појава
досада није десила «а нашем Универзитету
то пред ортанизацијом
Нг|родн€ студентске омладине
Медицинског факултета
стоји задатак хитног решавања
овог Са студвнтима
који одустају треба свакако разговарати
и у споразуму са професорима,
који су увек спремни
да нам помогну, наћи излаз из
тога стања«. Уколико се установи
да је пријављивање овог испита
било само средство да се добије
жељени распоред за остале
предмете, такав поступак треба
жигосати као стран нашој организацији.
Овим проблемом требао би да
се повабави и Природко-математички
факултет јер се проценат
одусталих задњих дава креће
до 30%.
Економски факултет је у овом
року показао свој, досада најбољи
резултат (82%), али би он
био још бољи да из технологије
не одустаје преко 50% студената
прве године. Филозофски
факултет ма да у овом року није
пријавио могућ број испита,
по квалитету је показао најбоље
резултате, јер је 50% испита положено
са одличним оценама
(9 и 10).
(наставак на другој стани)

Наши студенти о зајму

Сваки студент треба да схвати
уписивање зајма као своју
обавезу према народу

Драго Радуновић, студент економије
111 године, члан Универзитетског
одбора Народне
студентске омладине, одликован
Орденом рада са пруге Шамац
—Сарајево, који је у овом року
пријавио 11 испита, дао је изјаву
о народном зајму;
„Зајам има посебан значај
за Народну студентску омладину.
У току Петогодишњег
плана биће уложени стотине
милиона динара за изградњу
Универзитетског града и ства
рање бољих усл<>ва за студирање.
Сваке године се улажу
све веће суме за давање
стипендија и помоћи сиромашним
студентима. Док
је у бившој Југославији било
120 стипендиста, у новој,
већ у другој години Петогодишњег
плана, на нашем Универзитету
било је осам хиљада.
Ми студенти можемо са пуно
права рећи да, дајући заЈам
државњ помажемо себе.“

Расписивање народног заЈма претставља, значаЈан подухват
наше владе у низу мера коЈи имаЈу за циљ. свестрани
развитак привреде и развитак социЈализма у
звмљи
Из овог општенародног задатка произилази и задатак
Народне студентске омладине да наЈмасовниЈе учествује у
његовом извршењу. Због тога она треба да развиЈа * Ј ;
свестраниЈу агитациЈу, тако да ниЈедан студент не остане
ван учешћа у уписивању народног заЈма.

Драган Нешић, студент друге
године економије, секретар Народне
студентске омладине Еко_
номског факултета, ударник са
пруге Шамац —Сарајево, а који
је ликвидирао све заостале испите,
у овом испитном року пријавио
осам и досада положио
четири, дао је следећу изјаву о
народном зајму;
„Сматрам да је народни зајам
израз непокОлебљивог Убеђења
наших народа у своје
сопствене снаге у извршен>у
нашег Петогодишњег плана.
Сам упис зајма добија Још
већи значаЈ за наше народе
кроз•припреме за Пети конгрес
КПЈ.
Необично ми се свиђаЈу услови
заЈма коЈи пружаЈу нашим
л»удима могућност повећања
животног стандарда.
Убеђен сам да неће бити ни
Једног народног студемта коЈи
неће уписати народни зајам
што ће, поред осталОг, претставл>ати
Још Један прилог
нас студсната у економском
подизању земље."

СМРТ ФАШИЗМУ СЛОВОДА НАРОДУ! ЦЕНА 2. ДИНАРА
ОРГАН НАРОДНЕ СТУДЕНТСКЕ ОМААДИНЕ БЕОГРАДСКОГ УНИВЕРЗИТЕТА
Броо 19 БЕОГРАД, 16 ЈУНИ Година XII

Факултети
пријав.
ПОЛОЖИЛО
пало
одустало
Медицински
1835
1252
68%
166
417
Економски
2458
2024
82%
191
243
Ветеринарски
686
555
80%
92
39
Пољ. шумарски
4044
3478
86%
312
254
Технички
728
607
83%
50
71
Природно-математички
450
324
72%
68
58
Филозофски
Правни
Фармкцсутски
ДИФ
575
1878
652
522
525
1382
526
462
93%
73%
79%
90%
30
185
85
24
со
УкуПНОЈ
13828
11135
82%
1203
1490

Пленарни састанак Универзитетског
одбора Народне студентске омладине
V недељу 20 овог месеца у 10 часова, на Правном факултету
одржаће се пленарни састанак Универзитетског
одбора Народне студентске омладине Београдског универЗИТе
пленуму треба да присуствују чланови Универзитетског
одбора, секретаријата факултетских одоора и актива
и претседници група.(Наставак са прве стране)

Не смемо дозволити да слаби
резултати из појединих предмета
умањују целсжупан наш успех
који је добар. Конкретно,
пред организацију Народне студентске
омладине факултета на
коме се појави одустајање стоји
задатак да се оно спречи. Може
се користити окупљање студената
на испитима за агитацију
гго овим питањима. Потребмо
је да очигледна агитација буде
што коикретнија, тако да упозна
студенте са постигнутим резултатима
и помогне да цела година,
отсек и факултет буду заинтересовани
и покренути за спречавање
одустајања. Руководилац
Народтае студентске омладине
треба да упозна студенте
са евентуално насталом појавом
одустајања и да подвуче да је
за валгу организацију одустајање
исто што и падање, и да се
она као слаба оцена уноси у ињдекс.
Руководство Медицинског факултета
предузело је сличне мере
против одустајања али ће по_
ред тога одржати конференцију
са студентима који су одустали
из хистологије. Такве конференције,
као крајње средство за исправљање
већ учињеног пропуста,
треба одржати и на оним
факултетима где је досада одустао
велики број студената и на
њих позвати и професоре.

положени испити - испуњене обавезе

Студенти медицине Ш године полажу испит
из фармакологије.
1 (Снимак Б. Петровић)

Економски факултет
64 ПОСТО ОДЛИЧНО ПОЛОЖИЛО
ПЛАНИРАЊЕ НА III ГОДИНИ

За прва два дана полагања планкрања на трећој
години Економског факултета од 39 студената
16 добило 10, 9 студената оцену девет, шестица није
било један студент пао и један одустао.

Пуна сала. Први исгтит из пла.
нирања. Студенти коцји полажу
данас планирање и моји су дошли
да виде како иду иоттити
љу6опитл>иЂ.о очекују шрво пита.
ње из предмета који је за наш фа.
култет један од наоосновнијих.
за који см!о дали најмаше обавеза,
за кј>]и је и ман>и броЈ
пријављених испита него што се
по гаосећивању предавања и дискусијама
на семкнару очекизало.
Но одговсчри на гарва пигања
одјекују сигурно. Један за
даугим одговарају студенти о
стаљгансмим пцатиљеткама о ства.
рању молхоза, о матврнЈалном и
културном узрасту пр®е земље
оо.цијализма, о индуст ( ри|ји братског
Совјетског Савеза. Мирно
и поуздано ошЈповара|]у један за
доугим, сви кандидати, о томе
како је ишчезавало старо, заостало,
назадно како се рађало
вово у привреди и у друштау
и шта је убрзало тај развитак.
Наши најбољи ђаци данас
одговарају. Они што су прицавили
и гаолажу све испите каи.
Миладин Кораћ који ће и ову
годину да заарши у јуну, као
Љубинка РајкОвић моја је д<о
сада ив свих предмета лобила
двсет као Ђорђе Врцељ, Милош
Јефтић и остали. Одпсварају и
други као да још гаре неко,
ЛИIКО дана у првкиду између
часа, у одм.ору првд неки други
испит ни-је брујала међу стулентима
наше подине прича о томе
да се планирање тешко може
ПОЛ.ОЖИТИ с обзнром на то да
уџбеника нема, да се из онога
што имамо не може миого научигги
да је гтрофеоор строг
итд. Трсћа година мао да Је
пред овом таблом са моје чита
мо резултате одахнуло,
Колико десетки!
Ниједан гаредмет ии они ко ; н
нису гако обимни није показаlо
такве резултате. Двадесет
и четири одличне оцене стоји
пр®д нама као потв.рда да су
студенти треће године озбиљно

схваТили обавезе и да су Се упорно,
систематсхи и озбиљг.о
припрсм!илн да те обавезе и испуне.
ПРВОГ ЈУЛА ОТВАРА СЕ
СТУДЕНТСКО ЛЕТОВАЛИШТE
НА ЗЛАТИБОРУ

Из Удружења за здразстввну
заштиту студената

Ове године је летовапиште
требало да буде отворено првогјјн«.у
н «. како ее од
160 студената колико лстовалиште
може да прими
јавило за месец |уни свега 45,
отварање је одложвно за месец
дана. Обавештавају се
етудвнти да ке ее отварање
извршити првог Iула.

Одустајање из хистологиjе
на Медицинском факултету
резултат jе фиктивних пријава

И у прошлом, јануарском року
друга година Медицlинског фвкултета
била јв једна од најгорих
године по усшеху у ликвидирању
заосталих испита. Да би се
стање у овом испитном року поправило,
орга(низациlЈа Народн<е
студентскв омладине је током летњег
семестра обратила нарочиту
пажњу другој години, организуући
читав Н)из колоквијума,
предиспитмих вежби
из свих предмета. Али и поред
великог залагања како организације
Народне студентске омладине
тако и великог броја
демонстратора и асистзната стање
се у овом року није ништа
поправило. Великм број студената
друге године понезао је у овом
испитном року толмку н&озбиљност
и несавесност, која н*јје
својствена члановима Народне
студентске омладине. То св нарочито
тиче оних студената, који
су пријавили испит из хистологнје,
а чији рекултати полагања
изгледају оев'Ко: 98 пријавило,
79 одустало, двоје пало, и 17 положило.
Ти се студенти изговара<ју
на незгодан рок полагања
прервн рок. Такво изговарање
још више показује њихову несавесност,
показује да они још у-

век I+ису прекинул(и оа праксом
спремања предметв нв брзину и
пред испит.
Ранији рок полатања добипи
су и другови са друге године из
анатомије, па ипак код њих од
309 пријављеннх испита 301 је
положен. Ранији рок полагањд
добили су и студенти са прве године,
који полажу одлично и
врло добро и могли би да служе
другој години за пример како
се спремају и полажу испити.
Оно што нарочито треба под
а то је да се другови који
су пријавили хистологију, још
»иједном нису појавили на институту,
н« интересују се за ток испита.
Још ни један од њих није
дошао да обавести Народну студентску
омладину да одустати
са испита. Ово све потврђује
сумњу да су ти другови само фиктивно
пријавили испит ради бољег
распсреда и да хистологију
нису ни учили..
Организација Народне студену.
еке омладине Медиц»нског факултета
рачуна дг ће ее стање
на нсlТИlу из хистологије поправити
од 15 овог месеца, јер је од
тог рока већина студената и захтеввла
да полажу хистопотију.
Томе треба да допринесе и предвиђена
конффенција са одусталим
студентима на којој ће
се свн појединачни случајеви испитати
и пружити помоћ за даље
полагање.

МИЛУН ЈЕЛЕНКОВИЋ

претседник стручног одбора
Мсдицикског факултета

На Фармацеутском
факултету од 137, ботанику
је положило 104 студента

Ка Фармацеутском факултету
завршгни су испити из ботанике.
Од 137 пријављених студената
положило }е 104, пало 26, а одустало
7 студената. Најбоље одговоре
дале су: Мирка Лазаревић,
Христина Парађанин, Вера Дедић
и Наталија Радовановић. Нарочито
добрз резултате постигли су
студенти друге године који су
систематски радили целе године.
Професор др. Стеван Јаковљевић
констатовао је да су студенти
друге годиме давали на испиту
много боље одговоре од студената
треће године којима је
оао заостали предмет. Многи
студенти треЈне године поновили
су стару грешку. За спремање
ботанике оставили су 10 до
20 дана\, или су почели да је уче
онда кад су пријавили испит.
Р. Л.

СТУДЕНТИ СЛАВИСТИЧКЕ ГРУПЕ
ПОЛАГАЛИ СУ СВОЈ ГЛАВНИ
ПРЕДМЕТ

Студенти треће године полагали су
руске дијадекте. Од пријавл>ених 18
студената полагало је 17, а један је
одустао због болести и полагаће накнадно.
Средња оцена је 8,6. Добром
успеху много су допрннеле консултације
које је одржао професор д-р Кирил
Тарановски и курс руских дијалеката,
који је водила Вера Николић,
студент треће године.
Студенти друге године којима су специјалност
чешки и пољски језик, подагали
су после четвртог семестра
испит из руског језика и књижевностп.
Положили су са средњом оценом 7.
Исти испит полагали су и студенти
друге године јужно —словенске групв
и положили са средњом оценом 8.
Контролни испит из руског језика
и књижевности полагали су и студенти
прве године славистичке групе ко.
јима је ово специјалност. Њихова је
средња оцена 7,5.
Укупно је све паведене испите пријавило
46 студената. Од њих је положило
41, двоје одустало, један ће по.
лагати накнадно и 2 пало.
В. Љ.

Технички факултет
Трећина студената машинског отсека
пала на испиту из машинских елемената

На свим отсецима Техиичког
факултета испит из машинских
елемената јв у току Иако резултати
нису ош дефинитивни, мо
же св констатовати да одустајања
није било, па ипа« успех није задовољзвају^и.
На машинском отсеку од 325
кандидата са четвртог семестра
овај испит положило је око 60°/».
Међутим, на шестом семестру
где је ово заостали испит, на истом
отсеку од 46 кандидата положило
је свега 7.
Карактеристично је да се овзј
предмет ради током целе године
ер се полаже седам колоквијума
и ради се исти број грефмчких
рздова, па ипак општи успех
на овом отсеку нкје добар.
Према мишљзњу професора Витаса,
слаб успех долази отуда
што се студенти нз удубљују до-

вољно у матврију предмета и
што се, углввном, спрема оно
градиво кој'в је предвиђено за
испит. Ово је нарочито показао
усмени исгкит кој,и су полагали
студенти који нису задовољили

на гтисменом. С обзиром на то да
су маши.нски влементи основа
даљег студхрања машчнске техкике
то су досадашњи резултати
ови* испита незадовољавајући.
М I.

СТУДЕНТИ ГЕОДЕТСКОГ ОТСЕКА
ПРЕМЕРИЋЕ ОПШТИНУ ЧОРТАНОВЦИ

Студенти геодетског отсека Техгничког факултетр провешће
ово лето на пракси у Чортановцима. Пракса ће се вршити
у оквиру добровољног рада. Радни задатак бригаде биће премер
катарстарске општине Чортановци. Премер се врши за геодетску
управу ФНРЈ. у циљу стварања плана овог краја. На овом раду
узеће учешћа 80 по сто студената геодетског отсека. Нарочито
предњаче студенти треће године који ће сто посто узети учешћа
у овом добровољном раду, и ако имају право на плаћвну праксу.
Својим радом на премерању општине Чортановци, студенти
ће пружити драгоцену помоћ народним властима а уједно у великој
мери проширити своје стручмо знање.

Данас почињу дипломски испити
на Вишој педагошкој школи

Студонти друге годинв Више
пгдагошке школе завршили су
пре некопико дана полагање годишњих
испита. потребу
наших просветиих власти
за наставничким кадром, студенти
су радили озбиљно у току целе
годинв да би могли дипломирати
у уну. Њихов рад се огледа
у резултатима годишњих испита.
Од 176 студената друге године
који су полагали све испите пало
је свега 7 а одустало 4, што значи
да данас на дипломске испитв
излази 165 студената.
Најбољи успех на испитима показале
су друга и пета група које
су се истицале и у току године
својим радом и које су се
сто по сто обавезале да полажу
све испите у јуну. Средња оцена
друге групе је 9,05. нико ни пао
ни одустао. Из пете групе, коЈа
има средњу оцену 8,29, пао је
свега један студент. Средња оцвна
читаве године је 8,03.
Треба истаlни да су најбоље резултате
на испитима у
случајева постигли баш они студенти
кој(и су најактивни|ји чла-

нсви Народне студектске омладине,
ко и су најозбиљније схватили
потребу свога стручног уздизања.
Тако су Мирко Вујовић,
Олгица Манојловић, Александар
ГајиК, Љубинка СтефаlНовlиК и
Иван ЧулиК положили све испите
са десеткама.
ИмауКи у виду резултате које
су постигли студенти друге годи-

не Више педагошке школе, очекујемо
да ће о«и са успехом положити
и дипломске испита који
почињу данас.
На гиочетку нове школске године
по нашим нижим гимназијама
биће нових наставкмка
ће своим радом помоћи да се
оствари план наших просзетних
власти.

Ветеринарски факултет
На испиту из патологије
од 33 кандидата 19 је добило
одличне оцене

На Ветерииарском факултету. до 10 јуна постигнути су врло
добри резу/.тати на испитима из патологије Од 33 кандидата
10 је прлсжило са оцевом 10, седам са оценом 9, пет са оценом
8, а остали са 6 и 7; пала су свега два студента.
Одговори који су кандидати давали на испиту показују да
су готово сви студенти који су досад пагагали добро савладали
овај предмет. На испиту су се нарочито истакли Чедомир Кулаш
и Славко Бунчић, студенти треће године, који спадају међу најбол>е
ђаке своје године.

2

НАРОДНИ СТУДЕНТ

Брхцј ЛАКАДЕМИЈА ПОВОДОМ ГОДИШЊИЦЕ V ОФАНЗИВЕ
на Београдском универзитету

У суботу 12—VI одржана је нв Правном факултету
свечана академија студената и професора нашег Универзитета
поводом прославе Пете офанзиве. Академију
је уводном речју поздравио ректор нашег Универзитета
др. Стеван Јаковљевић а реферате одржа/и
учесници Пете офанаиве декан Филозофског факултета
др. Душан Недељковић и студент медицине
Душан Ђурић, члан Универзитетског одбора Народне
студентске омладине.
Отварајући академију друг ректор је у уводној
речи, измећу осталог рекао:

„На данашњи дан навршило
се пет година од оних значаЈних
и великих историских дама,
када су се оружане снаге
Народноослободилачке војске
сукобиле у крвавоме боју са
много моћнијом оружанијом фашистичком
армијом Немачке и
квислиншким трупама. У тој
бици коЈоЈ нема примера пожртвованости
у целој нашој историЈи,
малене али храбре, Јединице
партизаиа под руководством
нашег великог Маршала
друга Тита, однеле су потпуну
победу. То Је било на СутЈесци
године 1943.
У редове Народноослободилачке
војске и Партизанских одреда
сврстали су се сви слобо-

дољубиви грађани без обзира
на народност и религију; сви они
који су били надахнути идејом
слОбоде и вером у срећнију будућност
своје земље; сви они који
су непоколебљиво веровали у
снагу Совјетског Савеза; сви они
који су имали неограничено поверење
у Комунистичку партију
и свога вођу друга Тита. Међу
овим борцима налазио се и знатан
број студената, од којих су
многи били ка руководећим положајима.
Студенти борци, хероји
органнзатори, команданти. Била
је то војска надахнута Једном
мншљу да мрзи окупатора и
издајнике и понета револуционарним
замахом до самосвесне
пожртвованости.

Из реф ргта
академика др* Душлка Недељковића

Говорећи о славним данима
из IV и V офанзиве др. Душан
Недељковић је између осталог
рекао:
„Ослободилачке ревосгуционар.
не снаге нашик народа, су победом
«а Неретви онемогућиле
■даље шпекулиса!ње реакцмонарн.КlХ
кладма у савезничким земљама
са раскркнканмм издајник.см
„див Јунаком” Дрожом, као и
у самој нашој земљн, па су редо»и
Нарснлисlo*слободиlлач«е вој.
ске широм Југослаlви!Је почели
брзо да нарастају тажо, Да јс
о«К'утгатlo|р морао да враћа дквизије
са Истонног фронта, са
Кавказа, где их је Црвена Армија
почела жестоко тући.”
„Између Хитлера и Муоолинкоа
лете телеграми у којима је
реч о новнзј офсанзиви противу
наше ослобођене те(ркторије. Тако
на јвдан Хитлеров тедеграм
Мусолини о,дго®а(ра: „Фиреру,...

као што је познато, операције
Вајс које, су имале за циљ уништење
нартмзана, нису постигле
Пјрема садашњсм стању
ствари неопхолно је по моме
мишљењу, да се најхитни;е оп.оразумемо
о продужењу заједн-и-чие
акци|је. Садашњи раопорсд
немдчких и италиоансшх груна
такав ј.е, да допушта могућност
Iмо«центричне акције п-ротив непријатеља,
ко(ји се овога пута
тешко могао извући из кљешта.
Сусгдшио је поЂolрlити да би за
ову ажцију била потребна јелн«.
■ств-сна моманда, алк, пошто се
жели да немачке трупе оперишу
под немач!Кlolм »омандом, и због
тога је иотребно слоразумно утвЈрдшти
модал-итете и општу ликоје
треба да се придржава-ју
и једне и друге трупе, на
начин, да се избегну нови неошсфазум-и.”
И тако долази до стваран>а
новог плана непрlИ|јатељске врхозне
команде, плана током Пете
нешријатељоке офанзкве. Друг
Не|Дељкови!ћ о томе каже: „Уаалуд
ће после два разбијена и
потучена „бела” Вајс плана, немачка
Врховна команда скројити
»ов „црни” шварц план за
„уништење па|ртизаlна”, плон
пете офанзиве. И ту ће оно, што
је шест пута бројније и Са на.јсавршеннјом
оружаном технилом
бити погучено чврстом пеоницом
најбољих сннсива народа Југославије...
Маршал Тито ће победтносно
помроити конце и овоме
„црно-м” плану, и још једном
повести каше народе новом
рашћењу ослободилачкик снага.”

Из рсферата Душаиа
Ђурића ст. мсдицинс
У свом реферату друг Душан
Ђурић је између осталог рекао:
Нема готово ниједне наше
јединице у чијим се редовима
нису бОрили и студенти нашег
Универзитета. Наш универзитет
је једно време пре рата био жижа
напредног ослободилачког
покрета у нашој земл»и. Они су
још пре рата стекли непоколебљиву
веру у КОмунистичку партију.
Отуда онако великог одзива
и учешћа наших студената
у ослободилачком рату. На стотине
их је погинуло, међу њима
и преко 20 нарОдних хероја.
Безброј н>их се налазило током
народно ослободилачке борбе на
руководећим дужнОстима, огроман
број бнвших студената игра
данас у државном и политичком
животу врло значајну улогу.
Због свега тога се ми, њихови
млађи друг Ови поносимо, јер
њихов удео и заслуга ке чине
част само нашем универзитету,
већ читавом нашем народу.
Лола Рибар, Рифат Бурџевић,
Мика Митровић, Бајо Секулић,
Мирче Ацев, Мирко Томић, СлобОдан
Принцип и многи други
пример су нам свима како се воли
домовина и како се бори за
слободу и независност народа,
за бољи живот чОвека..."

ИЗЛОЖБА РЕПРОДУКЦИЈА ТРЕТЈАКОВСКЕ ГАЛЕРИЈЕ

Друштво за културну сарадњу Југославије са
СССР-ом организовало Је изл«жбу репродукциЈа слика
ТретЈаковске галериЈе. На изложби су зим:тупл»ени иаЈбол>и
претставници руског сликарства досовјетске епохе (Рјепин,
Суриков, Васњецов и др.).
Изложба ће бити отворена до 25 Јуна у згради Академије
наука.
Тре&ало би да студенти колективно или поЈединачво
посете изложбу.

ПИВО КАРАМАТИЈЕВИЋ: КУРИР

ФЕСТИВАЛ
НАРОДНЕ ОМЛАДИНЕ ЈУГОСЛАВИЈЕ

(наставак из прошлог броја)
111
КЛАВИР
1) Бах; Прелудиј и фуга цисмо/'
из II свеске „Волтемпериртес
клавир“
2) Шопен: Фантазија ф-мол
или
Анданте спианато и Полонеза
или
Ноктурно и Балада или
Ноктурно и Скерцо или
Ноктурно и Полонеза.
Од Ноктурна само бројеви:
4,5, 7,8, 10, 12, 13, 14,
16, 17, 18, 19.
Од Полонеза само: Полонеза
фис-мол, Полснеза
фаштазије
Полонеза Ас-дур.
3 Једно веће дело југословенског
аутора или низ мањих композиција
једнога или више аутора,
(по слободном избору)
Напомена: Све напамет
IV
ВИОЛИНА
1) Бах: Први и други став из
партите бр.З
2) Моцарт: Концерт по избоРУ
3) Једна дужа (или две краће)
композиције изразито техничког
карактера (на пр. Витали,
Вињиавски, Виетан и сл).
4) Једно веће дело (или два
мања) југословенског композитора
(по слободном избору).
Напомека: Све нанамет
V
ВИОЛОНЧЕЛО
1) Прелудиум. Сарабанда и
Жига из II Свите у Д- мо/у.

2) Један од следећих концерата:
Бокетини, Б-дур, Хајдн,
Д-дур и Сен-Сан А-мол
3) а) Једна концертна етида
(на пр. Пиати. Попер, Бекер и
сл.) или један виртуозни комад
уз пратњу клавира по слободном
избору.
б) Једна од следећих класичних
соната: Бокерини А-дур.
Валентини Е-дур, Локатели Ддур,
ХаЈдн Ц-дур. Шуберт Амол
Напомена: Све напамет
VI
СОЛО ПЕВАЊЕ
1. Арија из класичних или романтичних
опера
Колоратурни сопран: Глинка:
Арија Антониде из опере
„Иваи Сусањин*
Лирски сопран: Моцарт; Ариј’а
Сузане из опере „Фигарова
женидба“
Драмски сопран: Чајко-в-ски;
Арија Татјане из опере
„Евгеније Оњегин“, или арије
Лизе из опере „Пикова дама“.
Мецо сопран; Монтеверди:
Речитатив и ламенто из опере
„Аријане".
Алт: Глук; Арија из опере
„Орфео“
Лирски тенор: Бородин;
Арија Владимира из опере „Кнез
Игор“
Драмски тенор: Сметана:
Арија из опере „Далибор"
Лирски баритон: ЧаЈ^ковски;
Арија из опере „Евгеније
Оњегин“

Драмски баритон: Бетовен:
Арија из опере „Фиделио“
Бас Моцарт: Арија из опере
„Чаробна фрула“ (О Изис)
Напомена: Све напамет
2) Песме
Колоратурни и лирски сопран:
Скарлати: Виолета
Драмски сопран: Брамс:
Моја љубав
Мецосопран: Шуберт; Баук
Алт: Волф: Усамљеност
Тенор лирски: Форте: Тосканска
серенада
Тенор драмски: Маринковић:
Из града у град
Баритон лирски; Шуберт:
Путник
Баритон драмски; Леве;
Златарева ћерка
Бас: Бетовен; Инквеста
томба
3) Песма југословенског
композитора (по слободном избору)
4) Оперска арија словенског
аутора или арија из ораторијума
или кантате (по слободном
избору)
Напомена: Све напамет
VII
ДУВАЧКИ ИНСТРУМЕНТИ
ФЛАУТА
1) Моцарт: Концерт Г-дур (напамет)
2) Два концертна комада различитог
карактера (по слободном
избору) (необавезно «апамет)
ОБОА
1) Хендл; Концерт Г-мол (напамет)
2) Два корцертна комада различитог
карактера (по слободном
избору)
КЛАРИНЕТ
1) Вехер: Ко«церт еф-мол
(напамет)
2) Два концертна комада различитог
караастера (по слобод.
ном избору)
ФАГОТ
1) Моцарт: Концерт бр. 1 Бдур
(напамет)
2) Два концертна комада различитог
карактера (по слободном
избору)
РОГ
1) Моцарт: Концерт бр. 2 Есдур
(напамет)
2) Два концертна комада различитог
карактера (по слободном
избору)
ТРУБА
1) Хајдн: Концерт Ес-дур
2) Два концертна комада различитог
карактера (по сгободном
избору)

Услови за учествовање на изложбама
ликовне н примењене
уметности поводом Фестивала
омладине Југославије
у Београду

1) Централно веће Народне омладине,
поводом Фестивала о>младине
Југсолавије организује
октобра месеца у Београду изложбе
радова ликовне и примењене
уметности.
2) На изложбама могу да учествују
сви чланови Народне
омладине; а) студенти академија
ликовних уметности, б) ученици
школа за примењену уметност
и ц) самоактивисти.
3) Излагаће се све врсте радова
из ликовне и примењене уметности;
уље, фреска, мозаик,
цртеж, графика, скулптура,
витраж, карикатура, плакат,
значке и други радови из примењене
уметности.
4) Тематика радова из ликовне
уметности: наша борба и
изградња, наши људи, наши
пејсажи,
Поред с/ободних композиција
могу доћи у обзир и школски
радови који тематски одговараЈУ-
-5) Рок пријављивања за учествовање
на изложби је 15 јули
1948 године. Пријављивање ће
се вршити преко земаљских већа
фестивалском одбору. Студенти
академија и ученици школа
за примењену уметност могу
да предају пријаве одборнма
Народне омладине своје школе,
а ови ће доставити Земаљском
већу.
6) Приликом пријављивања
треба приложити следеће податке;
а) приближан број врста
и величина радова који се намеравају
изложити, б) стручна
спрема, занимање, године старости
пријављеног.

Број 19

НАРОДНИ СТУДЕНТ

3Из братског СССР-а

Совјетски студенти у часовима одмора

ЖИВОТ И БОРБА ОМЛАДИНЕ СВЕТА
Светска федерација
демократске омладине
организује „путовање мира"

Светска федерација демократске омладине објавила је програм
~путоваЊа мира“ који ће се извршити од средине јула до
краја августа ове године . Према овом програму, Светска федерација
демократске омладине организоваке специјалне возове
који ће омогућити младим лудима разних земаља целог света
'да проведу летњи одмор у више европских, ратом опустошених,
земаља и доприне&у њиховој обнови. Светска федерација демократске
омладине организоваће међународне радне бригаде ко]е
ће обухватити 15.000 омладинаца за посету и рад у Југославији,
* Албанији, Пољској, Румунији, Мађарској, Чехословачкој, Бугарској
и Великој Британији* У, саопштењу о овом
мира “ Светска федерација демократске омладине истиче да ће
посета омладинбких међународних радних бригада разним европ
ским земљама и њихово учешће у обнови тих земаља учврстити
пријатељство и савез омладине целог света и допринети сузбијању
клевегничке и ратнохушкачке пропаганде и учвршћењу
мира у свету• 1 ' (

Расна дискриминација
студената Јужне Африке

ЈУЖНА АФРИКА. На многик универзитетика
и колеџима у Јужној
Африци постоји расна дискриминација.
Тако, на пример, универзитет у
Еаталу подељен је на групе састављене
од Европљана и од неевропљана.
Универзитетске вдасти не само што
су увек упорно одбијале да промене
ввај систем, већ су покушали да унееу
дискриминацију и у студентске
организације.
Савет студентских претставника,
створен још пре неколнко година против
воље универзитетских вдасти »бухватио
је све студенте, без обзира
на расу, примењујући принцип једнаЕОСТИ.
Међутии, ректор универзитета у Наталу
д-р Малерб, уз пуну подршку
вдаде успео је да изврпш јак притисак
на студентску организацију и из
н>е укдони студенте неевропљане, Циљ
ових поступака је јасан. Вдадајући
кругови се боје утицаја капредних
снага на студенте неевро-пљане. Они
зкеле да угуше помоћу специјалне наставе
сдободан развој и либерадан
дух код студената неевропљана како
би од н>их створили будуће квислинге.
Ове фашистичке мере изазвале су
оппре протесте Националне уније афричких
студената и велико негодован.е
међу омладином. Снаге напредне
омладине, која подржава оправдане
захтеве студената за укидање расне
дискриминације на високим школама,
биће у стању да омету ове империјалистичке
маневре.

ШПАНИЈА. Нациолалне федерације
пшаиских и кастилијанских студената,
уз судедовање антифранкистичких
вмилраната и помоћ Међународнв
студентске уаије, отвориде еу недавно
у Паризу Излоасбу шпанске уметности.
Издожба, на којој су биле
изложене слике, скуллтуре и керамика,
врло је успеда.
ТУРСКА. Првма писаљу листа иКудрет“
профашисгички професор Анкарског
универзитета Меџати Акдер
говорио је у једном свом предаваљу
са одушевљењем о национал-социјализму.
Он је изјавио да после Хитлерове
смрти национад-социјализам није
престао да постоји, да је режим
који је створио Хитлер добар режим
и да „у Турсвој ми имамо исто уређење.“
Када је један од студената покугаао
да протестује професор му је
предложио да напусти универзитетску
дворину.

КОНКУРС
за додељивање стипендија студентима са територије НР Србије
за школску 1948-49 годину

У школској години доделиће еавезни и републикански
државни органи, државне установе и привредна
предузећа известан број стипендија свршеним Ј/ченицима
средњих школа и студентима V ниверзитета са
територије НР Србије за студије на У ниверзитету, високим
школама и институтима*
Студенти који намеравају да траже отипендију поднеће
молбе Комитету за научне установе, Универзитет и
високе школе Владе НР Србије преко среских, односно
градских народних одбора •
Стипендије ће се додељивати првенствено носиоцима
„Партизанске споменице 1941", борцима народно-о-слободилачког
рата, лицима која активно учествују у
изградњи земље, као и одличним и врло добрим ученицима•
Студенти којима се додели стипендија закључиће
уговоре о атипендији са даваоцем стипендије .
Сваки студент у молби (таксираној са 10 динара
таксене марке) треба да назначи на коме факултету
(отсеку-групи) жели да студира и да ли је досада био
стипендиста и које установе .
Молби треба приложити:
1) уверење среског, односно градсЏ:ог народног одбора
о имовном стању са овим подацима: број чланова
породице са којима живи у заједници, њихоИо занимање,
приходи и висину порезе;

2) студенти: уверење деканата о уписаним 'деместрима
и положеним испитима (са оценама), а свршени
ученици: препис матурског сведочанства, оверен од отране
органа народних власти;
3) биографију (таксирану са 5 динара тахсене
марке)•
Студенти, који су у овој школској години примали
стипендије и до 20 јуна 1948 године не буду попунили тра
жени формулар „упитник за стипендисте", морају такође
поднети молбу са свим наведеним прилозима, а сви доеадањи
стипендисти обавезни су да установама-даваоцима
стипенд - поднесу уверење о положеним испитима (у уверењима
треба одвојено навести положене и&пите из последња
три испитна рока)•
Народни одбори примаКе молбе до 15 Јула и доставиће
их Комитету за научне установе, У ниверзгстет и
високе школе Владе НР Србије до 25 јула са детаљно
образложеним предлогом да ли треба или не треба мо- 1
лиоцу дп! и стипендију•
Напомиње се, да де молбе које не буду имале тражена
документа или све потребне податке у документима,
неће узимати у поступак. Исто тако, неће се решаватц
молбе које Комитет прими после одређеног рока.
Студент којима додељене стипендије, биће
извештени писмено преко установе-даваоца стипенди]а.
Из Комитета за научне установе
Универзитет и високе школе Владе НР Србије

ФИСКУЛТУРА И СПОРТ

Петобој сбестраности
дисциплина за свестрани развитак наших
фискултурника

На стушЈвштим играма у Загребу
као један од најважиијих
(И најинтересантиијих дисциплlина
био је петобод свестраности,
нзведен као такљиичарска група
дасцитикиа, у коцој оу се таКМIИЧИЛIИ
како гао(јад)И»нци та«о и
екипе. Петобој саестраиости садржи
пет дисцишлина: оријентациснна
вожња бициклом на 30
км., рвање, пл»ивање слободаим
стнлом ка 200 метагра, »рос-кlонтри
(трчање иа 4000 метара) и
гађање бојном пуиимом.
Свака дасциплина петобоја
свестраности захтева карочиту
припрему опецјифичио трениlрање.
И баш ради тсхга што између
дисциплина гкнстоје велике
разлнке у ГЂрииремама, такмичар
моји учествује у петобкхју
свестраности мора у сваком слу.
чају бити свестраии фискултурник.
Добро трчати и дсбро шшвати
П|рилична је ретмост код
наших фискултурника. Кроз петобоц
свестраиосги то се, међутим,
шстиже.
Оријент а ц нон а тожња бици■млом
захтева оlд такмичара д»обро
познавање терена, рад са
бусолом, чнтање карте и перфектно
сналажење на самом терену,
У о®ој првој дисцшплини
петобоја овестраности такмнчар
мора бити и добар возач, јер и
поред доброг шалажења долази
до борбе у самоц браинсшј
вожши, Рвање как> спортска грана
која је јоош, нас врлк> мало упражњазана
стављена је сважако у
петобој свестрачости не само
као једна корисна дисциплина
спорта, већ и као грана спорта
мо|ја треба да постане понуларннја
и втипе уттражњавана ош
стране омладине,
Да 6и тажмичар могао савладати
дисциплине иетобопа свестраиости
и у свакој од њих заузети
добро место, м)ора пре
свега обратити нарочиту пажњу
на у'једначlеиоlСт тј. на то да му
ј,е свака дисциплина подједнако
пр(Иlпремљена и ниједна да није
вапостављена. У петобоју свестраности
не мооке псбедити ни

одл-ичан пливлч, ки сјау|ан сгре«
лац, нити добгф тркач већ саж>
такмичд-р који је црширсмио сва_
му дисцкстличу сшсгематоки и
мсји је исто ТОЛIИКIO јак у трчан>у
мош-ИКо у гађању или у сријентацианоо'
вожњи. Баш на прВlим
такмичењима на СтудентСКIИМ
ипрама у Загребу шожазаљо
се да су гклједиии такмнчари
били добро прицремљеви само
у Пlo|једи'иим дисцигшшнама (добар
тркач, спрел-ац а слаб воаач
и плнвач) тамо да оу иввеснм резултати
билги доста слаби. О
томе још јасније говори случа*ј
запребачмог такмичара који је у
првој дисциплини (бициклизам)
иобедио, дрк дисц|ннлlину из шви_
вања услед не при ир емљ ености
није могао ивдржати.
Петобој свестраности због свед 1 ,
нарочитог значења за развнтак
свестраног фискултурника треба
да ое одомаћи не само на сгудентск!Иlм
ипрама већ и на мањим
сгудентским и унизерзитет.
ским првенствиlма. Упражњавајући
петобојј свестранloсти наши
другови који су кроз часове
општег физнчког образовања и
такмичења за значку фискрктурника
показали нзвестан смисао
еа поједине опортске дисциплине,
имаће прилике да се
кроз ове дисциплине развнју у
добре, свестране фиск ултуринке.

М. Вршшћ

ОБЛВЕШТЕЊА
Позивају се руководиоцм
такмичење за Значку фискуптурника
са факуптета да
поднгну освојене значке из
Градског одбора ФИСАС-а,
се нсте поједнначно неце
издамти.
★
У недвљу 27 јуна, у 11 часова
у друштвеним просторијама
одржаће се састанак свих
руководипаца радних бригада
Београдског универзитета. На
састанку *е се преУресати ввома
важна питања и присуство
свих руководипаца је обавек
зно.

4

Одговорни уредник Влада Митровић. ст. права. Уредништво и администрациЈа: Веогрод, Балканска улнна 4, телефо« 23-464; број чековног рачуна 1-9060014.
- Штампарија „Омладина , Београд, ВоЈводе Мишића улица броЈ 19

НАРОДНИ СТУДЕНТ

Број Ф
  </body>
 </text>
</TEI>