<TEI version="3.3.0" xmlns="http://www.tei-c.org/ns/1.0">
 <teiHeader>
  <fileDesc>
   <titleStmt>
    <title>The shortest TEI Document Imaginable</title>
   </titleStmt>
   <publicationStmt>
    <p>First published as part of TEI P2, this is the P5
         version using a namespace.</p>
   </publicationStmt>
   <sourceDesc>
    <p>No source: this is an original work.</p>
   </sourceDesc>
  </fileDesc>
 </teiHeader>
 <text>
  <body>
   <p>This is about the shortest TEI document imaginable.</p>
  </body>
 </text>
  <text>
  <body>
ТРОГОДИШЊИЦА УГОВОРА
ЈУГОСЛАВИЈА-СССР

Пре три године потписан је
уговор о пријатељству, узајамној
помоћи и послератној сарадњи
између Совјетоког Савеза и
Југоелавије. О томе шта он
претставља за наше народе маршал
Тито је рекао: ~Овај уговор
претставља за нас основу мир.
ног изграђивања наше будућно.
сти. Но у исто време он претставља
остварење тежњи народа
Југославије, који су увек желели
да живе у тесном пријатељству
са моћним Совјетским
Савезом. Уговор претставља истовремено
резултат заједничке
борбе Црвене армије и Југословенске
армије против немачких
освајача и њихових помагача.
Уговор је положио чврст темељ
обезбеђењу мирног развитка нове
Југославије.” Он је за нашу
земљу гаранција политичке, е.
консмске и културне независкости,
он је омогућио нашим народима
да се предано посвете
об.гози земље и социјалистичко.'
изградњи.
У капиталистичким земљама
уговор између велике и мале
земље значи губљење економске
с њом и политичке самосталности
мале земље. То данас показује
Маршалов план помоћу кога
амерички империјализам покушава
да псстигне ове циљеве
користећи тешко економско
стање европских ратом опустошених
земаља.
Насупрот томе, протекле три
годтше од дана потписивања уговора
донеле су нашој Репу.
блици огролгне користи ка свим
пољима рада. Од најтежих послератних
дана доби Јала је она
свесрдну « обилну економску
помоћ совјетских народа која је
помогла нашим народима да истрају
на путу изградње новог
друштва. И на политичком пољу
помоћ нашег великог савезкика
није изостала. Он је давао потлору
нашим народима у борби
за остварење својих праведних

захтева. Његови преставници су
се свестрано залагали за конач.
но уједињење свих наших крајева,
за прикључење Истре, Трста,
Словеначке Корушке, за добијање
репарација. На пољу
културне сарадње наши уметници,
научници м културни радници
могли су да се користе достигнућима
совјетске науке и
културе као и њиховим искуством.
Наши радници следе примеру
совјетске радничке класе, стојећи
у првим редовима социјалистичке
изградње наше домовине,
дајући пример свОјим херојоким
радом и развијајући форме социјалистичког
такмичења. Омладина
Југославије прилази оддучио
и смело извршењу свих задатака
У другој годипи наше
Петолетке. Она се као и за време
народно-ослободилачке борбе,
тако и у послератним дапима
васпитава и учи на примеру
херсцјског Комсомола. Н 3 тековинама
народно-ослободилачке бор_
бе, развијајући националну свест
и љубав према домовнни, према
соци(Јалистичкој изградњи, кроз
самопрегоран рад ствара će нов
лик нашег омладинца.
Уговор између Совјетског Савеза
и ФНРЈ, као и остали уговори
закључени између напредних
земаља имаЈу мирсљубиви
карактер и претстављаЈу снажан
допринос учвршћењу мира у ооету.
Насупрот њима ствара се западни
савез на челу са америчким
империЈализмом уперен против
СовЈетског Сазеза, против
мира и демократије. Словенски
народи, заједно са осталим зем.
љама антииlМперијалистичког табора
учвршћуЈу братске односе
и међусобно ое помажу. Борећи
се против потпаљивача рата,
предвсђеш својим комунистичким
парти Јама, они доследно
спроводе политику мира и ca.
радње међу народима и уживаЈу
подршку и симпатиЈе народних
маса читавог света.

Хор: „Ови штет угрожавају мир!’’

СМОТРА РАДНИХ БРИГАДА БЕОГРАДА

„Само непријатељи нашег народа
налазе се по страни и покушавају
да нас омету у нашем великом раду"

У недељу, 4 о, м. одржана Је
на Тргу Републике величанствена
CMof’pa свих фронтовских
и омладинских радних
бригада. Простор на Тргу био
је испуњен огромном масом
радних људи поносних и
свесних градитеља социјализма-
Сви околни прилази и улице
које воде ка Тргу биле
су закрчене. Радни Београд се
слио у бригаде.
Митинг је отворио Сретен
Стојановић, претседник Град-

ског одбора Народног фронта
и дао реч министру Веселинову.
У своме говору, министар
Веселинов је одао пуно признан>е
радним бригадама Београда
које he учествовати у претстојећим
радним акцијама око преуређен>а
старог и изградше новог
Београда. Говорећи о каком
ове године, министар Верактеру
и значају џиновских
радова који he се остварити тоселинов
је нагласио:
„Задаци који стоје пред на-

ма у 1948 години нису лаки и
неће се извршити без тешкоћа.
Друг Тито нас је научио да се
боримо против тешкоћа и да их
савладамо. Зато кемо ми савладати
евентуалне тешкоке у
овој години и остварити читав
наш план рада у изградњи.
Трудбеници наше земље чврсто
су решени да у потпуности
остваре Титов Петогодишњи
план. Само непријатељи наших
народа налазе се no страни и
покушавају да нас омету у нашем
великом раду. Али сви
они треба да знају да смо cnoсобни
не само да градимо, већ
да умемо и да се боримо nporue
непријатеља. У нашој земљи,
где радни л>уди дају све
од себе за бољу данашњицу и
бољу будукност, мора бити npeзрен
и потпуно онемогукен сваки
онај ко и најмање штети
интересе заједнице . У земљи
као што је наша, у којој је радни
ентузијазам захватио милионе
и милионе људи, радни колективи
не могу трпети забушанте
и ленчуге, нераднике који
желе да живе на рачун другога'
После министра Веселинова
говорио је Данило Пурић, а затим
је, бурно и одушевљено
поздрављен, добио реч друг
Рато ДугонјиН.
У свом говору Рато Дугоњић
je објаснио величину и важност
предвиђених радова и, између
осталог, подвукао и жигосао
лоше примере несавесног и
шпекулантског пријављивања у
бригаде, нагласивши:
„Наше бригаде треба да буду
чисте као сунце, да у њима
буду само они људи који су
приступили из дубоког уверења
да је потребно да сваки
искрени патриота помогне своЈим
снагама, да се наша земља
што npe изгради да би што npe
остварили благостање и среку
наших народа

М
А. Петровић

Трг Релублике за време сиотре

Прва колица.^

Омладинске бригаде почеле су изградњу
Новог Београда, аутопута Београд-Загреб
и пруге Кучево-Бродица

Почетком априла Народна омладмна
Југославијв отпочела je
радове на аутопуту »Братство и
јединства<, Новом Београду фаб(рици
тешких машина-алатљика
»Иво-Лола Рибар« у Железни
ку, на прузи Кучево —Бродица и
многим другим објектима широм
целе Југославије. Неколико десетина
хиљада омладинаца и омладинки
отпочели су радну офанзи.
ву за другв године
Плана.
Четрдесет омладинских радних
'ригаде на дужини од 120 километара
почело је изградњу аутопута
Београд —Загреб. Сеосха омладина,
која је почињала и завршавала
радове на свим досадашњим
радним акцијама и овом
прилнком ј,е образовала прву сме.
ну градитеља. За омладину Југослави|је
изградња аутопута није нова
ствар, eefc је то само нови обје.
кат на коме fce она знати и умети
да примени своја досадашња
радна искуства.
Прве рмладинске радне брига-*
де, које су отишле на градилн
штв Новог Београда, завршавају
припремне радове преносе
материјал, уређују логоре. Док
стигну остале омладинске бригаде,
припремни радови Jse се окончати.
Тада tve Народна омладнкв

Југославије пристулити изграђивању
новог модерног Б:ограда,
који tve као главни град свих
народа Југославије постати жариште
просве+lсности у овом делу
Европе у изградњи социјалистцчксг
друштва.
Народна омладина Србије почела
је, у подножју Кучајских
Планина, изградњу омладинске
пруге Кучево —Бродица. То је
највеКи овогодишњи граЈјееински
објекат републичанског значаја на
територији Народне републике
Србије. Од 14 омладинских радних
брмтада, које учествују у првој
смени, неке су већ започеле
битку са највећим објектом на
прузи тунелом Омладина
Србије, уз noMots омладине
других наших република, изградњом
ове пруге дуге 16 километара,
омогукике експлоатаЧ
И ЈУ рудног и шумског богатства
овог краја.
Кроз ове акције и кроз низ
других акција републиканског значаја,
Народна омладина Југославије
ушла је у нову фазу борбе
за изградњу бољег живота, за
кзградњу социјализма.

ЦЕНА2ДИН. CMPf ФАШИЗМУ— СЛОБОДА НАРОДУI
ОРГДН НАРОДНЕ СТУДЕНТСКЕСМЛАДИКЕ Ш*ЛМ M ЉшЉЛшЛЛ Л М
БЕОГРАДСНОГ УНИВЕРЗИТЕТА ШЈшЛМШшШЈШШКМвпЈЛтЛ
Бр*гл4 Iод. М/ IrfW V f Tf WWWV
БЕОГРАД, 7 АПРИЛ 1948 *

„НАШЕ БРИГАДЕ ТРЕБА ДА
БУДУ ЧИСТЕ КАО СУНЦЕ, ДА
У, ЊИМА БУДУ САМО ОНИ
ЉУДИКОЈИ СУ ПРИСТУПИЛИ
ИЗ ДУБОКОГ УВЕРЕЊА ДА
ЈЕ ПОТРЕБНО ДА СВАКИ
ИСКРЕНИ ПАТРИОТА ПОМОГНЕ
СВОЈИМ СНАГАМА, ДА
СЕ НАША ЗЕМЉА ШТО ПРЕ
ИЗГРАДИ ДА БИ ШТО ПРЕ
ОСТВАРИЛИ БЛАГОСТАЊЕ И
СРЕЋУ НАШИХ НАРОДА.”
• (Рато Дугоњић)Како се спремамо
за јунске испите

60% студената треће године ветерине
посећује консултације из анатомије

He jpetsoj години Ветеринарског
факултета одржаеају се консултације
за студенте који заостале
испите из анатомне, физиологије
n’ хистологије. Градиво се
прелази по недељном плану.
Консултацијом руководе демонстратори.
Својим знањем и интен.
зивним залагањем демонстратори
доприносе добром одвијању рада.
При'ме|р за то су консултације из
анатомије које nocet»yje 60%
студената.. Најпре је ове консултације
посећивало свепа 25% студената,
али су демонстратори
својим методским радом и давањем
на располагање
показали осталим необухваћеним
како се систематски и
темељно спрема испит за јукхки
рок.

годии*' већ је завршен колоквијум
из ботанике на коме су arpoноми
и шумари по мишљењу
професора д-ра Черњанског показали
резултате.
Сем усменог испита из ботаникв
био је и писмени. Ту је био
слаб одзив студената: полагала
је само половина од укупног броја
студената прве године. У току
је колоквијум из геодезије за шумаре
прве године. Досада је Једна
полагала. Од тога
је на испиту задовољило 90 по
сто, а са цртежима није задовољкло
ни осамдесет по сто. Узрок
тако слабв израде цртежа : е недовољно
стране асистената.

ФАРМАЦЕУТСКИ ФАКУЛТЕТ
Студенти Фармацеутског факултета
који похађају гиредавања
на Ветеринарском факултету понашају
се непристојно на предавањима
из Дођу на
сат пре предавања и у аули
лармају. 3 а време предавања
које je заједничко са студентима
ветерине, студенти фармације
пуше, причају и ометају предавање.
У петак 26-or прошлог месеца
три другарице су јеле на предавању
и'ако их је професор посматрао.
Овакав однос фармацеута, не
само што ремети предавање, него
и ред меУ)У студентима ветерине
који ;е на приличној висини.

ФИЛОЗОФСКИ ФАКУЛТЕТ

На историско; групи Филозофског
факултета одржане су консултације
из класичних језика,
историје и историје
новог века. На консултацијама
су разрађена најтежа питања. Сви
присутни професори били су задовољни
знањем студената.
Међутим, мали је број студената
консултацијом.
Поедини студенти се слабо интвресују
за своје предметв. Дешг
ва се код оних што не nocefcyjy
консултацију да не знају на мапама
да покажу гдв се налазе
Француска, Дон, Египат ктд.
★
На ПрвоЈ годнни VH група Филозофског
факултета, да би се олакшало
учење старословенског
језика, извршена је подела студената
на категорије према њкховом
знању и разумевању језика.
Једну групу студената са бољим
знањем преузео је на себе професор
Алекси-h да са њима ради.
За остале студенте основан је
курс који одржава асистент. Успвх
оваквога рада eeh се показао.
Многи који 1 нису доскоро познавали
НIИ слова сада eeh читају
текстове, преводе, анализирају.
★
ПОЉОПРИВРЕДНО- ШУМАРСКИ
Средином марта почели су копоквијуми
на Пољопривредношумарском
факултету. На првој

Поред припрема за слет студенти
Државног института за фискултуру
не треба да занемаре учење

По повратку студената Државног
института за фискултуру
са Шар планине отпочела је
настава у другрм семестру.
Због учешћа студената на Свесоколском
слету у Прагу, где
ће бити централна група наших
вежбача, и припрема за летње
једномесечно логоровање, настава
у летњем семестру трајаhe
11 недеља. На крају овога
сгместра студенти друге године
стичу право на полагање 6
испита и 6 колоквиума, а студенти
прве године на 6 испита
и 3 колоквиума, Због припрема
за слет и летње логоровање
а и ради других објективних
тешкоћа (на пр- недовољног
броја стручне литературе и учила)
стручни одбор Народне

студентске омладине у договору
са Дирекцијом Института,
решио је да се неки испити полажу
за време летњег логоровања.
Да би се положили испити у
јунском року потребан је интензиван
и систематски рад.
Раду треба приступити одмах.
Међутим, студенти Државног
института за фискултуру не поклањају
довољно пажње семинарима
и самоиницијативним
часовима, индивидуални рад
још није оживеоТреба
активизирати кружоке,
посветити пуно пажње семинарима,
што пре отклонити тешкоће
и више индивидуално
радитиИ■
к.

Како учи један добар студент
прве године

Међу сгудентнма прве године
славистичке групе Филовофског
факултета истиче се својим
радом Момчило Крковић.
Иачин на који је он пришао
учењу може да послужи осталим
студентима за пример.

Друг Крковић је још од самог
почстка првог семестра почео
систематски да ради, да се спрема
за испите. Радио је упоредо
три предмета: лингвистику, теорију
књижевности и старословенски
језик, а руски језик је
савлађивао по партијама градива■
Друг Крковић тврди да му
је од najeehe noMohu при уче•
њу било редовно посећивање
предавања и вежби на којима
је велики део градива успео да
савлада, Међутим, он се није
задржавао само на ономе што
је чуо на предавањима . Прогииривао
је своје знање Kopucrehu
стручну литературу
често у словенски семинар. На
тај начин је успео да темелно
обради теорију књижевностњ
док су се остали студенти задоволзавали
учењем из бележака,
или још увек чекају да изиf)e
из штампе превод новог
уцбеника. Кад су формирани
кружоци из теорије књижевности,
друг KpKoeuh је преузео
руководство једног кружока од
осам чланова. Овај кружок се
служи његовим начином рада:
саставлзен је план, и no њему
се прорађује литература о којој
се на кружоку дискутује .
Кружок је чисто консултативног
карактера и no њему су
основани eeh многи кружоиџ
на истој групи.

Кружак Светозара Пантића

Кружок друга Светозара Пантика » студента друге
године Пољопривредно-шумарског факултета, формиран
је још прошле године. У свим досадашњим испитним роковима
он је показао добре резултате. У јануару су чланови
кружова ликвидирали заостале испите из прошле
године и сада интензивно раде за јунски рок • Саставили
су план рада и имају нову форму кружока • Кружок се
састаје једанпут у 15 дана. На састанцима се објашњавају
ствари које на предавањима нису биле јасне и које
се индивидуалним радом не могу потпуно савладати. На
њима се такође контролише рад појединаца и кружока
као целине . Карактеристично је за овај кружок да у
њему нису само добри ђаци ll слабији, али заједничким
радом они се употпуњавају и као целина показују
задовољавајући успех • Начин учења у овом кружоку noказао
се као добар те га многи студенти прихватају.

Из тромесечних планова актива
и група НСО-а

Група Haip-одне студентске о.
младине Економског фшултета
је на cßOiiioij хонференцији донела
шан рада. Нар.очито жива
дискуlсија водала се о стручн!ом
раду. Решано је да се у првом
реду расмотри на свакој стручној
ггојЛЈпругги реалност обавеза
за јуиски исгтитни рок, као и да
ое испитаиу уlзрloци иедоласка на
продавања појединих чланоша
Народне стуцентске омлацине.
У тоссу мссеца априла одржаће
се pencTKp'opnj из привредног
плавдирања, две ко«султаци(ј€ из
техполопије, Bipoj в-ежби из анализе
биланса he се по/већати.
Струигеи одбор груие умножиће
тр« семгенара из привреднбг
плаиирања ио|ји мопу да служе
као помоћна Лlгетература за учење
предмета.
Tpeha група Народне студентске
омладине 1 године грађевинског
отсека Техничког факултета
на својој коиференциЗи за до.
»01шење плана расправљала је између
осталаг о побољшању
стручноп рада. У плам је yiweceно
да се учврбти и Iпк>бољша
е;ВlИlденциlја ггасећивања гпредавања
и вежби и да се проценат
долажења на вежбе са демонстраторима,
који се кретао између
40 и 50, повећа ш 80. У
току два месеца одржаће се два
колакдај/ма цз математи!ке, један
из нацртне геометlрlИ|је н двл
из физике. Графички радоеи из
статистике, према плану, треба
Д|а буд|у завршени до гроло,вlине
маја. Когетрола нзвршења однх
и другик задатака које је план
поставно в<ршиће се на петнаеCTOujHietßiHiHiM
мсогфоронодјама на
којима he се похваљи|вати најбољи
студвнгги и тражити објашњење
зашто шхјед;ини друтови
не испуњавлју план.
Актив Народне студентске омладине
Филозофског и Природ.
но математичког факултета пре.
двидео је у свом плану поред
осталог и Нф нових форми култ\р
н о jnpoic ве тко,г рада.
Поред формирања културно-у.
метничког друштва, у пллиу се
иредвиђа приређгевање музичких
вечери у којима ће учествснвати
народни оркестар, и
каинтети који ће се образовати
по групама. Трннаестог јула факзултет
ће одржати прославу по.
всхдом битке на Сутјесци. Ооим
оувога оаржаће се приредбе пс

прупама, колективlНlo ће се гтосетити
4 — 5 на(учтих филмова •
а геоаошка група направиће излет
у РУIДНИIК Ртањ где he дати
је,дну гхриредбу.
На групи прве године ФармЗцеутског
фаиултета расправљало
се о начинима учвршћења
рашне дисцишшне на вежбама
jieip су се појав'ИШlИ сдучајеви не-6риlжљи&o,г
односа шрема справама
са мојима студенти раде,
непотребио се разливају раани
paiCTßioipiHs проои/па вода по поду
вежбаоиице итд.
★
Акткви и групе Народне студентске
омладиие направши су
CBOije тромесечне пла)нове. Ови
гланоаи се разликуту «ако по
начичу на који су стварани тако
и по cbiOm карактеру. Они ће у
рад наших група, у читав рад
HapioiiHe студентске омладине унети
више отстема, оии ће омогућити
да тдј рад добије више
садржаја. Такви плановн оу важан
фактор који ће потст|р€ка-,
вати чланове Народне ст.удентске
омладине на извршење постављен!их
за(Л,атака. Планови
п)р|етстављају П|риlмену закључака
Треће конференцlи|је Народн
we омладиие Беопрада на прилике
наших факултета. Днсципли!нован
члан Народне омладиг
не иодуњаза све задатке к,оје
пред њега ноставља његова оргаlнизац,ија;
он треба да долазн
редОo(но на предавања, стално
уци, учествује у политичком и
културном paiiiy, да се бави фискулпуром,
учеств<у,је у изградњи
земље. Р|ешавајући ово питање,
групе Нарооте студентске омладнне
ваопитаће у својим редовима
виlсакок|вллификовгне стру.
чњаке K'Oijn ће са љубављу радити
на даљем превредаом и
к.ултурном подизању наше земље.
А. Тодоровић)

На часд хемиске групе

ОБАВЕШТЕЊЕ

11 -IV- 1948 године у 9 часова
одржаће се на Правном факултету
у соби број 333 саветовање
свих дописника, специјалних
дописника и руководилаца др.
писвичких мрежа
Дневип ред:
1. Задацп наше студентске шталше
2. Рад дописничких мрсжа
ИЗ РЕДАКЦИЈЕ

2

НАРОДНИ СТУДЕНТ

БРОЈТАКМИЧЕЊЕ КУЛТУРНО-УМЕТНИЧКИХ ДРУШТАВА

Доведимо колективне посете у
склад са такмичењем

У позиву Медицинског факултета
на такмичеше постоји
једна тачка која говори о opraнизацији
колективних посетаОна
је на већини факултета
схваћена као споредна, неважна,
као тачка по којој се не може
такмичити. На први поглед
то изгледа тако, али ако се више
у ствар удубимо, добиће се
друга слика
Како се досада схватало организовање
колективних посета
и како се њима приступало?
Када универзитетски културно-просветни
одбор откупи улазнице
у Народном позоришту
културно-просветни одбори
факултета су добијали известан
број карата за поједине
драме, односно опере. Другови
задужени за организовање колективних
посета делили су те
улазнице студентима- Тако су
се они, мислеНи да је шихова
дужност тиме »авршена, претварали
у чисто техничка лица
живећи у убеђешу да се „такмиче“.
Поједини пак факултети (Фи
лозофски, Ветеринарски итд.)
имали су правилнији однос
према организацији колективних
посета. Али су их и ови
схватили површно и уско, организујуНи
посете искључиво у
биоскоп. На предаваша О. Давича
о Грчкој, М. Богдановића
о 1 орком и др. није дошла организована
ни Једна група студената.
Кшижевне вечери и
концерти се такође не посећују

колективно. Одлазећи искључиво
у биоскоп, студенти се непотпуно
и једнострано васпитавају.
То је довело до тога да
су неки студенти тражили карте
само за „боље“ опере- Тако
су захваљујући овом, и другим
узроцима Филозофски, Технички,
Медицински и Правни факултет,
од 470 примљених улазница
за концертно вече Музичке
академије, откупили свега
две карте!
Културно-просветни одбори,
односно другови задужени за
организоваше колективних посета,
треба убудуће да показују
више самоиницијативе у проналажешу
и одабирашу културних
манифестација које ће студенти
посећивати водећи при
томе рачуна да ове буду разноврсне
и да одговарају потребама
студената.
Како да организоваше колективних
посета доведемо у склад
са такмичешем ?
Један од основних задатака
овог такмичеша јесте културноидеолошко
уздизаше наших
студената. Свакако да ће се ово
постићи кроз колективне посете.
Али кроз колективне посете
постићи Ке се и квалитет
и садржајност самог такмичеша-
Ако чланови културноуметничког
друштва колективно
посете филм, кшижевно вече,
или концерт, биће нужно после
ових изменити утиске, развити
дискусију, кроз коју ће у сва-

ком случаЈу доносити правилне
закључке и судове. Али ми ове
дискусије морамо организовати
тако да оне доносе користи члановима
културно - уметничких
друштава. После концерта било
би потребно организовати
дискусију унутар хорске или,
рецимо, унутар музичке секциj"e.
Свакако да би ово користило
члановима тих секција и да
би се одразило у њиховом раду.
ГЛ ФАКУЛТЕТА

Посета студената Ветерине братске
Бугарске студентима Ветеринарског
факултета

Сред.ином априла сгудентима
Ветеринарског факултета долазз
у при атељску посету студенти
ветерине бретскв Бугорскв. Културно-уметничко
друштво Ветеринерског
факултета врши пр>
преме за приредбу која tse тим
поводом бити одржана, а на којој
tse се бугарски студенти упознати
са културним напорима наших
студената ветерине. У уметничким
секцнјама марљиво се
ради на увежбавању програма.
Хор спрема две нове песме, док
t>e фолклор наступити са сплетом
народних игара. Рецитаторска секција
припрема три рецитације,
а члаови музичке секције извошt»e
неколико музичких тачака.

ФИЛОЗОФСКИ ФАКУЛТЕТ ФОРМИРДЋЕ
ПЕТ РЕЦИТАТОРСКА
КРУЖОКА
На Филозофском факултету осшиђају
се уметничке групе и
кружоци по групама и годинама.
Велики број студената по многобро
ним разнородним групама
досада је остајао ван културнопросветног
рада, тако да је у уметничккм
секцијама био заступл»ен
мали број студената. Новом
организацијом културно-просветног
рада, кој® he водити рачуна
о специфичности појединих група
створи+не се могућост да културни
живот крене напред и свестрано
се развије. По сродким групама
оформиће се пет рецитаторских
кружока, осам дебатних клубова
и више група за политичка предавања.
Где буду постојали услоEh’
се дружине
и музички ансамбли.
СТУДЕНТИ ДРУГЕ ГОДИНЕ
ЕКОНОМСКОГ ФАКУЛТЕТА
ИА ЗАЈЕДНИЧКОЈ КОНФЕРЕН.
ЦИЈИ ДИСКУТОВАЛИ О ПИ-'
ТАЊИМА КУЛТУРНО-!ПРОСВЕТНОГ
РАДА
Cryu‘eiH’TiH uipyre године ЕкоiHioiMtowor
фамултета одржали су
30-111- зајелЈШтчиеу конфер.енци ( ју
ino питањима културшlo-п|рlосветHoir
рада. Послс ссцржаног реферата,
у коме се истакао зна-

чај mo©e садржине културнопроо&етнкж
|рада који he се одвц,
јати нутем све већег упознаван>а
стуцената са нашим културним
наслеђем, развила се диску,
сија у којоп је учествовао велики
6poij студената. За рад у уметничким
сокцијама, које he
накнадно донети планове свог.
раоа, прицлвило се преко 40 сту,
доната. Међутим, број пријављених
је М'ал/и и нв одговара онагама
друге годане ЕкономСког
фаЈмултета на којој нма око 400
студената.
пољоприврејФо . ШУМАРСКИ
ФАКУЛТЕТ ПРИПРЕМА »РЕВИЈУ
НАРОДНИХ ИГАРА И ПЕСАМА«
У месвцу агцрилу културно-уметничко
друштво »Соња Маринковић«
на - шумарском
факултвту припрема ревм(у
народних песама и игара. Учвствоваће
хор, фолклор, и оркестар.
За 14 април спремл ce
»Вече Мајаковског« са приказом
његовог живота и рада.

КУЛТУРНЕ ВЕСТИ
У четвlртак 8 овог месеца у
20 чассва одржаће се у овечаној
сали Ф.иигозофског фа(к.ултета
предавање са темом: .Демократски
гпроскбражај земаља наркндне
демократије”. Предавач друг
Милаlн Бакlo|вљев, студент филозофиое.
ГрбиЈч Александар

Са Омладинске пруге

НАУКА

ПОВОДОМ НЕДЕЉЕ БОРБЕ ПРОТИВ ТУБЕРКУЛОЗЕ
О СТРЕПТОМИЦИНУ

После Ерлиховог епохалпог про.
иаласка у лечешу сифндиса, човечанство
са нестрпљеи>ем очекује
решен»е најраширептје
болеетн тубсркулозе. Пошто први
покушаји Фелдмапа и Хипшова
на болесницима од тубе|ркулозе лечених
стрептомицином, нису усие.
ли, званнчно мншљење у САД о
употреби тог дека прилично је резервисано,
а испнтиваље његовог
дејства на туберкудозу човека налази
се још у зачегку. То нам још
јаче потврђује пеулазак стрептомиципа
као лека у званпчпе фармакопеје
у САД. Са друге стране јако
развијена пропаганда љегове
лековитостн сведочи о извесној по.
задшга и развијепој шпекулацији
трговачких кућа Амерпке. У
САД и Канади љегова је продаја
ограпичена, у Трсту на болницама
ппше „забраљен пренос у ФРНЈ"
Ваксман објављује 1943/44 г. своје
покушаје из културе извссних
врста гљпва п тек са стрептомицнном
добијеним из врсте гљнвица,
које Јкиве дубоко у земљп, успсо
је да добпје јако дејство па Кохове
бациле. Међутим, извесне бак.
терије бпле су отпорне и та огпоркост
могла се повећавати н прп давању
до 75.000 јединпца стрептомицина.
Оио што се досад утврдпло прилнком
лечеља стрептомпципом је
да он може спастп ;кпвот извесном
броју оболелпх од туберкулозног
запаљења можданих опни (менингнтис).
Тако је иа прпмер на Мо.
сковској клнници излечено 40 пацијената
без иједиог смртног слу.
чаја. Стрептомицип нма још деј-

ства код опште (милпјарпе) тубсркудозе,
оболеша пнеумоније, извесних
оболења мокраћних путева,
срчапих оболења, код туберкулозног
оболења грда, док код позпијнх
стадијума плућне тубсркулозе ншје
показао никакво дејство.
Давање стрептомицина нијс без.
опасно. Уелед потребе за великом
количином (120 —360 гр.) често
долази до кожпих оболсња, опште
малаксалости, грозппце, пада крвног
прптнска, слелнла и глувоће.
Занимљнв је нсказ д-р Хиншова,
научника који је први примснио
стрептомнцпн код туберкулозе човека,
на конгресу Уније за борбу
против туберкулозе прошде године
у Пачрнзу, Он је рекао; „ Стрспто.

мицин претставља први корак у
проналажењу лека против туберкулозе.
Други корацм ће слсдити. Сада
можемо (рећи да треба неуморно
радиги даљо у том правцу. Злочнн
би био, ако бисмо вбог стрептомицина
запемарили који од до’сада
уобичајених и поузданих мстода
дечеша туберкулозе.“
На основу досадашњих резултата
можемо се ладати да ће се ускоро
пронаћн успешнији лек протнв
туберкулозе. Оно што нам данас
остаје иа расположењу јесте побољшаље
услова жнвота, прсвентнвнс
мере п коришћење досадашњих постигнућа
на том пољу.

Д. Алимпић

студ. мед.

Почетак рада научних група
на Правном факултету

У току месеца марта одржан је
у присусгву многих наставнпка н
асистената првп састанак научппх
група на Правном факултету. Пошто
су известпоци група (државно
—лравна, црађанско—правна, псто.
рпско —правиа н екопомска) саопштнли
резултате досадагаљпх прппрома
прешло се па диекусију. У
дискусијп је прстресапо неколнко
важнпх питаља. Решоно је да и
студеитн прве годнне узму учешћа
у раду. Пошто hc онн осгати још
неколико година иа факултету, моћи
ће се у овпм научннм групама
уз благовремену подршку наставнпка
добро развијати. Донесен je
закључак да треба комбиповати

колектива-н и индившдуалаи рад с
тим што ће се индивндуалном раду
дати предност. Састављени су
кратки планови рада до јуна мссеца.
Парочито је ваасап закључак о
карактеру и циљу паучних група.
Наглашено је да се никако не сме
изгубитп из внда веза иаучних
група са друштвеном сгварношћу,
без чега нема сигурног успеха. На
крају су нзабранн претставиицн
поједипих група.
После овог заједпичког састанка
одржани су састапци по група.
ма на којнма је детаљно гцрорађен
план рада. Тако је убрзо огпочсо
и рад у научним групама.

Ј. Снмпћ,

ст. права

600-годишњица Карловог
универзитета у Прагу

Почгтком априла чешки народ
прославља велики и значајан
јубилеј: навршава се шест
векова од оснивања Прашког
универзитета, првог универзитета
не само у Чешкој eeh и у
читавој Средњој Европи. Прашки
универзитет је већ 600 го•
дина културци џентар и расадник
културе• Зато је он понос
чешког народа.
Историја Карловог универзитета
је врло бурна . Она се ни•
како не може одвојити од историје
чешког народа. Увек када
су побеђивале напредне, слободољубиве
снаге земље и са уни•
ниверзитета су се чуле слободарске
речи •
У XIV веку за време Карла
IV, Чешка је доживела свој
економски, политички и културни
процват, II роизводне
снаге су расле, Чешка је била
мокан политички фактор у Евponu,
култура и писменост су
се нагло развијале, У таквим
материјалним условима Карло
IV је основао универзитет у
Прагу, како „грађани Чешке>
жељни плодова науке, не би морали
просити милостињу у другим
земљама, него су у својој
земљи добили сто припремљен
за гозбе духовне

У време хуситских ратова
Чешка је земља најнапреднијих
и најреволуционарнијих идеја,
а Прашки универзитет, чији је
ректор сам Хус, њихов културни
расадник •
У новој демократској Чехо->
словачкој Прашки универзитет
је добио нарочити значај, Пред
њега се поставио задатак развијања
нове, напредне науке,
стварања народне културе и
народне интелигенције. Тај задатак
ke Прашки универзитет
извршити. То нам потврЈјују
последњи догађаји у Чешкој ,
Док су радници, стварајући Акционе
одборе Народног фронта
чистили фабрике од реакциона •
ра, студенти и професори cg
прочистили своје редове . Са Универзитета
су отклоњени наг
родни непријатељи који ометају
демократски развој Чешке.
Победиле су народне снаге које
се још од Хуса боре за слободу
истинске науке■
Данас Карлов универзитет
дочекује свој 600-годишњи /у-билеј
у победничком располот
жењу, спреман да примц и
испуни велике задатке у оквиру
изградње нове Чехословачке
ретгублике.
'Д Hm

БРОЈ 3

„НАРОДНИ СТУДЕНТ*

3У свенародној акцији на подизању
наше пољопривреде учествује
и наша организација

Пе-пагодишн>и план поставља
обимие задатое и пред к'ашу пољопри&реду.
Палјизање нове индустрије,
пораст прадског ста.
»овништва као последица убрзане
индустријализацице, наизад и
повећање животног стандарда
наших трудбеии(ка, све то захтева
и већу и бољу продукцију
прехјранбених артикала и пољопри®редних
сировина уопште.
Наша индустријализација, супротно
капиталистичкој« која води
разарању пољогчривреде и
заоштрава сутиротност између
града и села, тражи њено снажење
и даје усло®е за такав
преображај пољопривреде ко»ји
he допринети ликвидац|иЈи супротности
између града и села.
„3®мл>ораlдничка зарруга —пише
ДIРУТ Кардељ ггочев од најпро.
стијих до најразвијенијих обл/и-ка
јесте основна арганизациона
форма у барби за рекоиструк.
цију наше пољопризреде, за повећање
пољопривредне продукци(је
и за обезбеђење благостан>а
и подизање културног нивоа
нашег радног сељаштва.” Јачање
земљарадничких залруга омогућиће
план/ирање у пољопривреди,
помоћ земљорадиицима у
стручннм каироаима, потребу
бољих техничких средстава за
р/ад и прк/мену научник метода у
обради земље.
У низу мера за подизање наше
пољопривреде нарочиту важ.
ност има акццја на изградњи
задружиих домова. Оии he бити
значајан корак јачању нашег
залругарства, у пресбражаЈ/у наше
пољоп|ривреде. Нов/и систем
трговиие по везаинм ценама, поред
економског јачања нашег
сељака, допримеће и развитку
задругарства, што значи да и
наша трговина претставља Јелну
од полуга за подизање пољоприиреде.
Осми пленарни састанак Централног
већа Народјне омладине
Југославије п)рlИхватио је позив
Нарадког фронта за укључивање
наших масовних органидација
у рад на преображаЈу пољопривреде
и међу прее радне за.
дапое НаролЈне омладине, у другој
плаиској ГОДИНIИ. ставио акцију
на изгра)дн>и задружтиих домова.
У раду на јачању задругарства
и преображају пољопривреле
учествоваће и већ учествује
Народна стшентска омладнна
нашег Универзитета. Студенти
Економског факултета обилазе
сеоске задруге и пружаЈу
пом'оћ у стручном >lздизању
задружних кадрова, прегледом
рада аЈЛЈМ'ИНlИlСтрације и књиговрдства.
Сем тога они су, приликом
обиласка залруга, одржали
већи броЈ предавања из области
задругарства. Студенти
архитектуре сарађују на изради
смнца за залружне домове. Секција
за стручна предавања при
Заводу за аграрну политику и
задрутарство на А пгакомсксм факултету
развија научни и инструкторски
рад на подруч|.у из.
Пр/аллне сељачких радних задруra.
Група за сељачме радне задруге
о<зе секлшје обилази радне
залруге, помаже у плаиирању и
решавању арганизационих п/и.
тања, држи предавања и грикупља
податке о развитку радких
задруга, чиме доприноси
бржем раЈзвоју нашег задргугарства.
У акцији 'Kia изградњ/и залружних
Д|ОМolза учествозаће и чланави
наше органиlзаци.lе. Својим
политичмим радсм они ће помоћи
нашем радчом сељаку да са_
гледа значај јачања задругарства
и ширрке перспективе које
ано отвара пред нашим оглом.
Пред иашим студентима који
одлазе на практгтчне ратоое у
оела, као и шред онима којн ће

из било јоог разлога баравити
тамо, стоји задатак укључивања
у свенародну акциу за подизање
пољопр-ивреде.
Поред развитка задругарства,
ремснlстру'кција пољапривреде
претпоставља високи степен раз.
в-итка anpo - техничких наука,
шираму мрежу истраживачких
радова на подручју селекци|је
бил>а и стоме и мрнмену њихових
резултата. Зато се у вези
са пиlтањем реконструкције ггољопривреде,
оштро поставља и
питање кцдрова. Наш Пол>опрнlВредно-шумароки
факултет треба
нз CBioije средине да да кадрсве
способне да унапреде нашу ггољопрнвреду.
Преа њима оу отворене
широке могућности за рад.

Соладшо знање, стечено на факултету,
биће за наше агрономе
предуклов да извршењу плана
цруже oiho што од њиос очекују
наши народи.
Унап|ређење пољошр'ив'реде обезбедиће
пшнзање животног
стандарда н>аших трудбеника и
бити даљи потстрек ва привредни
развој целе земље. Оно ће
сузити далатност
ких елемената на селу и поста.
Еити чврсте осново за уклањање
супротности између града и села.
Зато је рад на преображају
шше пољопривреде услов за
пуио иовршење Петогодишњег
плана, усло® за даљи развитак
наше земље путем социјализма.

Немачки студенти у појединим
окупационим зонама

У акупац.ио.ним зонама западиих
земаља многи ратаи злочин.
ци и нрипадници нацистичке
парти|је ст. дирају несметано, док
се деци сељачких и радничких
родиггеља спречава ntpHCrvin на
више школе и захтеза да сваки
кој|и жели да се упише на факултет
иреда потврау да је учио
латински и грчки. На универзитету
у Муничу, у америчкој ску.
пационој више од 1.400 студената
су нацисти.
„НЈова омладина”, орган Слободне
немачке омладкие гашлући
о потреби реформе на универзитетима
исти/че да се ратни зљочкнци
не смеЈу примати на студије,
на које у првам реду има
право омФадина ррагзњДна под
Хитлеровим режтиом. Гаворећ.и о
гтотреби промена социјалнбг сдс.
тава студената, ли/ст наглашава
да треба отвор/ити специјалне
школе и куроеве кроз коЈе ће
проћи омладкна пре ступања на
више обраоовање. Професори
каји су припадали нацистичкој
партиСи треба да се cmich€ а на

њихова м©ста позову демокЈратами
»аучнlици коди ј-ош да:нас
жш€ изва-н своје земље.
У совјетској омупациоиој зони,
у 14 немач:кlик уписано
је 1947/48 године 19.861
сту|де;нт од којих су 23% радничког
порекла, 3,5% сељачког,
23,5% из занатских ггородица,
37,6% из чин | о®lНlич)ких породица
и 22,4% ив породица са академ.
CKiHM образовањем, од њих су
63% студентшlње. На ун.ивсроитетима
су отворене две нове ка.
тедре sa социцалне науке и педагогију
,на мој.има ће се васпитав/ати
бушући држаеници и учњтељи
средњнх и осшвних ш,кола.
На уттис имдју предност они
којц у прошлим годинама због
поститичких или социјалних разлога
KKicy могли да се ушишу.
Парола напредних немачких
сгудената Је иста она са којом
су марта 1848 године полазили с
бврлииског укlив.ерзитета у борбу
против елемената реакциЈе Једкнствена,
слсбодна Немачка
републшка.

АКАДЕМИЈА
посвећена 4 априлу

На Правном факултету 3 о. м. одржана је свечана
академија поводом 12-годишњице смрти друга Жарка
Мариновика и великог 25-дневног студентског штрајка
1936 године- У присуству професора и великог броја
студената реферат о „Предратном студентском покрету
и борби за аутономију универзитета прочитао је Драго
Радуновик, члан секретаријата Универзитетског одбора
Народне студентске омладине. Између осталог он је
рекао:
„Први пут у нашој новој домовини ФНРЈ одржавамо
једну овакву академију посвећену предратном студентском
покрету и борби за аутономију универзитета. Одржавајући
ову академију ми евоцирамо успомене на славне
студентске жртве друга Мирка Срзентића и Жарка Мариновића
ст• права, који положише своје животе у одбрани
аутономије универзитета . Ми се такође сећамо
жртава 14 деџембра 1939 године када дадоше своје животе
у борби против ненародних режима студентски борџи
Мирко Луковик ст• медицине, Живан Седлан ст> технике
и Боса Милићевић ст ■ ЕКВШ. Ми се поносимо са
студентима: Ђоком Ковачевикем, Мојсијем Шкепановићем,
Ратком Вукикевићем, Мијатом Машковићем и др .
који сврстани у славним интернаџионалним бригадама
дадоше своје животе за слободу шпанског народа. Ми
одајемо највеку пошту студентима нашег У ниверзитета
који учешћем у Народно-ослободилачкој борби још више
уздигоше славу нашег студентског покрета, Будуке генераџије
омладине ке се васпитавати на примерима студената
Народних хероја: Иве Лоле Рибара, секретара ЦК
СКОЈ-а и члана ЦККПЈ, затим Баја Секулика, Сон>е
Маринковик, Мике Митровића „Јарџа'\ Живорада-Жикице
Јовановића, Рифата Бурџевика , Слободана Принциna
„Сеље" и многих других- Ми се поносимо тиме што
је на нашем Универзитету студирао и провео известан
период своје политичке делатности члан Политбироа ЦК
КПЈ Народнн херој генерал-лајтнант Иван Милутиновић
У наставку реферата истакнута je борба студената
за слободу и демократију, за боље услове живота
за слободу науке и аутономију универзитета, за
мир и културу кроз коју је Београдски универзитет био
познат као један од најнапреднијих универзитета у свету.
После реферата изведен је програм у коме су учествовали
студенти Драмског студија и хор Економског факултета.
ФИСКУЛТУРА И СПОРТ

Саветовање фискултурник руководилаца нашег Универзитета

Због конгреса ФИСАЈ-а који
ће се одржати 16-ог априла, а који
треба да донесе читав низ
организа! ч ,’оих промена, с;кр'таријат
Уиверзитетског одбора
Народне студентске омладине j©
решио да оснујз комЈ.сију при
Универзитетском одбору, која he
руководити фискултурнмм радом

огранака. Послв конгреса ФИСАЈ
-а, задатак комисиј© tse бити да
према одлукама конгреса пронађе
најбоље организационе форме
за што бољи развој фискултур«
на Универзитету. Зато је и одржано
током прошле недеље саветовања
фискултурних руководилацз.
Реферат о раду одр-

жао , : е Властимир Пурић који се
осврнуо на фискултуру као на
наш други важан задатак. Он је
подвукао важност агитације и пропаганде
коју трзба системзтскц*
спроводити, да би се у групе општег
образовања укључио
што већи број студената и
такмичио за Зкачку фискултурника.
да до пролећног
крооа има још неколико
дана, фискултурни огранци треба
да изврше псследње припр"ме
После реферата друга Пурића,
из дискусије се в)l'дело да је једино
група другарица општег физичког
образовања са Филозофског
факултета показала добре резулта
те. Но осталим факултетима узроци
слабог рада група су били;
недовољна агитација, слгба самоиницијатива
у погледу терена,
мали број учесника и инструктора
група (Пољопривредно-шумар
ски факултет). Због тога fce се
формирати кратки куроеви за оспособљавање
нових инструктора
група општег физичког образовања
по факултетима.
На крају је састављена комисија
која ise руковод) .ти фискултурним
радом до формирања
фискултурног одбора на Универзитету.
У састав комисије су ушли:
В. Пури-h, Б. РадуловиЈн, Ђ.
TeiuHfc, М. БратиЈн, М. Павловић,
Ђ. Геренчевић, М.
В Волков, С. СтанlИсављевиЈ\, М.
УрошевкК и В. Петкови^.
С. А.

ОВЕ НЕДЕЉЕ

Поново инциденти

Дешава сс да судија слабо суди,
играчи због тога постају нервозни, на
игралишту додази до инцидената. Али,
чешће је, да до тога долази због неспортског
понашаља самих играча. Тако
је било и на футбалској утакиици
Економски Пољопривреднч) —шумар.
ски. Данило Пејин и Трајво Замфировић,
играчи Пољопривредно —шумарског
факудтета препирали су се,
бунили се против судпјпних одлука.
Замфпровић је, шта више, и ударио
судпју! Они то ппсу смели да учине
ни да је судија грешио, то је сгвар
капигена тима, он заступа интересе
цслпне. Тпм пре они то пису смели
да учнпе јер су судијине одлуке, у
овом случају, биле на своме месту.
Због таквог понашаља искључени
су из игре. 3'бог тога ће одговарати н
пред дисциплинсвим одбором друштва.
Алн гпм треба да се позабаве и фискултурни
огранав и групе НСО-а Пол.опривредно
—шумајрског факултета.
Пејип и Замфировић су на терену ре.
презентовали свој фавултет, својим
понашаљсм пеодговорно каљади образ
целом тиму, довели у тежак положај
својих девет другова каји су морали
да издрже тешку борбу да би поправили
оно због чега су њих двоје вривп.
Њпма треба указатп па погрешке,
помоћи им да пскорене те лоше навико
које су постале на предратпим терснпма,
али још живе у невим нашим
фискултурннцима.
ПРВЕНСТВО УНИВЕРЗИТЕТА
ЕкакОмски Пољопривредношумарсми
2:2.
Правни Филозофски 8:1
Технички. Виша педагошка
10:1.
ВеТеринароки ФармацСутсми
5:1.

4

Одговорни уредли:.: Г'-'Да Митровић студент правд. Уредништво и администрација: Београд. Булевар Црвене армиј е бр. 73, Техиички фамултет, телефон
41-602, број чековког рачуна 1—9060014 Штампарија ~Омладина” Београд, Војаоде Мишића улица брсцј 19

„НАРОДНИ СТУДЕНТ«

БРОЈ 0

ИОШАРКА
Дом војних студената — ВетеСубота
10-IV-, игралиште Црверинарски,
не Звезде на Малом Калемегдапу
Виша педагошка школа — Др14,30
часова: Државни институт
жавни институт за фискултуру,
за фискултуру — Правни (другоТехнички
— Филозофски,
ви);
Музичка академија — Правни.
15,30 часова: Фармацеутски
ФУТБАЛСКО ПРВЕ.НСТВО
—Државни институт за фискултуРУ
(другарице);
ДРУГО КОЛО
16,30 часова: Техннчки — Ветеринарски
(другови).
Игралиште „Студент", 10 априла
1948 године;
Недел,а 11-IV- у 9 часова Меди13,30
часова: Виша педагошка
цински — Фнлозофскл (другови);
школа — Правни
10 часова: Ветеринарски — Еко.
15, 15 часова: Технички — Економски
(другарице);
номски
11 часова: Економскн — Дом
Игралиште „Ваздухопловство" у
војннх студената (другови).
Земуну, 10 априла 1948 године;
15 часова: Пол»опривредно —шуШАХ
марски — Филозофски
Игралиште „Студент", 11 априла
IV К«ло
1948 годпне:
8-1V- од 18 до 22 часа.
8.30 часова: Ветеринарски Економски
— Фармацеутски.
Дом војних студената
Медицннски — Поаопрнвредно
10,15 часова: Државни институт за
— шумарски,
фискултуру — Фармацеутски
  </body>
 </text>
</TEI>