<TEI version="3.3.0" xmlns="http://www.tei-c.org/ns/1.0">
 <teiHeader>
  <fileDesc>
   <titleStmt>
    <title>The shortest TEI Document Imaginable</title>
   </titleStmt>
   <publicationStmt>
    <p>First published as part of TEI P2, this is the P5
         version using a namespace.</p>
   </publicationStmt>
   <sourceDesc>
    <p>No source: this is an original work.</p>
   </sourceDesc>
  </fileDesc>
 </teiHeader>
 <text>
  <body>
   <p>This is about the shortest TEI document imaginable.</p>
  </body>
 </text>
  <text>
  <body>
ТИТО - ВОЂА НАШИХ НАРОДА
У СРЕЋНУ БУДУЋНОСТ

Оцењујући други светски рат,
учитељ свеколиког напредног
човечанства, друг Стаљин је,
између осталог рекао: „Други
светски рат је разголитио све
чињенице и догађаје, он је скинуо
све покрове и завесе које су
скривале право лице држава,
влада, партија и изнео их на
сцену без маске, без улепшаван>а,
са свим њиховим недостацима
и врлинама. Рат је донео неку
врсту испита, у томе је једна
од позитивних страна рата“. И,
заиста, сав издајнички трулеж
старе, капиталистичке Југославије
у другом светском рату се
распао као вештачка версаљска
творевина сачињена од самих
слугу туђинских трустова и крвопија
народних, од круноносаца
и дражиноваца, јерезоваца и
недићеваца, мачековаца и павелићеваца
који су се у отсудном
часу сви ставили у службу поробљивачз
наших народа, И,
заиста, у томе отсудном часу наши
слободољубиви и херојски
народи су могли историји показати
своје право лице градитеља
слободне будућности човечанства
захваљујући херојској
великој Комунистичкој партији
Југославије која их је позвала
на оружани устанак и организовала
их за победу над поробљивачима
и њиховим помагачима.
организовала их за ослобођење
и стварање нове народне
државе и чврсто корачање у
срећну будућност, у социјализам.
Наши слободољубиви херојски
народи су могли историји
показати своЈе право лице захваљујући
другу Титу који Је од
1937 године до рата, за кратко
време од четири године, створио
такву, истински народну, борбом
прекаљену, науком марксизма-лењинизма
наоружану, монолитну
ПартиЈу, коЈа Је могла у
отсудком часу стати на чело наших
народа и хероЈски их повести
у победу. Тако су наши
слободољубиви и хероЈски народи
у отсудном часу, кад Је фашизам,
ударна песница светске
реакције претила да врати човечанство
у наЈцрњи мрак и ропство,
могли да историји покажу
своје право лице, хероЈско лице
друга Тита. залогу незаустављивог
корачања наших народа и
читавог човечанства у срећну
будућност, у соцнЈализам.
Јер, друг Тито Је подигао нашу
ПартиЈу и наше народе на
висину оне свести, онога знања
и оног стваралачког хероЈства
коЈи су нужни за постизање данашњих
историЈских задатака
коЈи се постављају пред наше
народе, друг Тито Је стратег
оних нових путева којима су,
под новим условима посто Јања
СССР, пошли у отсудном часу
Другог светског рата наши наро-

роди, а за њима и многи други,
своме коначном ослобођењу,
друг Тито Је творац наше народне
државности новог типа и Петогодишњег
плана, тога широког
и хероЈског пута наших народа
у социЈализам и благостање.
Друг Тито Је своЈим животом
и радом, својом борбом и пожртвованошћу
створио у нашим
народима узор оне свести и са
вести коЈа не зна за други суд
и идеале него за суд и идеале
ПартиЈе и народа. али за таЈ суд
и славу, за те идеале и њихово
остварење осећа да Је наЈвиша
част и сам живот своЈ дати. То
Је она нова свест и савест наше
Партије и народа која је први
пут устима друга Тнта на тзв.
„Бомбашком процесу" у Загребу
1928 пред судом за заштиту државе
проговорила оваквим мушким
гласом: „Ја се не осећам
крив, Јер не сматрам да Је оваЈ
суд компетентан. За мене Је компетентан
само суд Парти Је. Признајем
да сам члан илегалне
Комунистичке партиЈе и да сам
говорио каква се неправда чини
пролетариЈату од стране буржоазиЈе...
Ја закон о ззштити државе
нисам читао, али сам био
свестан да своЈнм чином грешим
против тога закона. Ја мислим да
су природни закони виши од ових,
коЈе ствара Једна класа да
притисне другу класу. Ја сам за
своје идеале спреман жртвовати
и своЈ живот", А идеали друга
Тита били су идеали ПартиЈе, рад
ничке класе и свеколиког нашег
радног народа, и друг Тито Је
своЈим примером учно наше народе
са каквом несебичном љубављу
и самопожртвовањем треба
се борити за те идеале. То Је
онаЈ хероЈски дух коЈим Је он
надахнуо Парти Ју. очистио Је од
туђих елемената и за четири године
припремио да у отсудном
часу стапе на чело наших слободољубивих,
напредних и хероЈских
народа и поведе их у ослободилачку
епопеЈу коЈом ће наши
народи први пут доћи до своЈе
слободе, коЈом ће први пут
узети судбину у своје руке и почети
стварати своЈу историЈу.
И без наше Титовим духом надахнуте,
монолитне, херојске
Партије не би било ни Устанка,
ни Народно-ослободилачке борбе,
нити би се наши народи на
чистом и светлом револуционарном
извору напојили новом снагом,
своЈии ослободилачкии
братством и Јединством, нити би
се стопили у монолитки и победнички
Народни фронт, нити би
дошли до своЈе народне власти
и своЈе слободне Федеративне
Народне Републике ЈугославиЈе,
нити би стеклн данашњу част и
славу у очима свих слободољубивих
народа света, нити би заслужили
поштовање, ослонац и
савез наЈнапредниЈе зеиље, великог
Савсза СовЈетских Социјалистичких
Република, нити би се
окружили приЈатељствои толиких
младих народних република
Бугарске, РумуниЈе, Мађарске,
Чехссловачке, Пољске и Албани-

је, нити би стекли дивљење и подршку
читавог напредног човечанства,
нити би лрвом Петолетком,
електрификацијом и индустријализацијом
моћно кренули
изградњи социјализма, среће и
благостања најширих народних
маса.
Зато су сви наши народи, и
Срби, и Хрвати, и Словенци, и
Македонци, и Црногорци заволели
друга Тита као свог најбољег
и највећег сина у читавој историји
својој, и друг Ђилас је саму
народну реч рекао кад је писао:
„Народи Југославије у својој
прошлости имали су сваки понаособ
много великих људи —политичара,
војсковођа, књижевника, ууметника,
научника и хероја.
Али тек у Титу, први пут
у своЈоЈ историЈи имаЈу човека
коЈи Је под Једнако велики
за све њих, под Једнако
вољен од свих и Срба, и Хрвата.
и Словенаца, и Македонацаи
Црногораца". У другу Титу су
сви они осетили и на делу познали
свога заЈедничког наЈвећег сина
вођу и учитеља, коЈи их генијалном
мудрошћу, невиђеним хероЈством
и једнаком љубављу
сво Јом води срећноЈ будућности.
Наши народи нарочито су захвални
другу Титу за његову посебну
бригу о нашој омладини,
за његову посебну љубав према
омладини. За хероЈску нашу омладину
друг Тито Је увек имао
дивљење и наЈтоплиЈу реч наЈдражег
друга и великог учитеља.
Тако, док је Једна омладина
гонила неприЈатеља на фронту
од 400 километара да рат докраЈчи,
а друга радила за победу у
фабрикама и на њивама не гледаЈући
на сат, друг Тито Је трећоЈ
већ говорио о периоду изградње
и брзом, напорном учењу:
„ОваЈ период, кроз који пролазимо,
велики Је хисториЈски
период. Никад наши народи у
своЈоЈ хисториЈи нису преживљавали
тако крупне догађаЈе, никад
нису подниЈели тако страховите
жртве, као сада. И, разумије се
баш због тога, због тих жртава,
на вама леже велики задаци и
морате оправдати повЈерење коЈе
вам се указу Је. Ја лично и моЈи
сарадници имамо велико повЈерење
у омладину, јер Је она, и приЈе,...
а такођер и у овим тешким
дакима борбе, доказала да је на
достоЈноЈ висини. Сада настаЈе
велики период изградње, у коме
треба да покажемо да је наш
народ способан за стваралачки
рад у миру исто онако, као што
Је у рату био способан да се успротиви
наЈвећоЈ ратноЈ машини
коЈу Је Европа икад вид Јела...
Када говоримо о извЈесним зада.
цима према вама, када кажемо да
ћете ви имати све што Је потребно
за ваш бол>и развитак у жи
воту, будите свЈесни да ми ту не
чинимо никаве концесије или
дарове, већ извршавамо своЈу
дужност. Алн тражимо од вас да
и ви извршите своЈу дужност.
Јасно је да ће ићи мало тешко,
Јер ви треба да учнте. Нама су

потребни способни интелигентни,
интелектуално разви Јени људи, и
биће потребно да учите доста
напорно".
А кад смо ушли у прве године
наше Петолетке, друг Тито Је
ставио у задатак не само универзитетима,
већ и академиЈама,
изграђивање нових научних и
стручних кадрова, уверен да ће
тек под новим условима ослобођенога
рада и народа у нашој земљи
доћи до пуног израза и на
научном и стручном пољу делатности
способкост наших народа
за велике ствари, доћи први пут
до пуног свог израза стваралачки
геније наших народа. У своме
говору на свечано) седници Југославенске
академиЈе знаности и
умЈетности друг Тито Је рекао за
научне раднике и студентску
омладину ове знамените речи:
„Нарочито Је важно и претставља
Једну од прворазредних задаћа
за наше академиЈе питање уздизања
нових кадрова, нових научних
и стручних кадрова. Наши
су народи досад били у немогућности
да испоље све оне
позитивне црте у том погледу, а
о могућности пуног изражаја нашег
народног гениЈа да не говорим.
Но ако погледамо нашу хисториЈу
не далеко уназад, гдЈе
заиста има мкого свЈетлих тачака,
већ само оваЈ посљедњи период,
вид Јет ћемо да се у нашим
народима криЈу огромне стваралачке
могућности. Узмимо за
примјер самђ резултате коЈе смо
постигли за посљедње дђиЈе и по
године од свршетка рата. Већ на
томе ми видимо да можемо смЈело
гледати у своју будућност.
Узмимо за прим Јер и наш великн
ослободилачки рат. То је била
једна, ако се узме са воЈне тачке
гледишта, врло тешка задаћа. Па
како смо Је ми могли успЈешно
риЈешити и постићи? Ја бих овдЈе
хтио да кажем да Је нама то било
могуће постићи Једино благодарећи
томе што имамо велики
народ по своЈоЈ и политичкоЈ и
културноЈ свЈести. Нијемац Хитлер
створио Је аутомате од људи,
створио је велику ратну машину.
Том машиком Је он ишао
дотле наприЈед док му се ниЈе
супротставио чврсти зид живнх
људи, свјесних појединаца уЈедињсних
у Једну огромну силу. Таква
сила створена Је од совЈетских
људи, таква снла била Је
створена и од нашег народа, од
појединих свЈесних људи, од каших
свЈесних грађана, од наших
свЈесних сељака, радника и наше
омладине. И само благодарећи
тоЈ високоЈ свјести наших људи,
ми смо могли створити Једну велику
силу која Је издржала све
тешкоће на коЈе смо наншли.
То доказуЈе да Је наш народ способан
за огромне ствари. А че-

сто се са стране људи на Западу
не само сада већ и давно прије,
може се рећи стољећима
говорило о заосталом Балкану,
о примитивним Балканцима о њиховој
културној заосталости итд.
Није се ни покушало, међутим
упознати наш народ. Још и данас
гледају на нас са сумњом, а кад
неко дође у ЈугославиЈу, онда се
чуди као да је открио Америку,
чуди се да у Југославији има
културних институција, да није
тако заостала земља, него напротив.
Једном ријечи, њима то онда
изгледа нешто невјероватно.
А ми њима можемо рећи: више
од пет стотина година Јужни
Славени су морали, држећи у
једној руци мотику, а у другој
мач, бранити на овој земљи свој
опстанак, бранити не само себе
него и Запад који нас је увјек
називао заосталим и омогућити
му да се може посветити више
културном животу. Народи који
су преко пет стотина година бранили
Запад од турске најезде нису
имали могућности да се посвете
књизи и да узму перо у руке.
Али, умјесто захвалности за те
џиновске жртве, нама се добаЦУЈУ
разни епитети, као што су
..некултурни и заостали" народи
итд. Нека виде сада, кад су
каши народи надчовјечанским
жртвама ослободивши се свих
стега. учинили један џиновски
корак напријед како ђе наши
народи знати да искористе те огромне
могућности које им пружа
нов друштвени систем".
И већина студената Београдског
универзитета прегла је са
својим професорима да стане У
ред са толиким ударницима, новаторима
и рационализаторимау
нашим радионицама и на нашнм
њивама. и спремн се за оне подвиге
у наукама и струкама које
од њих очекује способност на*
ших народа за велике ствари, које
очекује од њих светло, херојско
лице наших народа окренуто
исторнји, које очекује од њих
геније наших народа, које очекује
учнтељ и вођа наших народа,
друг Тито. Зато, у ове предиспитне
дане, сви факултетн Београдског
универзитета су кошнице
које својим прозорима светле дубоко
у ноћ, поздрављајући рођендан
свога великог учитеља,
Друга Тита заветом да ће све од
себе дати да буде испуњена његова
академска реч, да способност
наших народа за велике
ствари у новим огромним могућностима
нашег Петогодишњег
плана и изградње социјализма
проговори стваралачким радом
бро.јних младих стручњака и научних
радника.

Душан Недељковић

Академик др.
проф. универзитета

СМРТ ФАШИЗМУ СЛОБОДА НАРОДУ! ЦЕНА 2. ДИНАРА
ОРГАН НАРОДНЕ СТУДЕНТСКЕ ОМААДИНЕ БЕОГРАДСКОГ УНИВЕРЗИТЕТА
Број 16 БЕОГРАД, 26 МАЈ Година ХППОЛОЖЕНИ ИСПИТИ - ИСПУЊЕНЕ ОБАВЕЗЕ

60.000 испита пријављено
је на Београдском
универзитету

Студенти Београдског универзитета
пријавили су за јунски испитни
рок око 60.000 испита. Овако
велики број, који је у поређењу
са прошлом школском го
дином двоструко већи, показује
да су студенти схватили хитну
потребу у стручњацима за остварење
нашег ПетогОдишњег
плана и да је тежња њихова да
благовремено заврше своје студије.
Чињеница је да је у учењу наших
студената учињен напредак.
Обавезе примљене за јунске испите
још на почетку школске
године које износе на 33.649 редовних
и 10.868 заосталих испита
нису остале непромењене. Оне
су ревидиране и на последњим
стручним конферепцијама
повећане. Број пријављених испита
говори пак о томе да је у
пријављивању испита и број обавеза
премашен. Такве су чињенице
када говоримо о целом
Београдском универзитету, о нашим
студентима уопште. Посебно
је питање кОлико сваки факултет
доприноси успеху јунског
испитног рока, да ли је сваки
факултет пријавио онолико испита
на колико се обавезао и
најзад колико је сваки појединац
лично учинно да своју обавезу
спроведе у дело.
Технички факултет је прија
вио 16.066 испита. а обавезао се
на 15.813, тако да на сваког појединпа
од 3.917 студената пада
по четири испита. На Економском
факултету пријављено Је
13.600 испита, иако је обавеза
била мања, чему је дОпринело
премашење обавеза студената
треће и четврте године. На Пољопривредно-
шумарском факултету
је такође пријављено
више испита у поређењу са обавезом:
обавеза је гласила на
8.277 испита, а пријављено Је
9.754. Друга година Државног
института за фискултуру даће у
Јуну 100 по сто својих испита;
Ветеринарски ће дати 1.327,
Правни 5.445, Фармацеутски 1.467
испита, што углавном показује

да број пријављених испита не
заостаје за бројем обавеза.
Међутим, ПрирОдно-математички
факултет не само да није
коракнуо напред у односу на
стручни рад у прошлој школској
години, већ је и подбацио. ОднОс
између 1.017 пријављених и обавеза
на 1.311 испита показује да
на том факултету је случаЈ прве
године, на којој од 538 студената
125 ниЈе пријавило ниједан испит.
Исто тако и на Филозофском
факултету група за српски
језик и југословенску књижевност,
која Је спадала у боље
групе, подбацила је за 100 испита
у односу на своје обавезе.
Насупрот њима германска и ромаиска
група, раније слабе, у
пријављивању испита премашиле
су обавезе.
Неиспуњавање обавеза, како
од стране појединца тако и група,
чини да факултети подбацују,
а сами тим и цео наш Универзитет,
који према својим могућностима
неће дати у Јунском
испитном року оне резултате које
би могао да да. Најбољи пример
за то дају Филозофски, Природно-математички
и Економски
факултет (где прва година
није пријавила испите из историје
и технологије). На те факултете
пада велик броЈ непријављених
испита, иако су обавезе
за исте већ дате. С обзиром
на то да накнадно пријављивање
испита Још траЈе, руководства
факултета, и то нарочито о
них где Је број пријављених испита
подбацио, треба да учине
све да се оно повећа. тиме што
би испите при Јавили и они студенти
коЈи су радили, а било из
којих разлога се колебају да их
пријаве. УкОлико броЈ пријављених
испита буде већи, утолико
ће се моћи боље и успешније даље
студирати.
Међутим, 60.000 пријављених
испита не значи и исти броЈ већ
положених. На нама Је, на сваком
појединцу, да настојимо да
се тај велики број и одржи,
В. И.

Благовремена интервенција стручних
одбора спречиће одустајање
на испитима

Организација Народне студентске
омладине посвећивага
је у току ове године велику пажњу
стручном раду. Курсеви,
кружоци и консултационе групе
били су под непосредним руководством
стручних одбора, водила
се евиденција о раду група
и појединаца, прикупљане су
и провераване обавезе њихов
значај подвлачен је на конференцијама.
Све што се у току године
учннило одразиће се у резултатима
јунских испита. Због
тога је нарочито важно да организација
Народне студентске омладине
мобилише у овом тренутку
све снаге за испуњење обавеза,
да посвети испитима пуну
пажњу, јер ће само тада њихов
резултат бити стваран одраз
наших снага. Нарочито треба
спречити одустајање. Постоје објективни
услови који могу да
отклоне одустајања у овом испитном
року. Распоред испита
донесен је на већиии факултета
према предловима самих студената.
Тиме је уклоњен сувише
кратак размак између испита
због чега се раније одустајало.
Доношење Правилника по коме
се одустаги испити уносе у индекс
утицаће такође ка студенте.
И поред овога организација
Народне студентске омла-

дине треба да посвети овом питању
велику пажњу. Искуства
из ранијих рокова показују да
тамо где је стручни одбор благовремено
реаговао на појаве
масовног одустајања (пример Економског
и Правног факултета)
да се стање одмах поправљало.
Треба на самом испиту
тражити узроке одустајања. Ако
се један део градива покаже нарочито
тежак ако због неких
питања студенти почну масовно
падати и одустајати, настојати
да се та питања исгог дана на
крају полагања објасне. Консултовати
се о томе са професорима,
тражити њихову помоћ. Искори-

стити на испиту присуство сту*
дената који ће следећих дана
полагати тај предмет и консул-*
товати се са њима. Сазвати сту-1
денте 15—20 минута пре почетка
испита, пронаћи у чему су те-«
шкоће и заједно их отклањати.
У току испита објављивати ре-<
зултате на видном месту реаговати
оштро на одустајање и и-»
стицати добре примере. Створи«
ти на факултетима такву атмосферу
да сваки студент осети
важност излажења на испит, да се
осети да организација води ра-*
чуна о сваком појединцу, да му
помаже и да правилно и оштро
оцењује његов став.

Стручни рад треће групе треће
године Ветеринарског факултета
се поправља

На почетку школске године,
прш.иком формирања група Народне
студентске омладине, на
трећој години Ветеринарског
факултета групе су категорисане
према броју положених испита
на прву групу са студентима
који немају заостале испите,
другу групу са мањим

бројем заосталих испита и трећу
групу где су се нашли најч
слабији ђаци, што је организациона
неправилност. Поред тсн
га секретаријат Народне студентске
омладине Ветеринарског
факултета прикључио је трећој
групи и 24 који нису
чланови Народне студентске Оч
младине.
Да би се студентима ове гру-<
пе помогло секретаријат Народч
не студентске омладине у сагласности
са деканатом ослободио
их је похађања предавања
и вежби, желећи да им на тај
начин да што више времеиа за
учење.
Међутим студенти су се још
више одвојили од студија. Неки
су отишли кућама, тако да се
није могла спровести евиденцич
ја над њиховим учењем. Као
резултат организационог и струч
но неправилно постављеног ра->
да, дошли су неуспеси на јануарским
испитима. После тога роч
ка студенти су изишли са већим
бројем заосталих испита него
што су их раније имали, Обач
везе нису испуњене.
Летњег семестра стање треће
групе треће године се побољшало.
Спроведена је детаљна евиденција
над стручним радом
сваког појединца, уведено је обавезно
похађање вежби као и
консултација. Агитацијом и појединачним
разговором успело
се да се ти студенти поново окупе
и отпочне са њима систематски
стручни рад. На тај начин
студенти ове групе, заинтересовани
за свој стручни рад,
не само што су отпочели уредно
да похађују вежбе и консултације.
већ су за овај испитни
рок два и по пута повећали
своје обавезе и пријаве за испит.
Врло мали број полаже по
један испит, већина по два, а
најбољи ђаци на овој групи по
три испита.
Ово показује да је главни разлог
њиховом досадашњем нераду
био немаран однос руководства
Народне студентске омладине
овог факултета према групи.
Кад је тај однос исправљен
целокупан рад групе побољшан
је у односу на зимски семестар,
Д. Ђ.

ОБАВЕШТЕЊЕ
Цене у студентским
летовалиштима

Стипбндисти који примају
степендију од 2000 динара и
пр-ко 2000 дмн. имају пргво
на бс'сппатан опоравак.
Стипендисти са стиленднјом
од 1800 дин. плаћају 400 дин.,
са од 1500 плаћају
600 дин. а студенти који не
примају стипендију плаћају у
летовалмшту на Златнбору 1800
дин. а на мору 2000.

Студенти пројектовали задружни дом за
своје родно место

Студенти. архитектуре старијих годишта имали су као последњи овогодишњи школски
задатак израду пројеката за задружне домове• Већина студената углавном се задржала на
решавању и упоређењу најмањег и највећег типа дома>
Станковић Жика, студент архитектуре треће године и Милорад Димитријевић, студент
архитектуре друге године имали су да реше конкретан задатак да пројектују задружни
дом за своје родно место, Добро Ползе у Црној Т рави. П ретходно су отишли на терен и у
сагласности са Месним народним одбором одредили место за изградњу дома. Познавајући
добро свој крај као и материјал који им стоји на располагању они су могли да приступе
решавању овог врло важног, а за њих првог практичног задатка. Пројекат су завршили и
доставили Месном нароном одбору• Изградња задружног дома је већ у току.
Исти другови имају средњу оцену успехв 8.00. Станковић је био на градњи пруге Брчко
—Бановићи и Шамац—Сарајево. је ударник са градње омладинске фабрике
Мво-Лола Рибар ” у Железнику, демон с тратор је из статике I и члан научне групе
из истог предмета. Д. Пецовски, Ст. тех •

ПРВИ ИСПИТИ У ЈУНСКОМ РOКУ

НА ПОЉОПРИВРЕДНОШУМАРСКОМ
ФАКУЛТЕТУ
78 ПОЛАГАЛО
78 ПОЛОЖИЛО
Према наставпом програму Пољопривредно-шумарског
факултета предмст
опште сточарство треба да св
слуша у петом семестру. Пошто ије
бнло наставника, предаваља су поче.
ла тек крајем зимског семестра. Декакат
је одобрио да се овај предмет
може полагати почев од 10 маја. За
овај рок пријавило се 213 студената.

Резултати испита прва три дапа су
задовољавајући. 78 пријављених положило
је са средњом оцеиом 9, одусталих
и палих инје било. Својнм добрим
одговорима истакли су се: Миливоје
Ћирић, Драгољуб Шутнћ и Добрнла
Мплошевић.
Овакав резултат је плод марљивог
рада студеиата и залагања предметпог
наставиика професора инж. Душаиа
Лалевпћа, који је омогућио издавање
скрипата.
ПОЧЕЛИ СУ испити
НА ФАРМАЦЕУТСКОМ
ФАКУЛТЕТУ
Двадесетот маја 10 студената друге
године Фармацсутског факултета полагао
је заосталн испнт пз аналитнчке
хемије. Резултати су бнли доста
слаби. Три студснта је пало а остали
нису показалн солидпо зиање.
Ссдамнаестог маја на истом факултегу
почео је редовни испит из „прве
помоћи* 4 за студенте прве године.
Ово је један од лакших пспита прве
годнпе. Досада су постпгнути одлпчнп
резултатп: средња оцена је око 9.
Пспит је још у току.
ПРВИ ИСПИТИ НА МЕДИЦИНСИОМ
ФАКУЛТЕТУ ДАЈУ ОДЛИЧНЕ
РЕЗУЛТАТЕ
На Медицииском факултету отпочели
су испити на првој години из
свих предмета, а на другој саш из
анатомије. Резултати на првој години
су следећи: из биологнје прпјавило
45, пало 2, одустало 5, а средња оцена
је 9. Из фнзике пријавило 82, пао
1, одустало 2, средња оцена је 7,65.
Хемију је пријавнло 40, пало 4, одустало
2, средња оцена је 8. На другој
годипи из апатомије је прпјављеио
133 пспита. Иако није пао, нити
-устао, а средња оцена је одлична
9,01.
Први резултати пспита показују да
је огромна већина другова обилно
схватида своје обавезе. Досадашњи
постигнути успееи биће потсррек за
даље похпуно испуњењс датих обавеза.
2

НАРОДНИ СТУДЕНТ

Број 16Наши факултети У ПЕТОГОДИШЊЕМ ПЛАНУ

На метеоролошку групу треба да се
упише што више студената

Природно-математички
факултет даће струч
њаке које чека један од
веома одговорних задатака.
Он не ствара само
кадрове тогико потребног
наставног особља
за средње школе
већ и стручњаке који
ће моћи директно да се
укључе у привреду. Недовољан
упис студената
на неке групе овог
факултета показује да
се мало зна о овим групама,
о њиховом значају
за подизање наше
земље. Као пример може
послужити и метеоролошка
група овог фа
култета.
На Природно*-математичком
факултету основана је пре две
године метеоролошко-климатолошка
група. Због тога што
број стручњака којима располажемо
не може да задовољи потребе
хидрометео*ролошке сгужбе,
очекивало се да се знатан
број свршених матураната упише
на ову важну и такође интересантну
групу.
Међутим, до данас број студената
на тој групи је врло мали.
Разлог томе свакако је непознавање
теориског и практичног
значаја метеорологије. Велики
број је познавао метеорологију
само преко прогнозе времена, из
штампе и преко радија.
★
Без уређења метеоролошке
службе не да се ни замислити
ваздушни ни поморски саобраћај.
Метеоролошки извештаји
о времену који се примају из
цегог света (о ваздушним струјама
итд.)_ чине ваздушни саобраћај
сигурним. Ти извештаји су
исто тако од велике важности
за народну одбрану. Агро-метеоролошка
служба је од огромног
значаја за нашу планску пољопривреду.
Данас се не може замислити
планско обрађивање зе-

мљишта без тачних прогноза за
дуже време и без климатског испитивања
могућности гајења
појединих култура. Најзад, данас
се не придузима ниједан
крупнији грађевински подухват
без детаљног проучавања климатских
и метеоролошких услова
места. Метеорологија има огроман
значај и за заштиту народног
здравља.
Метеорологија је релативно
млада наука и има велике перспективе
за даљи развитак. При
савезној управи хидро-метеоролошке
службе при влади ФНРЈ

формирано је научно истраживачко
одељење коме је потребан
велики број младих стручњакаметеоролога.
Да би подигла кадрове
неопходних стручњака за
све побројане гране метеорологије,
Савезна управа дала је и
даваће стипендије студентима
метеоролошко-климатолошке гру
пе.
Матуранти треба да се у већем
броју заинтересују за ову
значајну науку, која има широко
поље рада; ово тим пре што
плански упис на овој групи већ
две године подбацује.

Пета офанзива
ОДЛОМАК ИЗ ДНЕВНИКА

ВЛАДИМИР ДЕДИЈЕР

После два сата стигосмо
до села Бабића
где се налазио
једа« део Врховтшг
штаба и
штаб Друге дивизије.
Поред Олге су
две болничарке, а ја сам се попео
до штаба дивизије да добијем даљи
правац. Пеко ми је одредио 12
другова из Пратеће чете Дивизије
да носе Олгу. Причекао
сам да они ручају, па да
кренемо. Било је око пет сати
кад смо пошли низбрдо ка Олги.
Ја сам био на челу. Кад смо
дошли на ледину испод Селај,
запраштали су митраљези изнад
наших глаеа. Појурио сам
ка потоку где је била Олга. Одједном
се проломи бацач поред
мене, осетих нешто топло по образу,
од силног залета како
сам трчао низбрдо и од експлозије,
претурих се преко главе
и треснух у неки поточић. Остала
ми је у глави слика Олгиних
носила прекривеиих белим
ћебетом_ која сам тренутак пре
експлозије видео како брзо прођоше
низ поток. То су је они
другови Далматинци пренели,
ладна вода ме је освестила.
Подигао сам се. Све је кључало
око мене. Поред мене су пројурил
стари Рибар, Вицко Крстуловић
са децом и другарицом,
чика Јанко. Пошао сам уз суседну
падину. Митраљези су се-

кли грање изнад нас. Рибарев
бели коњ бно је одлична мета.
Вицко је муку мучио с децом.
Није могао обадвоје деце да
носи узбрдо. Узео сам малог
Вибора из његових руку. Малишан
је вриштао, ја сам га пољубио
да не плаче. Дете је још више
завриштало. Образ му је био
крвав. Тада сам приметио да сам
рањен у главу. Моја крв је умрљала
Вибора и дете се уплашило.
Митраљези су нас стално тукли
све док нисмо прешли гребен.
Одједном сам почео да малаксавам.
Докторка Станојка Ђурић
ми је превила рану:
Изгледа да ти је рана ДУбока!
рекла ми Је.
Чика Јанко ми је дао свог коња,
крв ми је из ране непрекидно
текла. Помог/ и су ми другови да
дођем до штаба Друге далматинске
бригаде. Један курир Друге
пролетерске дошао је и јавио ми
да је Олга извучена из оног потока.
Далматинци су је били
склонили у једну воденицу неколико
стотина метара где сам је
последњи пут видео, а после је
наишао Љубо Ђурић и наредио
да се пренесе у болницу Друге
бригаде.
Недеља, 20 Јуни
Покрет. Прешао сам у Медаковиће.
Температура ме је мучила
—♦ 39 степени. Митар ме о-

ко подае позва у страну. Видим
да хоће нешто да ми каже:
Олги је врло тешко. Даћемо
ти коња. Иди одмах до ње.
Предао ми је писмо које је написао
Крцун: „... другарица Олга
је на самрти...“, а затим је
рекао:
Знао сам ја то још јуче. Ампутација
је закаснила. Доктор Па
влетић је рекао да је у 95 в /о случајева
смрт сигурна...
Два пуна сата ишао сам с ГоЈком
Николишем на коњу. Сусрели
смо Другу пролетерску. Олгу
су носили на носилима уз Романију.
БиЈ:а је сасвим свесна;
Јуче је било страшно. Чула
сам да си рањен. Јеси ли узео
инјекцију против тетануса?
И морао сам да примим инјекцију.
После је дошла Станојка
Ђурић да Олги да камфор- инјек
цију. али је Олга одбила:
Немој, Станојка, трошити
драгоцени лек. Чувај га за другове
којима ће спасити живот!
Другови су спустили носила да
се ма/о одморе. Олга ме је позвала
поред себе:
Чувај Милицу. Лепо је васпитавај.
Нека буде лекар, у војсци.
Кад дођеш кући, кажи јој
да се угледа на своју маму...
То су биле њене последње речи.
Требало је наћи нове другове
који ће носити носила. Пошао
сам до команданта батаљона.
Олга је умрла после десетак минута,
свесна до пооедњег тренутка.
Стајао сам на ивици Романије,
у стенама, на стази која води од
Стојна —Медаковића за Мокре.
Ноћ је већ па/а, ветар је хујао
и свијао огромне смреке. Копали
смо гроб за Олгу шакама. ножевима,
јер ашова нисмо имали. Са
мном је био један вод, заштитница
наше колоне. Сви остали отишли
су напред. До села је имало
два сата. а У њему су већ
вероватно Немци.
Олга је лежала увијена у бело
ћебе. Њена црна коса покрива/а
је скоро цело лице. Ветар је све
јаче свијао смреке, а рудар Лаза,
родом из Шековића, борац из
Србије још од 1941 године, грабио
је шакама земљу:
Владо, дођосмо до камена...
Последње прегршти земље вадио
је један друг кога је Олга
оперисала;
Мени је живот спасла. Сви
смо је волели...
Положили смо је у плитки
гроб. посгагали бусење, наваљали
камење, направили могилу осам
метара од изласка стазе на
Романију, поред саме литице на
југоисток. Скииули смо капе Саша
Божовић, Станојка Ђурић.
три друга из овог вода и ја.
Слава другарици Олги!
узвишуо је Лаза, а за њим ми
сви остали.
Кренули смо у тамну шуму, сустигли
један батаљон Друге пролетерске
бригаде. У мраку, ћутећи.
газњги смо кроз густу, мочварну
шуму. Погинула је Олга
за свој народ. Погинула је као
члан наше Партије. Стезао сам у
руци њен сат који сам понео за
Милицу. И потекоше ми сузе,
једна, две читав поток.

Стручно-предавачка секција
Пољопривредно-шумарског факултета
испунила је свој овогодишњи задатак

Стручно-предавачка секција
Пољопривредно шумарског факултета
недавно је завршила
рад. Секција је почела рад са
малим предавачким кадром; оспособљавањем
преко 30 нових
предавача, организационим учвршћењем
и добром евиденцијом
рада она је постигла велике
резултате. У првом семестру пре
давачи су посетили земунски,
панчевачки, старо*-пааовски и београдски
срез и пружили пуну
помоћ сељацима у кампањи јесењег
и зимског дубоког орања.
У педесет девет села одржано је
107 стручних предавања са 17.422
слуша/аца и са преко 1.350 дискутаната.
Поред тога написано
је осам стручних предавања за
чланове сеоских радних чета и
упућено Среском народном одбору
студеничког среза. Велики
успех секције је и одржавање

курсева за стручно уздизање пољопривредника
у свих 17 села
земунског среза.
М. О.

Обавештење
студентима - самцима

Искуство из 1946/47 године показало
је да су многи студенти
за време летњег распуста изгубили
своје станове на тај начин
што су их закупци издавали
другоме или што су били блокирани
од стране станбених органа.
Да се такви случајеви не
би убудуће дешавали, станбене
власти у сарадњи са студентским
станбеним комисијама извршиће
обезбеђење свих студентских
станова. Зато је потребно да се
сви заинтересовани студенти одмах
јаве станбеној комисији ради
давања потребних података.
Такође је потребно да сваки
студент регулише закупни однос
са закупником јер у противном
случају закупник ће имати
право да располаже делом
стапа изнајмљеног студенту.

Академско позориште пред премијеру

Академско позоркште даје 1 јуна »Поручник
Брет« од Џемса Гоа и Арнолда Д' Исоа. ПреТстава ће се одржати
у Дому совјетске културе у 20 часова.

Данас у Америци на очиглед
правницима који
двкламуЈу о моралу, о врлинама
америчке фемиде, цвета
линчовање на југу Америке као
у доба борбз против ропства.
»Цим Кроу«, кеписаки звкон
Америке о ргсној 'дискриминаци]и,
немилосрдно ссуђује својом
једином пресудом пресудом
линча- Ни ветерани Другог
свстског рата који су св
храбро борили за своју домовину,
коЈи су се вратили са
ордењем на грудима увереии
у оправданост своје борбе за

[ оспобођење испод робовскег и
I полурзбовског положаја, не
изузимају оз овим - законом.
I »Џим Кроу« је немилосрдан.
• Он убија због тога што је цр.
нац, убија да се нг би жалио,
убија без обзира на то што Је
■ осуђекик невин.
Тако је бипо н са поручни•
ком Бр->гом, јунаком комада
. »Поручник Брет« . Све илузи!
је стечене у рату о бољем животу
и равноправности црнаца,
| разбијају се већ на првом
I корг-ку у домовини о амЕ.‘ричку
| стварност.

„Спремаш ли се да дигнеш револуцију... реци“

Учешће бригаде култуно-уметничког
друштва Универзитета у престојећим
радним акцијама

У овогодишњим радним акцијамд
узеће ативног учешћа и &ригада
културно-уметничког друштв«
Универзитета. У састав бригадв,
која ће бројатм око 250 студе.
ната, уКи ћв најбољи члаови факултвтских
културно-умвтничких
друштава и секција, ко.и су у
свом досадашњем раду показали
нај&ише успеха и личног залагања.
Задаци који се постављају пред
бригаду у току овог лета имају
велику важност за даљи развој
униве|рзитетског културно-уметни.

чког друштва. Сталан и систематски
рад свих секција у току два
месеца организационо ће објодинити
и учврстити друштво као
целину. Културно-уметнички рад
бригаде добија ;ош веКи значај
и чињеницом да ће се друштво
у том периоду припремити за
велики фестивал Народне омладинв
Југославие на коме ће
претстављати Народну студентску
омладину.
Академско позориште -ке спремати
за фестивал комедију »Ман.
де« од Марина Држика. У састаг
позоришта, које ке бројати 50
чланова, ступике нов.и глумци,
сценографи и кереопрафи. Студенти
Академије ЛlИковних уметности,
студенти филозофије и
технике добике на тај начин могукност
да корисно употребе
своја стручна знања и обогате и*
новим искуствима. Хор кв под управом
диригента Јосипа ТкалчиКа
спремати читаа низ нових пе’
сама домаких и страних компози.
тора. Бројност Академског хора
попеке се на 150 чланова. Ункзерзитстски
фолклор припреми!Ке
нове народне игре уз активну
помок музичке секције која, Кв
се такође попунити са новим члановима.
Бригада Ке посетити сва века
градилишта републиканског и савезног
значзја а затим Ке нзправити
турнеју по нашим градовима
и индустрисгеим центрима. Том
приликом Ке чланови бригадз
указивати и практичну помоК
културно-уметничким групама по
радним бригадама.

Славистичка група
дала је „Вече руске
поезије и музике “

Студенти Филозофског факултетл,
на иницшативу славистичке
групе и уз помоћ студената Музичке
академије и Дремског студиа,
приредили су »Вече руске
поезије и музике«. Ово је било
прво вече те врсте. Програм је
претстављао целину; добро одабране
рецитације и музичке тачке
биле су солидно спремљена. Сл»вистичка
група ангажовала је и
студенте осталих група у извођењу
програма. То вече је потврд,и>ло,
да свака група може, у пуном
смислу те речи, да учествује у
културном раду.
К- В.

Број 16

НАРОДНИ СТУДЕНТ

3Поздрав наших народа
другу Титу

Јуче су, у присуству огромне
масе света, стигле штафете из
свих крајева наше земље које
су донеле поздраве и честитке
свих наших народа своме љубљеноме
вођи маршалу Титу.
И ове године најбољи међу
најбољима, ударници из фабрика
и са омладинских радних акција,
истакнути спортисти и омладинци
учесници народноослободилачког
рата предали су
штафетне палице својих република
маршалу Титу.
Штафету Народне Републике
Србије предао је у руке маршалу
Титу ВУКСАН БУЛАТОВИЋ,
сликар, носилац партизанске спо
менице и многих других одличја.
Још као петнасстогодишњи
дечак учествовао је у диверзантским
акцијама Омладинаца
из јабланичког и лесковачког
краја. После ослобођења постао
је члан Земаљског већа Народне
омладине Србије. Бави се активно
фискултуром, нарочито
лаком атлетиком, одбојком и
футбалом.

Друг Вуксан Булатовић

Међународни студентски савез
пружиће помоћ народима који се
боре за слободу и националну
независност

На завршетку заседања Извршног
одбора Међународног студент.
ског савеза у Букурешту упућен
је проглас демократским студентина
света у коме се позивају на
учвршћење међунвродног студснтског
јединства, на даље јачање антиимперијалистичке
борбе и борбе
за демократизацију универзитета,
ка пружање помоћи студентима колонијалних
и полуколонијалних земаља,
као и помагање грчког,
шпанског и осталих народа који
се боре за слободу и националну
жзависност.
У прогласу со истиче потреба
што тешње сарадње студената са
демократским омладинским организацијама,
у првом реду сападње
Међународног студоНтског савеза

са Свстсзом федсрацијом демократске
омладине.
Кзвршни одбор Међународног
..удентског савеза донео је на
>ају резолуцију у којој се одо-,;аза
рад и резултати конференцијо
омладикских и студентских
организација Источне Азије одржане
у Иалкути фебруара ове године.
Одбор ће пружити подршку
борби источноазиске омладине за
националну независност. Он истовремено
осуђује империјалистичке
поробљиваче због гушења студентских
организација и ослободилачке
борбе источкоазиских народа.
Наредио заседање Извршног одбора
Међународког студзнтског савеза
одржаће се почетком соптембра
ове године.

ИЗ БРАТСКОГ СССР-а

Совјетска виша школа у процвату

Поводом десетогодишњице
Стаљиновог говора посвећеног на.
предној науци, „Краснаја звезда"
донела је чланак заменика министра
вишег образовања СССР-а То.
пичева под насловом „Совјетска
виша школа у процвату":
„Пре десет година Стаљин је
дигао своју историску здравицу;
„За процват науке, оне науке која
се не ограђује од народа, која се
не налази далеко од народа, и
спремка је да служи народу, спремна
да преда народу све тековине
науке, која служи народу не зато
што мора, вгћ добровољно и с во.
љом."
У свом говору Стаљин је одредио
главне задатко совјетске наукеслужење
народу, савез старих научних
радника са младим, ствара.
ње услова за повећање научкмх
кадрова, смелост у научном стваралаштву
и одлучан раскид са старим
традицијама и нормама. У току
протеклих десет година читава
делатност совјетских виших школа
била је потчињена остварењу
упутстава великог Стаљина. За то
време више школе у земљи припремиле
су око 750.000 стручњака
за све гране социјалистичке
изградње. Број виших школа повећао
се од 708 колико их је било
1938 године на 802.
У истом периоду број студената
се повећао за 100.000. Повећање
броја студената у нашој земљи
престиже темпо који је предвиђен

у последњој стаљинској пјатиљеци.
Према плану 1950 године бро) студеката
у вишим школама треба да
достигне 674.000. Всћ ове године
ова цифра ће бити премашена за
30.000.

Наша земља је за веома кратко
време добила велики број вмших
школа и научних института.
Ово шксле су отворене у местима
где је пре револуције скоро читаво
становнкштво било неписмомо.

У Иазахстану где су пре револуци;о
сд 100 станозника свега двојица
били писмени сада има 23
више школе и 87 техникума. Такав
развој културне револуције
могуће Је само у земљи социјалигде
су први пут у историјч
све тековнс гауке и културе посгале
народна имовина^...
На челу са академиком Павловом
колектив катедре за металургију
у Лењиградском политехничком
институту решио је проблем
ширења огрезне базе за црку металургију.
Истраживања групе сарадника
Московског института омогућиди
су да се повећа продуктивност
Мартенових пећи и да се
смање трошкови за огрев приликом
плављења метала. Научници
пол»оприБредне академије „Тимирјазев“
успешно покрећу напред
совјетску агрономију. Списак сли.
чних радова могао би се још повећати.
За све те радове карактеристична
је органска веза са задацика
послератне стаљинске пјатиљетке.
За све њих је карактеристичан
дух новаторства, смелост у науци
Они ће тачно савладати нове велике
задатке које јс пред њих поставио
Стаљин: „Не само достићи
већ и у најскорије врзме премашити
тековине науке ван наших
граница.“

Зграде института Маркса-Енгвлса-Лвн.ина у Тбилисију

ФИСКУЛТУРА и СПОРТ
Сутра почињу „Студентске игре 1948“

Сутра у Загребу почиљу ~Студентске
игре 1948’’ којо се први пут према
предвиђеном кадендару Фискултурног
савеза Југославије одржавају у
пашој драсавн и трају од 27 до 30
маја- Први пут се састају најбољи
фискултурницп студенти Загрсбачког,
Београдског и Љубљапског универзитета,
сарајевскнх и скопскпх
факултета и Внше педагошке школе
са Цетиља. Због тога ово такмичеље
и претставља не само један од најзначајнмјнх
фискудтурних догађаја
већ и манпфсстацнју братства и једпнства
наших народа. Својом младошћу,
еланом, пуни радости шго репрезентују
своје универзитете п факудтете
студентн фискултурницн
показаће још једном високу свест
народне омладине у борби за изградњу
социјаљизма у иашој земљи, за
нзвршеље задатака Петогодишњег
плана. Кроз размсну искусуав-а и напора
који буду уложени радн постпгпућа
што бољих резултата, „Студентске
игре 1948’’ допринсће даљем
јачању и развнјању фискултуре како
иа уннвсрзитетпма тако и у земљи уопште,
„Сгудентске пгре 1948’’, на којима
ћв учествовати преко 400 најбољнх
фпскултурника, допрннеће још већем
омасовљењу фискултуре у редовима
Народпе студентске омладнне. Кроз
разва такмпчеља и припреме, које ће
св одржавати током чптаве године,
окупиће се хпљаде повпх студената
фискултурника, подићи ће се квалитет
наше фискултуре, прићи ће се
увођењу неразвпјепих н нсдовољно
развнјених дисцнллнна које су за наш
фискултурни покрет н уздизаље студената
од основне вжкносги. То су:
партизаискп марш, петобој свсстраносгп,
рукомет и друге днсциллнне. Партизански
марш је тешка и папорна
днсциплина где до изражаја долази
истрајпост и упориост. То је днсциплина
која показује колектпвност, јача
и развија другарство код учеспика
којп заједно морају стићи на циљ.
Кроз петобој свестраности, који обухвата
оријентациону вожњу бнциклом
на 30 кплометара, гађаље из војничке
пушкс, пдпваље сдободнпм стилом на

200 метара, рвање слободним стилом
и крос трчање на 4000 метара
наши студентп ће се свестрано
развијати. Рукомет, који је отскоро
уведен у наше редове, беће тринаеста
дисциплина у којој ће се такмичитн
упиверзитетске и факултетске екппе.
На „Студенаским играма 1948” учсствоваће
најбољи студентп-лакоатлетичари,
футбалери, кошаркаши,
пливачи, одбојкаши и други. Рајко
Митић, Мариченкова, Гленчак, Кацијан
и други браниће боје својих универзитста.
Свп универзитети и факултети из„ршили
су потребие припреме. Првек
'тва универзитета су у том погледГ
пајвише допринеда прн саставу екипа.
Београдски фискултурницн су одржадп
неколпко сусрета у футбалу, лакоатлетицп,
кошарцп, стрељаштву и другии
дисциплинама.

Победничка екипа на ~Студенхскл<
нграма 1948’’ добиће пехаре које сј
дали Цептрално веће Народне омладац
не Југосдавнје, Фискултурни савез Јуч
гославије, ергавизације Нродне стуч
дентске омладине и др. Победlшчкој
екнпи у одбојцн оргаиизација Народнв
студентске омладине Београдског унин
верзитета предаће пехар, док ће Мич
пнстарство народне одбране додедити
пехар победнику у Партизанском маш
шу.
Студептске пгрс, које ће се отсадЛ
одржавати сваке године и тиме имап
ти градицпона.чан карактер, идућих;
година биће још масовније. Поред нан
ших студената најбољих фискудн
турппка на шима ће учествоват Ж
студенти фискудтурници земаља
нове демократије, чнмс ће се још вич
ше учврстнти веза и гсријатељство
свих балканских и срсдњоевропских
народа.

Такмичари који ће репреѕентовати
наш универзитет на „Студентским
играма" у Загребу

Кошарка: Н. Поповпћ, М. Соколовнћ,
А. Гец, С. Адагић, Ђ. Лазић, В.
Гаћиновић, М. Богојевић, Д. Гоџић, А.
Никодић, В. Стојковић, Б. Станков«ћ,
П. Косгнћ; Другарице: С. Младеновпћ,
Р. Радовановић, Б. Благојевић,
А. Гагрпловић, В. Шапнпац, 3.
Скрбпишск, В. Јогановић, 0, Станпшић,
Л. Касаш, 11. Попара.
Одбојка: И, Трииајестић, В. Мидоваповнћ,
Д. Солдатовмћ, Б. Стојинов,
Б. Марковић, Ж. Зец, Б. Илић, М.
Илпћ; Другарицв Б. Јерамазовић, Р.
Грујпћ, С, Плавшић, Д. Ђуришић, К.
Зако, Б. Марковић, Љ. Христић, И.
Илић.
Футбал: Љ. Ловрић, М. Петровић, Миомир
Петровић, М. Кашапин, П. Ђајић,
М. Дракулић, Б. Дреновац, С. Мишков,
Р. Митић, К. Томашевећ, М. Шапинац,
М. Јоваповић, Дворннћ.

Шах: М. Петропић, Д. Аидрић, Д.
Јаношевић, С. Недсљковнћ, Д. Ђаја,
М. Трајковнћ, М. Караклајић, Г. Муждека,
Ј. Сабадош, М. Костић, Ђ. Ду*
дајић.
Стојм тенис: М. Давидовпћ, С. Сти.
нојевић, М, Грбић, С. Борисављсвић;
Другарице; А Јосифовнћ, В. Михајловић,
Д. Миловаиовић.
Тенис: Т. Лакс, С. Борисављевнћ;
Другарице: К. Зако, В. Михајловић
Мачевање: Д. Болапћ, С, Живковпћ,
С. Куртеша, П. Божишовић; Другарице:
Ј. Васић, Р. Јањић Д. Миденковпћ
Петобој свестраности: М. Лучић, Р*
Јанковић, М. Стефановић, С. Вуковић
Стрел>ан»е:Ж. Живковић, И. Прид.
кер, Б. Влајић, М. Маричић.
Рукомет: Д. Дидић, С. Мплић, М.
Аксентијевић, М. Крстонић, Д. Милутпновић,
С. Алагић, С. Сокогај, С.
Матевски, М. Крњић, М. Стојанов М,
Клослав, В. Чипаски, Ч. Татамнров*
3. Зиков, М. Стојановић.
I
Лака атлетика: Г. Попов, Д, Пошн
вић, Љ. Јанковић, В. Зенковнћ, Вц
Плић, Д. Петровић, Л. Генчић, Д. Боч
жовнђ, С. Хекпћ, Б, Хатпби, А. Радоч
вановић, А. Леман, М. ЗКнвковић, С,
Булпћ, Ј. Рамач, В. Шкекић, М, Мич
лосављевић, Р Јефтовнћ, М. Јелисијевић,
Р. Бања, 3. Шабан, Д. Пошн
внћ, Д. Божовић, Т. Ранин, В. Ерде-|
љан; А, Стефапосић, М. Рачић, 0.
Ребула, С. Ленерт, П. Вуковић, Ђ. Сад
марџић, Д. Шерчић, М. Ланц („Парц
тизан“);
Другарице: Б. Јанаћковпћ, Ј. Гриб,
М. Зарић, М. Јовановић, В. В|ран, Д,
Лукпћ, Д. Стојковнћ А. Гавриловић,
3. Скрибшек, Б. Јерковпћ.
)
ДРЖАЗНИ ИНСТИТУТ ЗА ФИСКУЛч
ТУРУ ЕКИПНИ ПРВАК У
ЛАКОЈ АТЛЕТИЦИ
На овогодишњем првенству Бео-!
градског уннверзитета у лакој атлет,
ци учествовапо је 180 такмичара. Пон
стигнуто је неколико добрих резултата:
100 м. Пецел, Петаде, ст. агропомнје
11,4: 200 м. Гриб Јекатерииер,
ст, ДИФ-а 30,0; скок у даљ —*
Грпб Јекатернна 4,53; 5000 м. —Ранин
Тодор, ст. медпцине 18.02,0.
Укупап пласман мушких и женскиХ
екнпа је следсћн; 1) ДПФ 24.045,2
(Агрошомскп факултет 19.590,3) Дом
војних студената 16,531 бод.

4

Одговорни уреднлк Влада Митровић, ст. права. Уредништћо и администрација; Бсоград, Балканска улица 4, телефон 23-464; број чековног рачуна 1-9060014.
Штампарија „Омладина“, Београд, Војводе Мишића улица број 19

НАРОДНИ СТУДЕНТ

БроЈ 1в
  </body>
 </text>
</TEI>