<TEI version="3.3.0" xmlns="http://www.tei-c.org/ns/1.0">
 <teiHeader>
  <fileDesc>
   <titleStmt>
    <title>The shortest TEI Document Imaginable</title>
   </titleStmt>
   <publicationStmt>
    <p>First published as part of TEI P2, this is the P5
         version using a namespace.</p>
   </publicationStmt>
   <sourceDesc>
    <p>No source: this is an original work.</p>
   </sourceDesc>
  </fileDesc>
 </teiHeader>
 <text>
  <body>
   <p>This is about the shortest TEI document imaginable.</p>
  </body>
 </text>
  <text>
  <body>
ПЛЕНАРНИ САСТАНАК УНИВЕРЗИТЕТСКОГ ОДБОРА НАРОДНЕ СТУДЕНТСКЕ
ОМЛАДИНЕ БЕОГРАДСКОГ УНИВЕРЗИТЕТА
Најважнији задатак је борити сe да
нијeдан студeнт нe останe ван
наше организације
- рекао је у свом реферату друг Фазлија Пирић

17 овог месеца одржан јепленарни
састанак Универзитетског
одбора Народне студентске
омладине.
Дневни ред састанка био је
следећи:
1. Преношење закључака Треhe
градске конференције Народне
омладине Србије за Београд,
Седмог пленума Земаљског већа
Народне омладине Србије и
у вези с тим организациона питања
Народне студентске омладине
нашег Универзитета.
2. Прослава Првог маја.
3. Примедбе на тромесечне
планове.
«
Ради што веће и ефикасније
помоћи и ради чвршће повезаности
Народне студентске омладине
нашег Универзитета са осталом
Народном омладином
Београда, наша организација je
на Трећој градској конференцији
укључена у организацију
Народне омладине Београда.
У досадашњем раду Народне
омладине Србије, као и уопште
у раду Народне омладине Југославије,
поред свих великих успеха
који су постигнути, појавиле
су се и извесне грешке.
Сви ти недостаци уклониће се
самим тим што је Народна омладина
демократска организација
и што he она и убудуће
непрестано јачати и омасовљавати
се. Зато је непосредни задатак
наше Народне студентске
омладине да своје редове ојача
и омасови, да у њих прими и
онај још мали број студената
који је ван организације. Досада
то није био случај. Статистички
подаци са појединих факултета
говоре да је у последње
време више чланова искључено
него што је примљено!
Један од недостатака, који је
условио приличну замрлост у
нашем раду је недовољна ширина
у преношењу задатака.
Досад је код нас било као правило
да онај узани круг најбољих
активиста извршава све задатке.
Само широким активирањем
и обухватањем свих чланова
Народне студентске омладине
наша ће организација постати
у истини масовна и чврста,
наш ће рад бити пун, садржајан.
О идеолошкополитичком
раду

У Статуту Народне омладине
Југославије нарочито је наглашено
да је наша организација
васпитна. Зато је уздизање и
иделошко-политичко васпитање
сваког члана посебна брига руководства.
Догађаји у свету, живот наше
земље, наша како борбена тако
и културна прошлост, све је
то онај неисцрпан материјал
на коме путем марксистичког
гледања на свет, треба да се
васпита сваки млад чозек наше
земље. Учећи се да изнад свега

волимо братство и јединство
наших народа, нашу армију,
нашу народну власт и остале
тековине Народно-ослободилачке
борбе, васпитавајући се да
будемо поносни на нашу богату
народну културу, учећи се да
изнад свега стављамо задатке
социјалистичке изградње, ми ће
мо створити нове патриоте
социјалистичке људе, људе ко-

јима ће рад како каже друг
Ђилас бити дело части и
среће наших народа.
Ово је важан задатак наше
Народне студентске омладине,
али частан задатак и Трећа
градска конференција Народне
омладине Београда и Седми
пленум Земаљског већа Народне
рмладине Србије постављају
нам га као један од основних.

О неким организационим
питањима

Друг Фазлија Пирић, члан
Секретаријата Универзитетског
одбора Народне студентске омладине,
који је одржао реферат
о поменутим закључцима и
организационом раду наше организације
нагласио је још и ове
недостатке у нашем раду
„Код нас се обично састанци одржавају
у невреме, или се одржавају
једном у месец дана.
Факултетски одбори су директно
повезани са групама, секретаријати
актива се не виде. Директно
централистички се ради
и спроводе задаци и закључци.
Није се водило рачуна о томе
могу ли се такве одлуке применити
на дотични факултет и
да ли одговарају проблемима
и специфичности група. То онемогућује
да активи отсека и година
улазе више у своје проблеме.“
На крају су донесени закључци:
свестрано се борити
за учвршћење и јачање организације.
Борити се да ниједан
студент не остане ван наше
организације. Пружити могућности
за рад сваком студенту
који жели да учествује и ради
у организацији. Ојачати се-

кретаријате актива новим попунама
и преоријентисати их на
темељан и организован рад.
Борити се против свих недостатака
по питању увида у организацији,
евиденције, статистике
и чланарине. Гфупе које сада
постоје не треба разбијати
због обимности на две или више,
већ их треба учврстити, а
тамо где је потребно ради евиденције
и увида над чланством,
делити их на подгрупе. Ликвидирати
праксу да се састанци
формално одржавају, да се на
н»има на брзу руку само поделе
задаци недовољно јасни и убедљиви.
Наћи могућност да се
сваки добивени задатак до краја
контролише. Сви секретаријати
нека разраде особености
свога факултета и" претресу
питања начина руковођења.
У духу закључака Треће
градске конференције и Седмог
пленума Земаљског већа Народне
омладине Србије, јачати
идејно-политички рад међу
студентима. Учвршћивати нашу
организацију на програмима
и задацима Народног фронта.

СПРОВОЂЕЊЕ ТРОМЕСЕЧНИХ
ПЛАНОВА У ЖИВОТ
ЗАХТЕВА НЕПРЕСТАНУ
КОНТРОЛУ РУКОВОДСТВА

На крају је Пленум дискутовао
о тромесечним плановима,
који треба да оживе и унесу
више реда у рад наших актива
и група.
Током месеца марта на нашим
факултетима одржане су
конференције група и актива
ради састављања тромесечних
планова. То је била новина у
нашем раду. Дискусија и закључци
о будућем раду група
донесени на овим конференцијама
дали су добре резултате.
Пре свега планови су одразили
реалну слику чврстине и рада
на групама. Они су успели да
широко окупе и активирају
студенте на задацима и извршењу
самог плана. Али и у овом
раду на изради планова појавиле
су се старе грешке. Пре
свега планови не садрже у себи
специфичност факултета.
Сви су прављени уобичајеним
калупом. Исцепканост омета да
се из планова јасно види шта
ће бити главни задатак група
или актива у наредном тромесечју.
Сем тога, има и нереалности.
Политички рад није добио онај
карактер који треба да прими
наш политички живот на
факултетима, Борбу против империјализма
и његово разобличавање,
предавања о улози Совјетског
Савеза у борби народа
за мир и демократију, о улози
и месту наше земље данас у
свету, о нашој социјалистичкој
изградњи, наши планови недовољно
или готово уопште не
предвиђају.

Поводом доношења
правила о раду на
Универзитету

Правила о упису, похађању
предавања и полагању
испита на Универзитету, које
је донео Универзитетски савјет
на својој седници од 6-IV-48
год., претстављају једну од низа
мјера које наше власти предузимају
у циљу усклађиваша
прилика на Универзитету са
приликама и потребама наше
земље.
Досада на нашем Универзи-'
тету није могло доћи до ова ч
квих мјера, јер су за то постојале
многе објективне потешкоке.
Наш Универзитет је, прије
свега, у рату био
тако да се на неким факултетима
морало све стварати из*
нова. Недостајали су уџбеници
и друга разна учила, а поред
тога имали смо и приличан
број студената који је после
рата дошао на Универзитет,
свршавајући средњу школу на
кратким курсевима, са врло недовољним
знашем за факултетскр
студије.
Све те чињенице скупа биле
су разлог да се у току ове двије
школске године нијесу могле
подузети овакве и сличне мјере.
Али, у току ове двије школ*
ске године напорима наших власти
стварани су услови за нормално
студирање и данас ова
Правила претстављају само једну
нужност.
Пошто Правила регулишу
најважнија питања из нашег
живота и рада на Универзитету,
то у вези с тим, дајемо неколико
објашњења.
Што се тиче похађања предавања,
Правила чине крај немарном
односу према предавањима
приличног броја студената
она су обавезна и сваки
се изостанак правда писмено
Деканату. Досадашње искуство
је показало да су најбољи ђаци
на Универзитету били они студенти
који су стално посећиваг
ли предавања и вјежбе и, обрнуто,
да су најгори ђаци они
студенти, који су аљкаво посеКивали
предавања, вјежбе, со*
минаре итд.
Природно је да под оваквим
приликама, како се то предвиђа
Правилима и питање испитних
рокова мора да добије други
карактер. Испитни рокови се
своде: на један редовни, у јуну,
односно у јануару уколико
се полаже после непарног
семестра у коме сваки студент
треба да пријави све испите
дотичне године; један поправни,
у септембру, у коме
студент полаже испите, Koje
није полагао у јуну, или из којих
је евентуално пао. Студен;
тима, који после поправног роi
ка не положе све испите, и уј
словно уписују наредну годину,
! пружа се могућност да то учине
у условном року, у јануару.
Као што се види, Правилник
је водио рачуна о чињеници да
| је приличан 6poj‘ наших студеi
ната услед објективних тешко|
ka много заостао у испитима,
i па је првој и другоЈ* послератi
ној генерацији студената
I другој и тре Кој години омоI
гуКено да положе заостале иI
; спите из прве, односно друге
; године нај‘даље до јануара 1 949
; године, и тиме пређу на норI
мални ток учењаДоношење
ових Правила обе|
збеђује, како успешно извршеi
ње плана изградње високо квалификованих
стручњака, тако
и ефикасну контролу његовог
извршења од стране наших власти.
Припремимо се за прославу Првог маја

Лрви мај традиционални
празник радног народа, дан
смотре борбених снага и међународне
солидарности, слави
се у нашој слободној домовини
као општенародни, државни
празник. Овогодишњу прославу
Првога маја, од које нас дели
још непуних 10 дана, дочекују
наши народи у јеку борбе
за извршење Петогодишњег
плана, поносни на огромне успехе
постигнуте у изградњи
социјализма •
Првомајска прослава 6uhe израз
стваралачких снага наших
трудбеника града и села, смотра
крупних радних победа наших
народа и њихове решености
да битку за План наставе
са истим полетом и одлучношhy.
Тога дана ke радници из
фабрика, селзаци са пол>а, службеници
из надлештава, студенти
и просветни радници
манифестовати јединство и сна-

гу Народног фронта и изразити
љубав према нашој републици,
према слободи и националној
независности. Кроз првомајску
прославу наши народи
he показати своју оданост ствари
демократије и мира у свету
и љубав према великом поборнику
мира Совјетском Савезу.
Прославу у Београду украсиће
велика поворка радника, сељака,
омладине и војске . Она
he бити оличење. братства наших
народа, израз њихове борбе
за извршење Петогодишњег
плана, као и борбе против ратних
хушкача за мир и npujaтељство
међу народима света.
У овој поворци заузеће достојно
место Народна студентска
омладина нашег У ниверзитета,
која ke наступити са преко 10
хиљада чланова. Око 7.000 чланова
наше организације uhu he
у поворци no факултетима, за-

једно са средњешколском омладином,
док he остали дефиловати
у саставу радних бригада
Народне омладине. Поред овога
наше фолклорне групе и хорови
учествоваће са својим npoграмом
у народном весељу.
Да би наше учешће у прослави
било добро, формиран је
npu Универзитетском одбору
Народне студентске омладине
Одбор за прославу Првога маја
и одбори no факултетима.
Уз пуну помоћ секретаријата
Народне студентске омладине
no факултетима, као и свих чланова
наше организације, преко
одбора за прославу треба бла ■
говремено спровести све организационе
и техничке npunpeме
као што су: припремање амблема,
симболичких приказа,
парола и транспарената из којих
he се видети резултати noстигнути
у учењу и другим облицима
рада t

ЦЕНА 2 ДИН. А. СЛ\РТ ФАШИЗМУ -СЛОБОДА НАРОДУ!
ОРГДН НАРОДНЕ ОТУДЕНТСКЕ " МЛАДИ.-it Ц jlf
6ЕOГРАДСКOГ УНИВЕРЗИТЕТД ВМШМШ
БЕОГРАД, 21 АПРИЛ 1948 WУНИВЕРЗИТЕТСКИ САВЕТ БЕОГРАДСКОГ
УНИВЕРЗИТЕТА ДОНОСИ СЛЕДЕЋА
ПРАВИЛА
о упису, обавезном похађању
предавања и полагању испита
на Универзитету

|. ОПШТЕ ОДРЕДБЕ
Члан 1
Упис на Универзитет је годишњи, то јест нико се
не може уписати у летши семестар као први.
Члан 2
Похађање предаваља и вежби је обавезно .
Учињени изостанци због болести или других оправданих
разлога правдају се писмено Деканату факултета,
најкасније три дана по учињеном изостанку.
На факултетима завешће се евиденција и организовати
контрола похађања предавања и вежби.
Члан 3
Постоје ови испитни рокови:
а) за предмете који се полажу на крају парних семестара
редовни испитни рок је у јуну, поправни
у септембру, а условни у јануару наредне године;
б) за предмете код којих курс предавања траје само
један семестар, односно три семестра, и који се полажу
после непарних семестара редовни испитни рок је у
јануару, поправни у јуну, а условни у септембру.
Члан 4
Студенти који у поправном року не положе све испите
из протекле школске године уписују наредни семестар
условно.
Уколико ни у условном испитном року не положе заостале
испите из претходне године понављају годину и
поново уписују семестре претходне године у коју им се
урачунава и условно уписани семестар.
Положени испити, извршене вежбе и предати радови
из протекле године признају се.
Члан 5
Студент који понавља годину, у поновљеној годиви
има право само на два испитпа рока: редовни у јуну и
поправни у септембру.
Једна година студија може се само једанпут поновити.
После тога губи се право студирања на томе факултету.
Члан 6
Ако студент стекне право да у истом испитном року
поред заосталих испита полаже и неколико редовних, мораће
прво полагати заостале испите па тек онда редовие.
Члан 7
Одустајање од испита убележава се у индекс и у студентски
картон.
II ПРЕЛАЗНЕ ОДРЕДБЕ
Члан 8
Студенти који су започели студије школске 1945/46
године неће се моћи уписати у школској 1948/49 години
у четврту годину студија већ he морати поново уписати
трећу годину, уколико не буду имали положене све испите
из прве две године студија, а студенти који су почели
студије школске 1946/47 године, неће се моћи уписати у
школској 1948/49 години у трећу годину студија, уколико
не буду имали положене све испите из прве гддине студија,
већ ће морати поновоч уписати другу годину студија.
И Једни и други уписаће наредну годину условно,
па ако положе испите у Јануарском испитном року признаће
им се уписани семестар, а ако не положе, онда им
се тај семестар урачунава у поновљену годину,
Ш ЗАКЉУЧНЕ ОДРЕДБЕ
Члан 9
О случајевима који нису предвиђени одредбама ових
Правила или захтевају отступање од одредаба Правила
решаваће ректор универзитета.
#
Члан 10
Ова Правила ступају на свагу када се са њима сагласи
Претседник комитета за научне установе, Универзитет
и високе школе Владе НР Србије.
ректор универзитета
д-р СТ. ЈАКОВЉЕВИЋ
На основу предлога ректората универзитета Бр. 4867
од 6-IV-1948 године.
саглашавам се
да Правила о упису, обавезном похађању предавања и
полагању испита на Универзитету, коЈе је Универзитетски
савет усвојио на сво Јој седници од 3-IV-1948 године,
ступа на снагу.
Претседник Комитета
Министар без ресора,

М. МИНИЋ с. р.

Како се спремамо
за јунске испите

Студенти дефектолошког отсека
Више педагошке школе спремају се за
прве испите

Крајем прошлв гоаии« осноеан
је при Вишој педагошкој школи
дефектолошки отсек, у циљу оспособљавања
стручног кадра за
васпитање глувомемих, слепих и
беспризорних.
Тридесет и један студент добровољно
се спрема за овај позив.
У групн за глувонеме има 18
студената, за слепе 5, а за беспризорне
и умно заостале 9 студената.
Студије на овом отсеку
две године. Bets сада већина
од њих радв као ааспитачи

и наставници у дому глувонвмих
и слепих у Земуну и оспособл»авају
ce за свој позив.
Студенти овог отсека озбиљно
су схватили потребу свог стручног
уздизања. ГТошто мвма уџбемика
они су упућени на колективни
рад из предмета као што су анатомија,
физиологија и патологија.
Њихови кружоци састају се свакодневно
и скоро су најбољи на
целој ВишоЈ педагошкој школи.
г ф.

Студенти Економског факултета
добиће уџбенике за јунске испите

Публикациони одбор Економског
факултета, састављен од
професора и студената, уложио
је досада многО труда да уџбеници
изиђу на време и да помогну
студентима у припремању
испита за јунски рок.
Ускоро ћв из штампе изићи
следећи уџбеници:
ПРВА ГОДИНА: Грађанско правo
крајем априла: Технологија,
Привредна историја народа
ФНРЈ до 10 маја, ИндУстриоко
КН.ИГОВОДСТВО ДО
средине маја.
ДРУГА ГОДИНА: Привредна
географија страних земаља, Индустриска
статистика до 5
маја, Технологија I део, Привредни
систем ФНРЈ 1 део и
Трговачко правО средином
маја.
ТГЕЋА ГОДИНА: Технологија,
Привредни систем ФНРЈ
(специјални курс) и Анализа
биланса (практични део) до
10 маја.
Организација н пословање
привредних предузећа (за дру-

rv годину) и Планиран»е народZ
привреде - први Део (3. 111
годину) за које је предвиђен
рок 20 април, већ су изишли из
штампе.
Пред публикационим одбором
стоје сада два задатка; први,
Д а уџбеници изиђу без закашњења,
а други, да се припреме
рукописи за следећу школску
годину.
Студенти треће године
шесте славиотичке групе Филозофског
факултета одржавају
једном недељно консултације
са професором д-ром
Кирилом Тарановским из истор*ије
руског језика, коју
прштремају за јунски испитни
рок. Овај испит им је редован.
Пошто нема уџбеника,
ове консултације користе
студентима, а нарочито због
тога што се студенти за њих
унапред припремају. Сви сту
денти који ће полагати овај
испит посећују консултације
редовно.

Вести са
факултета

Дирекција рудника Трепче
послала је отудентима рударског
отсека Техничког
факултета збирку стена и
минерала. Збирка је састављена
од 50 примерака и даје
потпун г.Ј-еглед геолошких и
минеролошких прилика Треп
че. Има 16 стена, 15 компг.ктних
руда које настају из
њих и 19 кристала. Ова зблр
ка he умногоме потпомоћи
практичан рад студената рударства.
★
На првој години машинског
отсека Техничког факлутета
одржана су током
прошлог месеца два пробна
писмена испита из математике
I. И поред довољног времена
за припремаше које је
студентима стајало на расположењу,
резултати испига
(на којима већина студената
није ни присуствовала) блли
су слаби. И уместо да слаб
резултат првог испита утиче
на појачање даљег рада, други
испит није показао никакво
побољшање. Према непотпуним
подацима било је
присутно једва 43 по сто уписаних
студената, а средња
оцена била је 5,7.
А. П.

Растурање
»Књижевних новина«

Обавештавају се студенти Београдског
уКиверзитета да ће од
идућег уторника, 27 —о. м. недељни
лист „Нњижевне новине"
растурати преко екследиционе мреже
„Народног студента".
Експедитори по факултетима подизаће
лист у редакцији „Народног
студента" према распореду којм
ће бити накнадно дат.

ПОВОДОМ ГОДИШЊИЦЕ ЛЕЊИНОВЕ СМРТИ
Из разговора с првом америчком
радничком делегацијом
Питања делегата и одговори друга Стаљина 9-IХ-1927 г.

Прво питлњв. Које су нове
принцнпе правтично додади марксизму
Лен>ин и компартија? Да ди би бидо
правилно рећи да је Лен.ин веровао j
„стваралачку револуцију", док је
Маркс био више склон да очекује кулминациони
развитак економских онага?
Одиовор. Ја мислим да Дењин никакве
„нове принципе << HHje „додавао
марксизму, као год што Лењин ннје
мењао ниједан од „старнх“ принципа
марксизма. Лењнн је био и остаје највернији
и најдоеледиији учепик Маркса
и Бигелса, којн се у цедости и потпуно
ослаша на принципе марксизма.
Али Лењин ннје био само реализатор
учења Маркса Енгелса. Он је у
исто време био настављач учења
Маркса и Енгелса- Шта то значи? То
значи да је он даље развио учење
Маркса —Енгелеа у складу с новим условима
развитка, у скдаду с новом фазом
капитализма, у складу с еиохом
империјализма. То значи да је Лењип,
развијајући даље Марксово учење у
новим усдовима класие борбе, унео у
општу ризницу марксизма иешто ново
у поређењу е оним што су дали Маркс
и Енгеле, у поређењу с опим што се
могло дати у периоду предимнериЈа.
дистичког капитализма, при чему ее
то ново што je Лењин унео у ризницу
марксизма у целости и потпупо базира
на принципима које су дали Маркс

и Енгелс. У том смислу се и говори
код вас о дењинизму као о марксизму
епохе империјадизма и пролетерских
револуција. Ево некодико питања у
којима је Лењин дао нешто ново, развијајући
даље Марксово учење.
Прво, питање монополистичког капитализма,
империјализма, као нове
фазе капитаЈгизма. Маркс и Епгедс дали
су у „Калшталу“ анализу основа ка.
питализма. Али Маркс и Енгелс живелн
ey у периоду владавине предмонополистичког
капитализма, пе.
риоду гдатвог еволуирања капитализма
и његовог „мирног“ ширења
по читавој земљиној кугли. Та
стара фаза завршида се крајем XIX и
почетком XX века, када Маркса и Енгелса
више није било међу живима.
Разумљиво је да су Марке и Еигелс
могли само да наслућују оне нове усдове
развитка канитализма, воји су
наступили у вези с новом фазом капи.
тализма, воја је дошла на место старе
фазе, у вези с империјалистичком,
монополистичком фазом развитва,
вада Је глатко еводуирање капитализма
замењено развитвом капиталиама
у свовошша, у катастрофама,
када су се неравномерност развитка
и противречност капитализма испољиле
с особитом снагом, када је борба
за продајна тржишта и извоз капита.
да у усл(овима крајње неравномериос-

ти размтка учинила неиабежшш пвриодичне
империјалистичке ратове ради
пе(риодичне подеде света и сфера утицаја.
Лењинова заслуга и> према томе>
оио што је ново код Дењнна састоји
се овде у томе што је ou, осдањајући
се на основне поставке „Капитада“,
дао образложену марксистичку
анализу империјализма, као посдедње
фазе капитализма, откривши његове
рак ране и усдове његове неизбежне
пропасти. На бази те анадизе поникла
је позната Лењинова поставка о томе
да је у усдовима империјализма могућа
победа социјализма у појединим,
засебно узетим, капиталнстлчким земљама.
Друго, питање диктатуре пролета.
ријата- Основну идеју диктатуре пролетаријата,
као подитичке вдадавине
пролетаријата и као методе за обарање
власти капнтала путем силе, дали
су Маркс и Енгедс. Ново »од Лењи.
на састоји се у овој области у томе
што је он: а) огкрио совјетоку власт
као државни облик диктатуре продета.
ријата, искористивши за то искуство
Париске комуне и руске револуције;б)
што се ослободио заграде у формули
дпктатуре пролетаријата с гледишта
проблема савезника пролетаријата, дефинисавши
диктатуру пролетаријата
као нарочити облик класног савеза
продетаријата, који руководи, експло-

2

НАРОДНИ СТУДЕНТ

БРОЈ Патисагаш масама непролетерских класа
(сељаштво и др), којима се руководи;
в) што је с особитом снагом подвукао
чињеиицу да је диктатура про.
детаријата виши тип демократије у
класном друштву, облик продетерске
демократије, која изражава интересе
већине (експлоатисаних) на супрот
капиталистичкој демократији, која
изражава интересе мањине (ексдлоататора).
Треће питање облика и начина успешне
изградње соцнјалнзма у периоду
диктатуре пролетаријата, у прелазном
периоду од капитализма ка социјализму,
у земљи окруженој капиталистичким
државама. Маркс и Енгелс гледалл
су на период диктатуре пролетаријата
као на период више или мање
дуготрајан, пун револуциопарних окр.
шаја и грађанских ратова, у току којег
пролетаријат, палазећи се на власти,
предузима мере економског,
политичког, културног и организационог
карактера, које су потребне за то
да се на место старог капиталистичког
друштва створп ново социјалистичко
друштво, друштво без класа, друштво
без државе. Лењин је у целости и потпуно
стајао нк становишту тих основпих
поставки Маркса и Енгелса. Ново
код Лењина у овој области састоји се
у томе што је он: а) образложио могућност
изградње потпуног социјалистичког
друштва у земљи диктатуре
пролетаријата, окруженој империјалидистичким
државама, под условом да
та земља не буде угушена војном интервенцијом
капиталистичких држава
које је окружују; б) што је одредио
конкретпе путеве економске политике
(„нова екопомска политика“), помоћу
којих пролетаријат, држећи у свој.им
рукама екопомске комапдне позиције
(индустрију, земљу, саобраћпј,
банке, и сл.), повезује социјалиаираву
индустрију с пољопривредом („са-

вез индустије с пољопривредом") и води
на тај начип читаву народну привреду
ка социјадизму; в) што је одрсдио
конкретне путеве за постепено
привођење и увлачење основиих маса
сељаштва у кодосек социјалистичке из.
градње прско кооперације, која у
рукама пролетерске диктатуре претставља
најбоље средстпо за преуређење
ситног сељачког господарства и
преваспитавање основиих маса ссљаштва
у духу социјалиама.
Четврто, питање хегемоније продетаријата
у револЈцији, у свакој народпој
револуцији, како у револуцији
против царизма, тако и у рсволуцији
против капнтадизма. Маркс и Епгслс
дали су основне скице идеје о хегемонији
пролетаријата, Ново код Лењина
састоји се овде у томе, што је он даље
развио и раширио ту скицу у
складан систем хегемоппје нролетаријата,
у екладан систем иа основу вога
пролетаријат руководи радним масама
града и села не само у обарању царизма
и капитализма него и у социјали.
стичкој изградњи под дпктатуром про.
детаријата. Познато је да је идеја
хегсмопије захваљују.
ћи Лењину и његовој партији, нашла
мајсторску примепу у Русији. Тиме
се, поред осталог, објашшава чињеиица
што је револуција у Русији довела
до власти пролетаријата. Рапије се
обично дешав-адо да су се радпици
за време револуције борили иа барикадама,
проливали крв, обаралн старо,
а власт је доспевала у рукс буржуја,
који су затим угљетавали и експлоатисали
раднике. Тако је било у Енгеској
и у Француској. Тако је бидо и у
Немачкој. Код нас, у Русији, ствар је
узела друкчији обрт. Код иас радници
нису прегстављали само ударну снагу
рсвалуције. Kao ударна спага рсволу.
ције, русви пролетаријат се у исто
време трудио да буде хегемон, поди-

тички руководилац свих експлоатисаиих
маса града и села, оауплајућн ux
и о*о себе, одвајајући нх од буржоааије,
полптички изолирајућп буржоазију.
А као хегемон ексмоатисаних маса,
руски пролетаријат се стално борио да
узме власт у руке ида је искористи за
своје власгите интефесе, против бурлсоазпје,
против капиталпзма. Тиме се
управо и објашљава зашто је свака
снажна акција револуције у Русији,
како у октобру 1905 године тако и у
фебруару 1917 г., изводила на позорницу
совјете радничких депутата, као
заметке новога апарата власти, позса
ног да угушује буржоазију, насупрот
бурзкоасвом парламенту,
као старом апарату власти позваном
да угушује пролетаријат
Буржоазија је код нас два пута нокушавала
да успоетави буржоаски парламент
и учини крај совјетима: у anгусту
1917 године за време ~Иредпарламента“,
пре пего што су бољшевици
освојили власт, и у јануару 1918
г., за време ~Уставотпорне скупштине“
пошто је пролетаријат освојио
власт, и оба пута је претрпела пораз.
Зашто? Зато што је буржоазија
политичкп већ била изолнрана, што су
милпонске масе трудбенпка сматрале
пролетаријат једпним вођом револуци.
је, а масе су већ биле провериле и
испробале совјете као своју радничку
власт; заменити ту власт буржоаским
парламептом било би за пролетаријат
самоубиство. Зато није чудо што буржоаски
парламентаризам нијс ухватио
корена код иас. Ето зашто је револуција
донелв у Русији до власти проле
таријата-То су резултати спровођеша
у живот Лењиновог система хегемони.
је пролетаријата у револуцији.
Пето, нвционадно колониј‘ално питаше.
Маркс и Енгелс, аиа нзирајући
у cnoje време догађаје у Ирској, у
Индији, у Киии, у земљама средше

Европе, у Пољској, у Мађарекој,
дади су основне, полазне идеје у национално
колонијалном нитаљу. Лсшин
се у својим радовима базпрао на тим
идејама- Ново код Лешина у овој области
састоји се у томе што је ои:
а) спојио тс идеје у складан систем
схватања о национално-колонијалним
револуцијама у епоси империјолизма;
б) што је повсзао нацноиално-колонијалио
питање с питањем обарања имиеријализма;
в) што је нациопално-колошпално
питање прогласио саставиим
делом општег пптања међупародпе
пролстерске револуцпје,
Најзад питање партпје пролетаријата.
Маркс и Енгелс дали су основпу
скицу партије, као водећсг одреда
пролетаријата, без које (без партије)
пролстаријат не може извојевати своје
ослобођење ни у погледу освајања вла.
сти, ни у смислу преуређења капиталистичког
друштва. Ново код Лењииа
у овој области састоји се у томе што
је он даље разпио ту скицу у складу
с новим условпма боцбс пролеташпата
у периоду имиеријализма, показавгаи:
а) да је ппртија пиши облик класне
оргаиизације пролетарпјата у поређсњу
с другим облицпма оргаиизације
пролетаријата (сиидикатп. кооперација,
државпа оргапизација), чији
је рад позвапа да уопштава и усмерава;
б) да се днктатура пролотаријата
може остваритн само преко партије,
преко њепе снаге усмеравањања
в) да диктатура пролетаријата
може бити потпуна само
у случају ако њом руководи једна
п&ртија, паргија комуписта, која не
дели нити треба да дели руководство
са осталим иартнјама; г) да се без
гвоздене диециплиие у партпјп не могу
остгарити аадаци ликтатуре пролетарнјпта
па угушпвап.у сксплоататора
и преурсђењу класиог друштва у социјалисхичко
дцушхво.

То је у основи оно ново што je Лељин
дао у својим радовима, конвретизујући
и даље развијајући Марксово
учење у складу с новим усдовима борбе
пролетаријата у периоду имлеријализма.
Зато се код нас и каЈке да лењиинзам
јесте марцсизам епохе имиеријадизма
и пролетерскнх револуција.
Из тота се види да се лењинизам не
може одвајати од марксизма, а још
маше супротстављати маркснзму,
У питању делегације речено је даље:
~Да ли би било правнлно рећи да је
Лељпн веровао у ~етваралачку реводуцију”,
док је Маркс био више скдон
да очскује кулминациони развитак економскнх
снага?’’ Мислим да би било
погпуно неправилно то рећи. Мисдно,
о таквим ~устанцима’’, већ о ма.
лим да јс свака народна реводуција,
ако је она занста народна револуција,
рсволуција стваралачка, јер руши ста.
ри и ствара, гради нов снстем. Разуме
се, не може биги ничег ства!>алачког
у опаквим, с допуштењем да казкем,
„револуцијама ’ какве се понекад дентавају,
рецпмо, у Албаиији, у обдику
снћушних „устапака’’ једних племена
прогив других. Али марксисти такве
спћушне *,,устанке ’ никад нису сматрали
револуцијама. Не ради се, очигле.
дно, о таквим „уст&нцима 14 , већ о масовној
народној рсволуцпји, која диже
угњетене класе против класа угљетача.
А таква револуција, мора бити
стпар&лачка. Маркс и Енгелс били су
управо за такву револуцију, и само за
такву. При томе је разумљиво да таква
револуција не може настати под
свим условима да се она може одиграти
само под одређешш повољним у.
словима екопомског и политичког карактера.
„Питања лењинизма’’
стр. 169-173, изд. X,

Досада се у радне бригаде уписало
11092 студента

Народна студентска омладина нашег
Универзитета постигла је, за посдедн>их
месец дана, у раду на окупљању
студената у радне бригаде знатан успех.
Број пријављених повећао се од
9711 на 11092.

То покааује да је интерес за упис у
радне бригаде евв већн, да је наша
студентска омладина правилно схвати.
ла свој опште народни задатак и да је
спремна да пође на акције у борбу за
остварење Плана, за испуњење својих
обавеза.

Бригадне вести

БРИГАДА „ИВО—ЛОЛА РИБАР“
ПРЕБАЦИЛА ЈЕ НОРМУ ЗА 307»/»
Бригада „Иво —Лола Рибар", састављена
од елентротехиичара нрве и друre
године, радила је на Звездари. 175
градитеља прекопало је 10.050 ква.
дратних метара, док је по норми требало
да прекопа 2550 квадратних метара.
Тиме је норма пребачена за 307
no сто.
Студенти агрономиЈе друге године,
са које се пријавило у радну бригаду
92 по сто, радиди су за последњих десет
дана на пошумљавању Звездаре.
На раду је учествовало 267 бригадира,
дато је 534 радна часа. За то време
изриљано је, уситњено и очишћено од
пиревине 17.258 квадратних метара

земљишта а засејано 8.057 бороаа, јасеlм»ва
и храстона.
Радна бригада студената Државног
института за фискултуру имада је
евоју прву радиу акцију. Сто осамнаест
градитеља је радило на чишћењу џ
прекопавању земљишта на Звездари.
И поред великог блата које је онемогућавало
рад, бригада је постигла видне
резултате. За два и по радна часа
прва и друга чета су очистиле и npoкопале
1.560 квадратних мстара земљишта
и извадиле укупно 239 пањева.
Ударници са Пруге и из ранијих акција
давали су темпо и живост раду,
а самодисциплина чланова бригаде
омогућила Је да се извриж добра организација
посла.

Из планова наших факултета
МУЗИЧКЕ ВЕЧЕРИ НА ТЕХНИЧКОМ
ФАКУЛТЕТУ

Културно —уметничк.o друштво Техничког
факултета предвидело је у свом
плану неколнко музичких и рвцитаторских
вечери. На н>има he студенти
имати прилике да ее упознају са иајбољим
делнма страних и наших композитора,
са нашим народним песмама
и фолклорон, као и еа песмаиа наше
савремене књижевноети.
Музичко вече одржаво 14 априла
посвећено је опери. Дати су одломци
са пдоча руских, тадијанских, француских
и немачких опера. У коментарина
је подвучена историјска улога и
»начај опере,
Музичка и рецитаторска секција
припрема за 22 април вече борбених
песама и мелодија, посвећено Радовапу
Зоговићу. Двадесет деветог априла
музичка секција ће дати вече југословенских
компознтора.
РАД ДЕБАТНИХ КЛУБОВА НА ГРУПАМА
ФИЛОЗОФСКОГ И ПРИРОДНОМАТЕМАТИЧКОГ
ФАКУЛТЕТА
У својим плановима дебатни кдубови
група Филозофског и Природно математичког
факудтета предвидели
су предаваља која одгаварају струч.
ности група, тредаваша за која ee
студенти највише интересују. Дебатни
клуб хемиске и физичко —хемискв
групе показао је пајвише иницијативе.
Он је одмах по свом формирању обрадио
тему „Материја и енергија“ за коју
су се студеити и раније интереоовалп
и о том ггитаљу у маљим групама
дискутовали. Предапаљв је окупило
велики број студената. Због интересовања
за ову тему дискусија
ће се наставити на следећем састанку
дебатног жлуба.
Третираље питаља ко]а траже сами
студеити довело је рад групе до пуног
успсха- Овакве планове донеле су и
групе Филозофског факултета: reipMan.
ска-о савременој америчкој кшижевиости,
славистпчке групе-о језику,
љеговом ствараљу п развитку; « Бјељипском.
♦
ИЗИШАО ЈЕ ИЗ ШТАМПЕ ПРВИ
БРОЈ »НОВОГ СТУДЕНТА«
Тоиом априла почео је да изпази
лист »Новм студент«, оргаш
Народне студснтске омладине сарајевских
факултета и високих
школа.
ПоЈава овог лмста претставља
значајан корак у развитку opraнизације
Народне студентске омладчне
факултета и
високих школа.

Смотра културно-уметничких друштава
Београдског универзитета

Смотра факултетских културно-уметничких
друштава и културно-уметничких
секција факултета
(који још нису основали
друштва), одржаће се 24 и
23 априла о. г. Она има двојаки
циљ. Прво, да развије међу
нашим студентима дух такмичен>а
за међуградску смотру,
дух такмичеша у смислу постизања
што бољег квалитета на
градској смотри и престижа међу
факултетским културно-у-метничким
друштвима* Друго,
ова смотра he показати како су
културно-уметничка друштва и
културно - уметничке секције
примили позив на такмичење
Медицинског факултета- Смотра
he пружити највише Moryh-

ности да се оцени рад појсдиних
секција, »ихова масовност
и организациона чврстина.
На смотри he иступити сви
факултети, углавном са хором
и фолклором, а најмасовније
he иступити Технички факултет
(са хором, два фолклора, октстом
и квартетом). Медицински
факултет he наступити са хорк>м
и две фолклорне групс. После
смотре биће проглашено
најбоље културно - уметничко
друштво које ће, у оквиру међуградског
такмичења свих културно
- уметничких друштава,
репрезентовати Београдски универзитет
на смотри културно-уметничких
друштава у октобру
месецу.

или-ц)илм приводи краЈу снимање документарног
филма „Универзитет", првога филма који говори о животу
и раду студената Београдског универзитета. Упоредо
са данашњим животом и радом студената, филм приказује
и предратни живот студената, њихову борбу
против ненародних режима за аутономију универзитета,
слободу науке, за политичке и економске слободе.
Г орња слика приказује студента Академије ликовних
уметности на раду у атељеу.

Поиводи се коају снимање
филма „ Унивеозитет “

БРОЈ 11

НАРОДНИ СТУДЕНТ

3

ФАКУЛТЕТ
Број
чланова
НСО-а
Bpoj
уписавих
У радне
бригаде
Проценат
уписаних
Држ. инст. за фискултуру
169
169
100%
Драмски студио
29
27
93,1%
Пол.опривредно-шумарски
1.878
1.665
88,6%
Ветеринарски
1.227
920
74,9%
Медицински
3.1«9
2 490
73,4%
Акад. ликовних уметности
158
110
69,4%
Технички
4.460
3.047
68.3%
Правни
460
288
62.6%
Фармацеутски
659
388
58.8%
Економски
1.387
716
51,6%
Виша педагошка школа
325
153
47,07%
Прир.-матем. и филозофски
2.597
1,039
40%
Музичка академија
212
80
37,7%
СВЕГА
16.950
11.092
65,4%ФИСКУЛТУРА И СПОРТ

Завршен Je Други конгрес Фискултурног
савеза Југославије

Ових дана одржан је Други
конгрес Фискултурног савеза
Југославије чије је одржавање
условио сам развој фискултурног
покрета и задаци које Фискултурном
савезу Југославије
поставља општа борба наших
народа за победу у Петогодишн>ем
плану и за изградњу социјализма
у нашој земљи.
Конгрес, коме су присуствовали
делегати народних република
и делегати балканскосредњоевропских
држава, усвојио
је предлоге о оснивању
спортских савеза, о издвајању
„Народне технике” и шаховске
организације од Фискултурног
савеза Југославије. Шаховска
организација показала је активност
и постигла велике успехе
који јој стварају могућност за
самостално развијање. Конгрес
је такође усвојио предлог о
оснивању једне чврсте организације
планинара и алпиниста
која he моћи по свом програму
да развије такав планинарски
покрет какав данас треба нашим
народима.
После дводневног заседања
Конгрес је изабрао ново Претседништво
Централног одбора
Фискултурног савеза Југославије,
на челу са Владимиром
Дедијером и донео следеће закључке:
Прво, радити на даљем омасовљењу
фискултурног покрета
у оном темпу и опсегу који одговара
степену општег развитка
земље. Приликом омасовљења

фискултуре водиће се рачуна да
се она рашири нарочито међу
сељачком и радничком омладином.
Друго, водећи упорну борбу
за што масовнију фискултуру
код нас, не треба заборавити и
потребу квалитетног уздизања
појединих спортских грана.
Треће, потребно је посветити
највећу бригу проблему изградње
моралног лика нашег фискултурника.
Кроз Народно-о-слободилачку
борбу и кроз велике
битке Петогодишњег плана
изграђивао се и изграђује
лик новог човека који је поносан
на велике дане у којима
живимо.
Четврто, Фискултурни савез
Југославије најсрдачније поздравља
организовање балканско-средњоевропских
игара. Земље
народних демократија
створиле су услове за братске
и мирољубиве међусобне односе
и због тога је било могућно
данас остварити сарадњу на
фискултурном пољу у пуном
обиму.
Закључци ко]’е Је донео Други
конгрес Фискултурног савеза
Југославије уједно су и задаци
Народне студентске омладине.
Зато већ сада приђимо
шиховом решавашу и учинимо
да шихово спровођеше буде нови
корак у даљем развијању
фискултуре на Београдском универзитету
и нова мобилизација
за извршење задатака Петогодишшег
плана.

Ове недеље

ЧЕТВРТО КОЛО
ФУТ Б А Л
Игралиште „Студента“ 24 о. м.
13.30 ч.: Технички —Правни
15 ч.: Економски Филозофски
Игралиште „Ваздухопловства
Земун
15 ч.: Пољопривредно-шумарски
ВПШ
25 априла игралиште „Студента
8.30 ДИФ » Медицински
10.15 Дом војних студенатаФармацеутски
РЕЗУЛТАТИ СА ПРВЕНСТВА УНИВЕРЗИТЕТА
Ш А X
ПоЈединачно такмичење
После IV кола стање на финалном
турннру je следеће; Панти-К
3 бода, (и једна недовршена), Ву
јошевиК 3, ЗафировиК 3, СавчиК
2Уз Р. РадиК 2, Бата 2 итд.
Екигтно првенство
Стање после VI кола је слздеКе:
Технички 46V2 бодова, Економски
37, Филозофски 37, Медицински
364% Ветеринарски 32 1 /з,
Дом војних студената 31 ,V* ( бод
итд.
ФУТ Б А Л
11l коло
Економски Виша педагошка
школа 3:0
ВетеринарскиI—Медицински 1 —Медицински 2:0
Дом војних студената Државни
институт за фискултуру 2:1
Правни Пољопривредно - шумарски
2:1

НА КРОСУ ЈЕ УЧЕСТВОВАЛО ОКО
3000 ЧЛАНОВА НАШЕГ ДРУШТВА

Студентп Београд<жог
универзитета
одржали су у недељу
свој крос, који је
внше од свих досадашњих
манифеста.
ција показао спортсш
и такмичарскд
карактер. Разумљим
да овакав успех
долази као резултат
систематских прмпрема
већине напгих
огранака, воји су
овогодишњи крос
схватили много оз.
биљније. То се одравидо
и у томе што је
90°/о студената трчало
у спортској
спреми, што није
било падања у несвост,
већег одуста.
јања и т. сл.
Резултати постигнути
на кросу, гово.
pe о новим успесима
наших актнвних
фискултурника, како
детп)ралних севција
тако и огранака.
Што су такмичари
активни фискулгуриици
са Медицинског факултега заузели у
трци на 2000 метара 10 првих места,
што је Иванка Илић прва студенткиња
носилац златне зиачке фискултур.
ника и овог пута стигла прва у трци
на 1000 метара, није случајно. Њихови
успеси и успеси великог броја такмичара,
резултат су марљивог и ве
довног рада на тречинзима, па часо.
ВИ ма оппггег физичког образовања.
Такмичење се одвијало по плану
Све је на време бнло спремљено, ста

зе обележене, контролори на својим
местима, старт н циљ протшсно уређенп.
Руководство кроса одговорило је
свом задатку. Крос је, и поред неких
педостатака (недовољног броја учеспика)
успео. То је била још једна ма.
нпфестација која је допринела да се
открију многи таленти, да наш фискудтурни
покрет буде појачан стотинама
нових фискултурника.
Овако добри резултати траже да се
наши фискултурни огранци после кро-

са још више ангажују, да активизира.
ју све учеснике вроса тј. да не дозводе
да, по завршетку кроса, престане
њихова фискудтурна делатност.
Фискултурни огранци и наше централне
секције не би смели дозволити
да имена победника са кроса падну и
овога пута у заборав као што се то
обичво досада дешавало. Њихове способности
треба искористити, узеги их
за руков:диоце група, који ће своје зна.
ње, "искуство и умешност правилно
уметн да пренесу и на друге фискултурнике.
ТЕХНИЧКИ РЕЗУЛТАТИ СА КРОСА
Набоље резултате постигли су:
Пандуровић Томислав, лакоатлетска
секција, Грип Јекатерина,
ст. ДИФ-а, Поповић Н„ ст. медицине,
Шкркар Мирко, ст. медмцине,
Кушец Јерка, ст. медицине,
Стојаковић Драшко, ст. техн,ике,
Чахуб Казило, ст. технике, Лаловић
Алекоандар, ст. економије,
Мартиновић Деса-нка, ст. ВПШ,
Тодоровић Максим, ст. природноматематичког
факултета, ААаксимовић
Милорад, ст. ветерине.
Пол.опривредио-шумарски факуптет:
Воргуца Здравко, Мрђан Стојади’н,
Јешић Драгољуб, Бранковић
Никола, Секулић Бранислав, Ердел»ан
Витомир и Брљафа Наталија.
ПОВОДОМ ИЗБОРА У ИТАЛИЈИ
OЛИЧЕЊЕ „ДЕМОКРАТИЈЕ"

Прсдизборна кампања у Ита- i
лији и начин спровођења избо- ]
ра претстављају достојан обра- ,
зац примене волтстритске демо- 1
кратије, њиховог схватања о ,
националној независности и немешању
у унутрање ствари
страних земаља. Амерички монополисти
директно заинтересовани
за резултате избора уложили
су своје снаге да онемогуће
право изражаја народне
воље. Претњама глади и атомским
бомбама, „пријатељским
посетама ратних бродова и крстарица
италијанским лукама“,
пошиљкама оружја реакционарним
снагама Италије, америчка
„демократија" показала је да је
усвојила испробане фашистичке
методе „демократског“ утицања
на масе. Амерички амбасадор
у Италији за време предизборне
кампање иступио је у
„часној улози“ изборног кортеша
де Гасперијеве хришћанско
демократске странке, а господин
Труман говорио је о догађајима
у Италији као о унутрашњој
ствари САД. Звецкање оружјем
и претња услед отказивања
америчке „помоћи“ употпуниле
су велике суме долара
дате за финансирање изборне
агитације демохрашћанских
лакеја америчког империјализма.
Погпомогнути од америчких
империјалиста демократи типа
де Гасперија, Сарагате и Шелбе
извршили су све потребне припреме
да се спасу од пораза на
изборима. Појачан је састав полиције
и војних одреда поверљивим,
фашистичким елементима.
Организовани су специјални
одреди полиције за брзо
пребацивање и интервенцију на
угроженим местима, У предизборним
говорима руководиоци
хришћанско-демократског блока
више пута су изјављивали да
he без обзира на изборни резултат,
власт остати у њиховим рукама,
чиме су доказали своју
„демократичност“ и „поштовање“
народне воље. Уочи избора
појачана су хапшења припадника
Демократског фронта, а у
више места полиција је митраљеским
рафалима „поздрављала“
зборове Демократског фронта.
У предизборној кампањи у Италији
почасно место припада
католичкој цркви. Као крупни
поседник, Ватикан је и материјално
заинтересован за одржање
реакционарних снага на
власти, услед чега је у предизборној
кампањи мобилисао сав
свој апарата на челу са „светим
оцем“. „Немешање“ цркве у
световне ствари оличено је у
пуној сарадњи Ватикана са демо-хришћанима,
чију су партију
прогласили за партију „господа
Исуса нашега“. „Хришћан’
ска трпељивост“ Ватикана нашла
је добар израз у претњама
' верницима који гласају за Де‘
I мократски фронт, у бацању „а-ј
натеме“ на све противнике де
’ Гасперија.
r
Широка примена фашистич,
ких метода у предизоорној кам,
пањи није била довољна да де-
мохришћане сбезбеди од пора-
за. Зато се и на самим изборима
приступило мерама подлог фал■
сификовања и грубог извртања
изборног закоиа. По градовима
- и селима читаве Италије појаs
вили су се фалсификовани гла•
сачки листићи, унапред попу*
њени у корист демохришћана.
Још у току избора уочен је низ
превара, случајева принудног
гласања, ширења панике, давања
нетачних обавештења о процедури
избора и гласања појединих
ллца више пута, у чему
су предњачили попови и „часне
сестре“.
Империјалистичке махинације
отежале су право изражавање
народне воље на изборима. И

поред тога, предизборна кампања
и избори у Италији, показали
су снагу Демократског фронта.
На предизборним зборовима
Демократског фронта, којима је
присуствовао, упркос терора де
Гасперија, већи број бирача него
на зборовима демохришћана,
манифестовала се јачина фронта.
Зато без обзира на изборни
резултат Демократски фронт
Италије претставља организацију,
која је око себе окупила
радни народ Италије у борби за
националну независност, хлеб и
слободу и са којом империјалисти
морају рачунати приликом
спровођења својих планова.
У предизборној борби Демократски
народни фронт Италијв
још више је очврснуо своје редове
и стекао нова борбена искуства.
Иако резултати избора
још нису познати, већ сада може
се рећи да је Демократски
народни фронт, упркос превара
и провокација, потврдио своју
снагу на изборима и показао се
као једина организација у Италији
која стоји на бранику националних
интереса своје земље.
ОМЛАДИНА ПОЉСКЕ УЧЕСТВОВАЋЕ
У РАДНИМ АКЦИЈАМА
ЗЕМАЉА НАРОДНЕ ДЕМОКРАТИЈЕ
У Пољској се врше припреме
за размену омладинских радних
бригада са Југославијом, Чехословачком,
Бугарском, Мађарском,
Албанијом и Румунијом, које
у току овог лета учествован
ти у радовима на обнови и изградњи.
Бригаде -he бити састављене
од по 100 омладинаца и
омладинки, чланова омладинских
организација Службз Пољској,
Савеза борбе младих и других
демок)ратских омладинских opraiнизација,
затим синдиката и студентске
омладине.

ШЕСТ ХИЉАДА СТУДЕНАТА
СЕВЕРНЕ КИНЕ
СТУПИЛО У ШТРАЈК

Лист „Такунг пао“ пише да
су полициске власти у граду
• Ценду ухапсиле 130 студената.
1 Многе ухапшене су тукли док
1 су 32 студента предата војном
’ суду. Студенти Универзитета
Сичуан одлучили су да објаве
1 протестни штрајк против полиj
циских зверстава и траже да се
и ослободе ухапшена лица. Лист
j „Либас“ пише да је 100 студоi
ната објавило штрајк глађу у
- знак протеста, због одбијања
- Министарства просвете да удо■
вољи шиховом тражешу помоћи.
Истовремено је у Пекингу к
а на универзитетима Северне Ки_
не 6.000 студената ступило у
- штрајк у знак протеста против
е напада полициских власти иа
Универзитет у Пекингу.

ПРИРЕДБА СТУДЕНАТА ВЕТЕРИНЕ
СТУДЕНТИМА СОФИСКОГ
ВЕТЕРИНАРСКОГ ФАКУЛТЕТА

а У недељу 18 овог месеца стуа
денти ветергуне одржали су свеча“
ну приредбу посве+lену пријатељ-
ској посети бугарскнх студената
- софиског Ветеринарског факул1’
тета. После поздравне речИ претседника
Народне студентске о_
младине Ветеринарског факулте-
та друга Велимира Олушког, који
~ истакао зачај братске посете бугарских
студената, изведен је уметнички
програм у коме су, тое
пло поздрављени од наших стуе
дената, учествовали и гости са
'А неколико својих тачака.

4

— u R м ит п|увић ступент ппава Уредништво и адиинистрација: Београд, Булевар IЈрве н е армиј е бр. 73 Технички фамуштет, телефон
Одпсдаорни уредаик. Влада 4eK h OBHO V paxiyKa i_^6o o l4 - Штампарија „Омладина” - Београд, Војаоде Мишића улица opoj 19

НАРОДНИ СТУДЕНТ

ОБАВЕШТЕЊЕ
Обавештавају се руководиоди
дописничких мрежа да ће
:е у суботу, 24 о. м. одржати у
фосторијама редакције састанак
руководилаца догжсничких
мрежа факултета.

БРОЈ Н
  </body>
 </text>
</TEI>