<TEI version="3.3.0" xmlns="http://www.tei-c.org/ns/1.0">
 <teiHeader>
  <fileDesc>
   <titleStmt>
    <title>The shortest TEI Document Imaginable</title>
   </titleStmt>
   <publicationStmt>
    <p>First published as part of TEI P2, this is the P5
         version using a namespace.</p>
   </publicationStmt>
   <sourceDesc>
    <p>No source: this is an original work.</p>
   </sourceDesc>
  </fileDesc>
 </teiHeader>
 <text>
  <body>
   <p>This is about the shortest TEI document imaginable.</p>
  </body>
 </text>
  <text>
  <body>
ПЛЕНУМ ЗЕМАЉСКОГ ВЕЂА НАРОДНЕ ОМЛАДИНЕ СРБИЈЕ
Омладина ће у овој години посветити
нарочиту пажњу унапређењу
пољопривреде и задругарства

У суботу 10 овог месеца одржан је VII пленум Земаљског
eeha Народне омладине Пленуму су
присуствовали: делегати среских и градских одбора Народне
омладине из целе Cpšiuje, Милијан Неоричић, претседник
Централног eeha Народне омладине Југославије,
Радисав министар пољопривреде Народне
републике Србије и Љубинка Милосављевић, члан Извршног
одбора Народног фронта Србије . Од стране Универзитетског
одбора Народне студентске омладине Пленуму
је присуствовао друг Фазлија Пирић-

Састанак је отворио Свешслав
Поповић, секзрстар Земаљсмог
већа, а затим jie Раденко
Бр)оћић, претседии-к Земаљског
сећа Нарсцдне омладине Србије
поднео реферат о задацима омладине
Ср&ије у в-ези са Други-м
lootHirpeooM Народаог ф-ронта Ср_
бије.
У obickm рефер-ату Радвимо Броћић
jie наглаоио вели/ке успехе,
Kojie јге омладин-а Орбије постигла
у прошлlo(ј годи-ни. Нарнзчито
велики доприжос дала je омладииа
Србије у изнршењу проивводииис
зашатака у нашим фабрииlкамlа
и предузећима. у прошлој
подини је око 4.5000 омладинаца
проглашегао за удариике.
Двсетине хиљада смладинаца у_
кључило се -ирошле годиие у приврешЈу.
Наролна омл-адиlНа Србије
послала је и велими број -омладинаца
на стручне курсеве, на
којима се оии спремају за добре
и ква.тифи!Кlснанlе радрике.
Сеоска омладана постигла ,ie
у про-шлој г-одиоти таиоо-ђе зиачајие
р-еаултате. На великим омлад'Иlнским
рајдним акцијама
сеоска о-младана је стекла искуства
за даљи рад. Добар део
сеоске омлади-не укључко се после
радних акција у нашу иидустриуу.
Ист.о тако велики допри.
нос у ивградњи земље дала је
оеоска омладина у извршазању
планова Ндродног фронта. Но и
поред великих успеха било ,е
и доста недостатака и пропуста,
»ај|и ое морају отклон-ити да би
сви задаци, који се данас постаlВ-љај|у
гпреи Србије
били .усгаешно идаршен-и.
У даљем излагању Раденко
Броћић се осврнуо на задатке
који очекују оиладину Србије у
овој години. Он је нагласио да
је један од најважнијих задатака
оеоске омладине да ради на развијању
и унапређењу задругарства
на селу. Ту омладинске
срганизације могу да пруже ве.
лику помоћ Народном фронту.
Омладина треба да ради на организовању
разних задруж , Н|И-х
радионица, на унапређењу пољопривреде
и примењивању разних
агротехничких мера у обради
земље итд. У вези с овим за_
датком при Земаљском већу
формираће се одељење за задругарство,
које ће организацијама
на терену пружати помоћ
и сlртгlнизовати размену искустава.
Омладина Србије прихватила
је позив Народног фронта
да учествуЈе у изградњи задружних
домова. Припремајући се
за извршење овог великог радног
задатка омладина СрбиЈе

формирала је досад могобројне
радие јединице у кодима је обухваћена
готово сва омладина
коЈа се налази у организациЈи.
Ммоге оиладипске радне јединице
већ су отпочеле са припремним
радовима. Тако су се
досад истажле омладинске оргакизације
срезова Рамског, Морааског,
Жутгсксг итд. Поред учешћа
у овој великој радној акци|Јlи
омладина СрбиЈе даће и на
великим савезним и републиканским
акцијама 64.500 амладинаца
в омладинки.
Завршавајући св-oj реферат,
Раденко Броћић је истакао да у
овом тромесечју омладину СрбиЈе
очекује велики број задатака.
Због тога трсба отклокити
све досадашње пропусте и недо.
статке. Поред тога омладинске
организације греба да посвете
и већу пажњу учеиицима у привреди
и да у школама поводу
одлучну борбу за бољи успех
у учењу како би у потпуности
изсршиле све задатке које Је
пргд њих поставио Други конi
рес Народног фронта Срби Је.
После р-еферата Раденка Бр-о-ћића
узео је у реч
мишlистар пољоп-Р'ИlР'реде вотаае
На(родне Ретт-ублике Србеде Радисав
Не|Д|ељковlић, кој-и ,ј-е псиор-иlо
о улози сеоске смладине у
раду на ундаређетву пољопр-иврете.
Коlм , г)Н|дант Глвоиог штаба омладиlн-ских
радних бригата на
■пр'у|зи Кучев« Б-родпца, Ббра
Димlиђ и!Стап<ао је да је омладииа
од 4 апр-ила д« данас умеото
2.300 ki б-ика земље, ко
л!ик,о је билп предвкђено, kckioпала
на траси пруге 6.700 мубика.
У на)ставку рсша пленума, члан
Семретаријата Земаљског већа
Добри-ца Ћосић поднео је реферат:
Задаци адеј|кlo-полнтиlчкоlг
и ку лтурlНlо - проов-етгног рада у
На-р-орноу о-млааиии.
У почетку свога рефарата Ћосић
је подвукао да Је Петогодишњи
план открио велике могућности
у васпитавању омлад/ине.
Борећи се з|а остварење
социЈапизма у нашој земљи о.
младина Је своЈ лик
повим особинама. Те особине су
нови патриотизам коЈи се изражава
у безграничноЈ љубави пре.
ма држави, њеној незг висности,

слободи и напрегку и но® однос
према раду. Ове то сведочи о
огромној попитичкој свесги наше
омладиве. Међутим, у прошлој
годјиии било је недостатака
у идејно.поли т ичком раду међу
омладином. Рад на идеолошкополитичком
васпитању омладине
изостајао је за општим развитком
омладннске организације.
Оонову ншеолсшко.политичког
рада чланова Народне омладине
треба да чини маркоистичко-лењинистичка
наука. У ту сврху
потребио Је да сваки члан користи
теоретске радове наших
државних руксводилаца маршала
Тита, Кардеља, Ђиласа, и др.
Добар рад дебатних клубова 6и
ту улогу најбоље одиграо као
и индивидуални рад на теоретском
уздизању. Дужност је оиладинских
организација да код
свој|их чланова развијају љубав
према нашоЈ књижевности, музици,
уопште, према нашој културној
прсшлости. Да развијају
особине као што су здрава критика
и самсlкритика, искреност,
патрlИОтизам и друге врлине.

Студенти архитектуре пројекту
плановe за здружене домове

На иницијативу актива Народне студентске омладине
архитектокског отсека и професора Лека и Дерока, студенти
Tpelie и четврте године узели су обавезу за израду
пројеката задружних домова. Г рупа четврте године, која
броји тридесетпет студената, учествује с то по сто у извршењу
овог задаткаУ
раду на изградњи пројеката за задружне домове,
студенти не заборавл>ају да је у неким народним републикама
eeh тгочела изградња. Зато су израду својих npojeката
везали за рок 20 април .
Студенти раде пројекте основних типова, наших задружних
домова, који предвиђају магаиине за алат, ортаве
за намирлице, прсдавнице, једну салу за културно-просветне
потребе итд. Те просторије служиће економским и
културним потребама села, његовом дал>ем развијању и
јачању.
Пројектантски завод Србије узимаке и користике npoјекте
које раде студенти архитектуре. Овакав став показује
нови однос наших руководстава према студемтима,
однос који се одржава у омогућавању студентима да још
за време студирања учествују свој-им стручним знањем у
изградњи земље.

Пројекат друга Слсбодана Ком адине, ст. арх. треће године

БРИГАДИРИ ПРЕД ПРОБЛЕМОМ УЧЕЊА

Однос према учењу
је за нас мерило
родољуба

У читавој досадашљој агитацији
ок.o формираља, организоваља и учвршћивања
радних бригада, агитација
је примила једностран карактер
управл.еп на мобилизацију за радне
акције, на упис у радне бригаде. И
овога пута поновила се стара грешва
неких наших организација, видљива
нарочито онда вада се на плану општих,
сваводневних задатака појави један
нови, актуелнији, грешка воја се
испољила у необједпњавању задатака,
у вонцентрисаљу и управљаљу
делатности наших организација на из.
вршење тог новог задатка. Упис у
бригаде одвратио је пажњу организације
од основног задатка Народне студентске
омладине-учења, Учењу
иашем првом посебно студентском за.
датку обраћено је у последње време
мало пажње, оно вао да је отишло
у други план, није више важно. Кроз
агитацију се није осетила узајамна
органсва повезаност ова два задатка;
изградње земље и учења, произидажење
једног из другог, њихова међусобна
условљеиост.
То је проблем воме треб-а приступити
озбиљно, тим пре што су се већ
појавиле извесне нездраве појаве, воје
су свакаво последица иеразумевања
и несхватања баш тог односа;
обнове земље и учења, произишлог из
површног и немарног става неких на.
ших организалднја према овом питању.
Карактернстичан је случај на Природно-математнчком
факултету где су
извесни студенти сасвим самовољио
поправљалш ст|)учие листе, бришући
из њих поједине предмете на које су

ce раинје обавезали! Треба такви«
студентима указатн да је њихов схав
непракилан. Ствар је органпзацијв
Народне стурдентсве омладине Прирон
дно-математичвог факултета да остану
при датим обакезама, да им пружн
пемоћ да дате обавезе испуне.
„Треба извући поуке из прошле го*
дине, к.ада су организације Народнц
омладине изгубиле из вида свој најч
главнији задатак учење и да на
том питању јачају и развијају органнзацију
Народне омладине. Ради тога
групе и актнви Народне омладинв
треба редовно да третирају питањв
учења иа својнм састанцима и да бољом
организацијом рада нађу времена
за учење.” (Из закључака Ш црадске
конференције Народне омладине Београда).
Трећа градска конференција Народне
омладине Београда, у својим одлувама,
јасно је одредила задатке и
Народне студентсве омладине. Спро.
вођење у живот ових одлува. њихово
разрађивање на акгивима и групама,
усмеравање, каналисање, одвијање читавог
рада у смислу тих одлува, умно.
гоме ће допрннети уклањању замрлости,
неактивности, која је на питању
тог нашег основпог задатка обузела
неке наше организацијв.
У том смисду нашим организаци)]ама
ће умногомс помећи тромесечни
планови. Свакодневном контролом остварења
тромесечних планова, брзим
реаговањем на пропусте воји ометају
њихову реализацију, наше организацпје
ће омогућпти студентима да
иајпећи део свог времена посгете уче.
њу, да ниједан тренутак времена не
буде непотребно изгубљен.
Хнљаде заостал;их испита доводе у
питање част нагаих прослављених, виme
пута ударпих бригада. Наши бригадири
треба да прпђу учењу као што
су прилазили кубицима, са истим одушевљењем,
одговорношћу и свешћу
о величпни задатва који обављају, вористећи
притом све форме стручног
рада семикаре, коисултације итд.
који ће им помоћи прн савлађивању
градипа.
Али одређивање и спровођење агитацњје
на пнтању учења није и ие
молсе бити само ствар стручних одбора
и брпгадних руководстава- Свест о
велпчини овог задатка треба да прожме
сва*лг брпгадира.
Само тада ће Народна студентска
омггдчна показати своју повезаност,
у решавању општеиароднпх з-адатака,
са сељачком омладином која је у ггрвој
скени отпочела радове на миогобројпнч
радплпштима у иашој земљи
имајући за собом окончан и довршен
свој основпи задатак: обављену планску
сетву; са радничвом омладином
која полазећи на радне акције оставља
за тренутак своје радионице и фабрике,
са пребаченим нормама и планом.
Пптање испуњења обавеза је ствар
Плаиа, пнтање напрства наше земље.
Неиспуњење обавеза од стране студената
не указује на њих као на лоше
студенте већ баца светло и на њихов
однос према својој организацији, и
на њихов патриотизам у садашњевс
т епухву, јер они који не испуне своје
обавезе у учењу доводе у питање
своје учешће на радним акцијама.
М. В.

ЦЕНА2ДИН. И CMPf ФАШИЗМУ -СЛОБОДА НАРОДУЈ
ОРГАН НАРОДНЕ СТУ ДЕНТСКЕ ОМЛА ДИКЕ шЏЈиИИИМшГЉШЖшЈш MSS
6i r:r i,r пш :::т %/ФИчЧ*******
БЕОГРАД, 14 АПРИЛ 1948

ОСНОВУ ИДЕОЛОШКО-ПОЛИ.
ТИЧКОГ РАДА ЧЛАНОВА НАГОДНЕ
ОМЛАДИНЕ ТРЕБА ДА
ЧИНИ МАРКСИСТИЧКО - ЛЕЊИНИСТИЧКА
НАУКАКако се спремамо
за јунске испите

Непосећивање предавања доводи
у питање успех у јунском року

Само 12 по сто студената
ђруге године архитектонског
отсека Техничког факултета
Долази на предавања из историје
архитектуре која се као један
од главних предмета на
том отсеку слуша три године.
На вежбе и предавања из
геологије, која је један од главних
предмета на рударском отсеку
Техничког факултета, долази
свега 20 по сто од укупног
броја уписаних студената.
Обична је појава да на преДавања
из физике на првој годНнИ
Медицинеког факултета
дође једва око 50 По сто, а на
предавања из биологије 30 по
сто од 970 уписаних студената.
На практичне вежбе из анатомије
не долази ни оволики проценат.
На Економском факултету
на предавања из анализе биланса
или из планирања народне
привреде на трећој години
дође толико студената да за
све нема довољно места, међутим
на пбецавања из привредног
система ФНРЈ или задругарства
долази мали број студената.
И од оних који су присутни
један део не слуша предавања
него само чува место за анализу’’
1 биланса која се иза тога
слуша.

Велики број студената сматра
да је сада пред испите корисније
не долазити на пр£давања
и да he тако лакше и боље
спремити испите и Uctvjhutu обавезе
у јунском испитном
року.
Овакво Схватање дошло је
као последииа поделе предмета
на важне, на мање важне или
чак и неважне, на оне које he
полагати у јуну и оне које ke
полагати касније итд.
Јунски испитни рок је непосредно
пред нама . У том рбку
треба да се положи највећи

број испита и то најтежих . То
наравно nehe бити могуће да се
уради ако te не nocehyjy реДовно
предавања, вежбе и семинари.
Само на предавањима студенти
могу да добију потребну
оријентацију за
студирање материјала, а само
систематски рад може да обеабеди
успех na uchuty •
Непосекивање предавања, hoред
тога што претставља iy6uтак
оријвнтације за јунски рок
претстављО и губитак nepchekтиве
за испите у октобру>

Вежбе us геодезије

СА ПРАВНОГ ФАКУЛТЕТА

Консултације прихваћене нао најпогоднија
форма рада

На Правном факултету консултације
су прихваћене као
најпогоднија форма рада« Међутим
у првом семестру због
тога што су испити „далеко“
консултације су мало коришћене.
Консултације из римског
права посећивало је свега 6 студе
Ната.

У другом семестру учињен је
у том правцу напредак. Консултације
се одржавају редовно
и добро су посећене. Међутим,
сви се студенти не припреMajy
довољно за њих, зато оне
и не показују жељене резултате.
Такав је случај са консултацијама
из народне власти,

где ćaMo неколицина дискутује.
Консултације могу доносити
користи студентима само онда
ако се они претходно за њих
припреме. Тако на пр. консултације
из политичке економије
и теорије државе и права пропраћене
су увек плодном дискусијом
и много користе студентима
у припремашу Испита за
јунски рок.

Студенти прве године дали су
обавезе

Ових дана су студенти прве
године на свим факултетима
дали обавезе. Оне су утолико
значајније, што су то прве обавезе
нових студената на нашем
Универзитету.
Досадашњи резултати показују
да је велики број студената
озбиљно схватио даваше обавеза
и да су дате обавезе реалне.
Тако на пример на Правном
факултету 90 студената,
редовних посетилаца предаван>а,
дало је обавезу да ће положити
300 испита у јуну. Од
н>их се 27 обавезало да у јуну
положе све испите. На Техннчком
факултету најреалније обавезе
су дали студенти геодетског
и технолошког отсека и то
геодетског са обавезом да полажу
80 по сто испита у јуну, а
технолошког 73 по сто. Остали
отсеци су ДалИ нешто мање
обавезе, али свака премашује
60 по сто. Из обавеза студената
прве године Економског факултета
види се да су се сту-

од својих 10 испита, колико
их имају на првој години,
обавезали просечно на 6 7 испита.
Није редак случај да у
једној подгрупи има по неколико
студената који су дали обавезу
да полажу све испите. На
Ветеринарском факултету студенти
прве године имају да полажу
по три испита- Досада се
сваки обавезао просечно на
2 —3 испита.
Из овог прегледа датих обавеза
види се да су студенти npве
године много дубље и реалније
схватили стручни рад него
њихови старији другови у
прошлим годинама • Али не може
се pehu да he план бити испуњен
само давањем обавеза;
он мора бити испуњен радом
који се данас може још више
појачати до јунских испита.

О. Гајић

СА ТЕХНОЛОШКОГ ОТСЕКА

Мех ника још
увек проблем

На другој години технолошког
отсела већи део другова
још није пришао учешу најтежег
предмета механике. До
тога је дошло делом услед сталног
рада у лабораторијуму, делом
услед слабе контроле учен>а.
Да би се омогућило свим
друговима да спреме механику
за јуни, одлучено је на групној
конференцији да се сви који
желе да учествују у колективном
раду групишу око већ постојећих
добрих кружока. Истакнут
је списак пријављених
кружока, и свако има право да
се упише у кружок који изабере.
На тај Ке начин у једној
групи за учеше бити и добрих
и слабих ђака. :

ОДЛАЗАК СТУДЕНАТА НА ПРАКСУ
СТОЈИ УПОРЕДO СА УЧЕШЋЕМ
НА РАДНИМ АКЦИЈАМА

Једва од основних теорнских
поставки и руководећих начела науке
марксизма-лен»ннизма јесте једннство
теоријб и праксе. Оно ј е днјалекгичко,
што значИ да теорија и пракса
тек у међусобном условљавашу и одређивању
дооијају свој пуни смис-ао
и значај, Теоријом на апстрактан,
мисаони начин открнвамо објективну
законитост која влада у природи и
друттву. Кроз праксу-тај ход од апстрактног
ка конкретноЛ, ми прове.
равамо истинитост теорпских поставки
и теорнја постаје снага којом делујемо.
Поред тога што је пракса једшш
истипе, она је истовремено
непресушан извор проблема
и задатака који се постављају теорији
да их реши. Са своје стране теорИја
стално поставља задатке пракси
да оствари, да спроведе у дело уТврђене
истине. У својој повезаности са
праксом теорија нма пзвесну специфИчност,
релатпвно самосталну улОгу
која се не ćMe прОвИдетп или потценити.
По реИима Стаљпна „с#мо
теорија мозке дати покрету поузда.
ност, водилаштво, снагу и разумеваље
унутрашњпх односа међу дОгађајиМа;
она јбдино можс помоћи праксу
да расветдИ процес и смиеао класних
кретања у садашњости и блиској будућности**.
0 јединству, повбзаности ТООрНје
са праксом говоре нам следећи текстови
Маркса и друга Стаљпна. Пстпчући
важност праксе у решавању теориских
противречносТи у филозофиjrt,
тде на Први ћоглед изгледа да п,ракса
не игра никакву улогу, Маркс
каже: „Решење теорнских противречнбсти
мбже се донети једино путем
праксе, практпчном енергијом човеКб,
и зато њихово решење није посао са,.
мог сазпања, већ је стварно жпвотнн
посао који досада филозофија није
могла решити управо зато што је то
сматрала само за теориски посао’’.
Друг Стаљин у делу ~0 дијалектичком
и историском матерпјализму’’ између
осталог даје следећи закључак: „Дакле,
повезаност науке и практичне
делатносТи, ш>везаност теорије и праксе,
њихово јединство, мора Да постане
звезда воднља партпје пролетаријата”.
Пз свега наведеног закључује
се да се мора имати на уму јединство
теорије и праксе како у теориском
правнлном расправљању поједпних
проблема тако исто и у раду, у актнвном
мењању природе и друштва.
У Совјетском Савезу и код нас, и
уопште у земљама народне демократпје,
јединство теорије и праксе добп.
ia нов специфичан облик и значај.
Под битпо измењеним условима друштвеног
живота, усдед промењеног о-

дноса према раду и укндНла екеплоахације
човека човеком, наука и пра*
ктична делаТност добијају нов, правиЛан
смер. Иланска нзградња привреде
у социјалистичком друштву и дру*
штву looje иде ка соција.иизму јесте
између осталог и велико остваривање
јединства теорије и праксе. У план”
ској социјалистичкој изградМ земље
теорија и пракса, наука и практична
дедатност нужно се допувују и дости,
жу свој пуии замах.
Код нас, у доба Петогодишњег
на попезаност науке са практични*
радом noctaje једно од основних руководећих
начела рада уопште. Нарочито
за nftc студенте оно се јавља кљо
један од којп морамо испуиити
да бисмо се оспособили за високо
квалификоване стручњаке. Као што се
наука уопште друштвено-исторнскн
нужпо развнјала и развија у повезивашу
теорпје са праксом, тако и њепо
солпдно уПознавање, пуно овладавање
паучним тековпнама захтева рад на
једпои и другом пољу. Поред тога
nrt-o се праксом проширује знање, o%
такође ту, на свои извору и утоку,
постаје солидније, сигурнпје. Огранпчити
се у току студпја само на учење,
зиачн дозводитн себи по свршеним
студијама известан период дутања
и несигурности у раду, ато се
добрим делом може избећп правсом
у тову студнја. Она је од велике важности
тако да заслужује пуну пажњу
каше оргаипзације и свих студената.
Осим тога кроз праксу студенти се
упознају са нашим прИвредним, стручннм
и полнтичким проблемнма, што
им омогућује да.се одмах по свршетку
студија могу укључпти у иривреду.
Онп се на тај начин непосредно, на
лицу места упозпају са радним еланом
наших радннка, са конкретним
задацима Петогодпшњег плана.
Према свему речепом очигледно је
да по свом значају одлазак на праксу
стоји упоредо са великим омдадинским
радним акцијама ове године. ОдлазаЛ
иа практпчне радове показаће и овом
приликом спремност студентске омладнне
да одговори на постављене задатке,
да се што боље наоружа стручним
знањем у борби за ооцијалистичку
изградшу земље.
М. П.

Бригадне вести

54 СТУДЕНТА ВЕЋ ЈЕ ОТИШЛО
НА РАДНЕ АКЦИЈЕ

Са Економског, Правног,
Филозофског и Природио-математичког
факултета 54 студента
већ је отишло на радне
акције. На изградн»у аутопута
отишао је 21 студент, на
изградњу Новог Београда 19,
у Железник 7 и на изградњу
пруге Кучево —Бродица 7. Ови
студенти биће ангажовани за
рад при главним штабовима
око организације информација,
културно-просветног рада
и сл.
★
Осмог овог месеца бригада
Правног факултета „Ђуро
Стругар’’ изриљавала је земљ«ште
за саднице на Звездари,
За д»а и nio радна сата
147 бригадрра је шрекопало
6038 квадратних метара земљншта.
Према иормн jie требало да
се прериља 2499 квадрагних
Meraipa. Са 6038 м 2 урађеног
земљишта бригада „Ђуро
Сгругар’’ гтребацила је норму
за 140%.
На раду је најбоља била
друпа ’.ета. Истакли ау се

друшви Гав|р!иигавић Михајло,
застав<ник бригаде. Васо Урошев(ић,
Волкlов Иван « Плазинић
Миодраг.
У. Р.
★
По гтовратку са прамсе студенти
anpoHOMHjte треће и че_
тврте годиие формирали су
радну бригаду „Сон»а Маринко®ић“.
Од 645 чланова Народне
студентске омладшне у
бригаду се уlшсал)о 530, сцдкосно
82,30 по сто. Овај 6poi
је мал!и у однооу на другу roди!ну
са које се пр'Ијав!Ило
91,68 по сто.
★
Бригадб Економског факултета
„Влаанмир-Перица Валтер”
и ~Боlса МиЈгићеlВић“ ра_
диле су 8 и 9 овог месеца на
Звездарн. 186 бритаднра трнљало
је 4896 м 2 терена, за_
садило 3000 јасена, 3000 прабова,
1000 борова и ископало
3 пања. ПросечlН)о пребациеање
нормн износи 146%.

2

НАРОДНИ СТУДЕНТ

БРОЈ 10Вести са факултета

Умро је др. Ђорђе Злоковић
ванредни професор педологије
на Пољопривредно-шумарском
факултету

26 марта о. г. умро је др
Ђорђе Злкхковић, ва)нред|ни
гврофесор педологије на Пољопциивре
днп - шулгар ском фа.
мултету. Ст\рие‘нти су у њему
изгубили доброг орофеоора
Профеклар Злокознћ octaßiHtc
је око 30 наувдих радова.
што претставља знача.јан nipwлог
за гвознавање раашоврсних
типова земљктпта у напгој
пољопрlИ1 п (гелlИ. Он је
мнопо лопрннео струвдlпм vsлгнзањл’
демlоН'СТlратора. По."
њвгов(ии руковод|Ством исгатта<н
jie коМ'Плек)с зеlмљиlпта у
зогн)и канала Дунав Тиса
Дунав. На тозде послу ort ,?е
оогlo«соsиlО лемонстратгнге зг
самосталне теренске руково
диоце.
♦
Стуленти треће ro.nmie По.
љо nP'HBp pt лно- шум anc к ог факултета
били су на поактччним
ррдовима на Гочу. Рад
на tencwy се mo пла_
ну пол рлlМП|РП'Д|Ством ппогће
сора јована Дпамтлића. Сту.
ленти cv се на пратсси vno
знали Сч Шпадпч лшбчЈчња
awXm ои orp’p'3'tr Btjc’toiroirmdir
поерадом •'гвета ча стплтаaoße'Htor
hciMvna,, са
пдма K«n i* ол r'MT-’Њ'иlм
, а из облакти и
га : »ења шума
★
Нелавно су ш ТТоЉбЦлНУ*
Гlеднlo-птумарlскlгим факултет\
погпказани совl : егСк)и ti&vrtiir
фгалмогаи „0 памгчку** и „Жи

ћот бнља" крји је рађен но
књизи ТиlМlирјазева. Уволlно
прелавање одржао је шрофеоор
Чврњански. Ова нова форма
рада много ће допринети
студентима у савлађивању
градива. зв ,|унске иопитп,
Научни фрлмовн пр|икази(ваће
се и убудуће.
Студвнти прве подине МеЛlШlинlСмог
факултета налазе
се ипед испитом из хемнје
Да би се стулентима олакшас
рдд организован је мурс и?
огшптег лела KeMtHie ко : м води
Пlпофваоlр Трпинац. K l ypc cf
одпжава јетгом недељно. На
њему ппосћесоо mp
важни : е ЛАртије из већ пређеног
прал|иаа. Курс посећује
омо 85 rto сто сту лег-ата.
ОБАОЕШТЕЊЕ У ВЕЗИ СА
ОДЛАСКОМ СТУДЕНАТА У
ОПОРАОИЛИШТА НА ЗЛАТИБОР
И МОРЕ
Сгуденппн који ж"пе ла користе
наша опоравилишта
треба да оду на Лекарски
нреглед у сТудентску амбУ»панту,
а затим на!даље до 25
априла да полнесу молбу
здразствеиој секци’и свога
факултета у којог ће назна.
чити који месец желе да riipoведу
на опораввлишту.
За блтка обавештења обратити
се злравственој секЦНЧ|и
свога факултета.
Улгужсње за одрчвствену
заштиту сту'дената
ског универзитета

ВЕСТИ ИЗ ЗЕМЉЕ
4.000 градитеља почело је градњу
Новог Београда

По завршетку припремних радова,
4.000 младих градитеља почело је
градњу предвиђених објеката на градилишту
Новог Београда,
Градитељи аутопута „Братство и јединство"
позвали су градитеље Новог
Београда на танмичење.
*
За који дан почеће радови на доградњи
фабрике „Иво-Лола Рибар“. У
првој групи прве смене радиће две
бригаде из Србије и једка из Босне и
Херцеговине.
*
На прузи Никшић —Титоград 60 оМЛадиНских
и фрбнтовснмх бригада у
ббрби и<а савлађивању каменитог терена*
показују све већи успех: брига.
де у Острогу славиле су ових дана
своју наЈновију радну победу пробили
су велини тунел Башине воде;
радови на великом насипу код Никшића
и на тунелу Будош сада се завршавају.
ДесеДог априла НарбДна омлбдина
Македоније, уз помоћ народне омладине
осталих република, почвла Је
градњу Мавровских хидроцентрала. У
првој смени учествује 2.000 омладинаца
и омладинки.
«
Омладина Босне и Хепцегбвине даће
око 2.000 градитеља за Градњу објеката
републикансног значаја. Омладинци
и смладинке радиће на изградњи
индустрисних објеката, н« продужетку
железни п*" ,г а. на изград••
'•f’.r.'iHr.Kor летовалишта у Хан
и ПиоИирСког дома у Čapaјеву.
*
Омладинске бригцде СловечиЈе отпочеле
су 10 априла радове иа градњи
железничне пруте Сежана—Дутовље.
Ова пруга везивеће пругу Љубљана
—Трст ća Пругом Трст —Горица.

Студенти машинског отсека
посетили су „Белсап“

Студенти прве године машинског
отсека Техничког факултета
са наставником који предаје
металургије метала 1, д-р
Недомиром Маринковим посетили
су „Белсап“.
Посета је имала за циљ прак
тично упознава№е материјала и
процеса који је претходно теорИски
обрађен на часовима металургије
метала I.
Студенти су у току преподнева
обишли разна одељења.

Највише су се задржали у ливници,
где су се уПознали са добијашем
ливених делова кроз
све њихове фазе.
Радници ливнице су објашљавали
студенти(иа све процесе
и одговарали на њихова питања.
Велики сликар ФРАНЦИСКО ДА ГОЈА шпанске
„гериље"

Сто двадесет година од уметникове смрти
(1746 - 1898)

Живо* и дело Франциека Гоје.
блистав, импулсиван, да кажемо noмаман
у младости; у зрелости окреHyt
току историје, на прелому ХУШ
и XIX века. раскида великог уметника
и човека између позитивних
реформн Жозефа Бонапарте и лламене
„герлл.е’’ шпанског народа. У тој
дилеми Гоја уметник се окреће патњама
бвога народа. У крви и огњу
наћоДеоновске најезде превагнуо је
Гоја уме^ник.
ХерОјСки „гвриљери 4 , Majctopn, сељаци
и пастирн, чнтав шпански нароД.
усправљен, у кошТацу са страшилом
„рагНог генија" везује за себв
топло људско срце всликог уметника.
~Ја тражим у овим платнима
калке Гоја исмејану националност,
херојнзам који је знао како да се
освети за њу, пламениту срџбу која
је претворила чнтапо наше полуострво
у шНроко ббјнб Ноље, а његове браниоце
у бесмрДШе хвроје. Овде налаЗим
све то и he тражНм од уметиостН
да ослаби истнну, да баци вео на измучене
жртве обднвене крвљу, да осећаше
ужаса које ме увбуђује учини
слабпјнм.”
У пролеће 1808 Наполеон се баца
на Шпанију. Међутим, „ . .. догодило
се да се Наполеон, који је као и свп
људи његовбг доба сматуто Шпанију
за деш без животне снаге, са запрепашћењем
морао увђрнтН да иако . је
шпанска држава бпда мртва, НтансКо
је друштво ипАк било пуио живота и
да су у свакоМ њбговом делу мн>бијалб
čhare отпора.” (Маркс)
Гоја је радио црозничаво, мвого h
брзо. Слпкао је чегкама, прстима,
супђером и »ожем као помаман. Признавао
је три учитеља; приу>оду, Веласкеза
и Рембранта.
Велнкн портретист, ЈреалисТа Rojrt
храбро ynoćrt сатиру и ироннчно открива
иегативне карактере својих
краљсвских модела (породица Карла
IV), или слика топло ламетну, лепу
главу Изабеле Кобос, затпм пркосно,
Смело и ća љубављу порТрет Фердинанда
Гијмардеа, револуци'ollарног посла.
нића ДНреМторијума, кога је шпански
двор оДбпо да прими. Тај „слнкар који
је НМао главу као џслат“ ннје презао
да скапдалпзује илемените мецене, и
под оком инквизиције у сорији графика
„Los Kapriohos“ у тренутку
када је француска револуција
била на врхунцу (1795) оштром
сатиром шпба фсудалпу господу, гомилу
наказа под ноћпнм звбзданим
иебом („Отићи ћемо када свапе”),
као да им дЗ,И и cftetaoct ОДуЗимај?
ripafto на оНстапак.
Карло IV се одфекао престола на
роД 66 радује збацивању „Е1 choriecra“
(~Rosacuropa“) Годоја. Међутим
Фернаида Vil и Карла W Наполеоп
позпва у Бајану. 8а време преговора
о предајн шИанске круие Жозефу Бонапарти,
у Мадриду се 2 маја 1808
стичу судбоносни догађаји. Народ је
огорчбн присуством француске aojcfee
у Hpectonrtitn. Mača jyptttna iva фрапцугку
пратњу ФрансОа де Пола у улНцН
Puerta del sol.. КоМапдаит Наполеонове
коњице. Мира. интервеиише, и
одјекују први пуцњи. ПрОзори Старца
Гоје гледају на крваву позорнпцу.
Његово срце дрхти као челик кратких
мамста Нојима шп&НСкп рбдољуби јурпшају
иа Ми{>а ов,у коњНцу. У aptriлернСком
Нарку касапиНца. Мамелуцн
и Маврн еинају убнпчне плотуне у
улнци Алкала.
У ноћи 2 маја, Мнра је наредио да
се стрељају зћробЉени родољуби иза
града на иоДножју Montagna del
Prinsipe Pio. ђеликп Сликар није
чуо убнтачИе илотупе. Његовп искидани
нерви их наслућују. Рањено патриотско
срце Геннјалног сликара води
га у тамиу ноћ. У пратњн старога
слуге, са драматичиом светиљком у
руци, шИансЛп националии геније,
глуви старац, у глувој самртној историској
ноћи, спушта се на стрелигате
и црта лст по леш. Исте nohrt у атељеу
разапео је бесмртно платно и по.
чео слику (~2 мај 1808’’ музеј
Прадо. Мадрид). Гоја је створио, источио
из срца можда најпотреснију слику
у ИсРорнјп: хладни, неумитни
стрељачки строј у полутами; простп
фсљер-један од обнчних недужиих

фењера-анемично осветљава падину
брежуљка Prinsipe Pio. На земљи
крваве локве и лешсви. Наредна група
умире одлучно и дврдо. Родољуб у
белој кошуљи поетскИм жаром узДНже
широко руке и претвара их у пламену
претњу. Гоја је осетио да је
народ непобеднв.
Догађај у Бајони запално је народне
устанке у Валенсији, Бадахосу, Торгози,
Кадузи. Никлс су шИанске народпе
шрмије: валенсијска, астурска,
арагонска, мурсијска. »Гернља’’ је
захватнла Шпанију и бацила се крваво,
очајном одлучношћу на иајбољу
војску света, на генНјално ~cri>amHло”,
на Наполеона.
Гбја је сликКо pat као Иародну
трагедију: брда лешева, стрељања,
казнеие ексНедпцнје, пожаре, насиље
над женама, плач деце над мртвим родитељима
и муке глади. У ееријн
графика ~Los dezastros dela guera“
(„Ужаси рата”) одвијају се видови
страшне шпанске народне драме под
најездом.
У јесен 1808 Гоја креће у свој родии
Арагон у Сарагосу. Пламен
устаннчког пожара се развнја. У исто
време »овембра 1808 ПаИолеон
лично на челу 180.000 војннка долази
у Шпанију, разара је „огњем и мачем“
и унада у Мадрнд. ШнансКИ народ
је почео период »,трагичних епизода
и херојсКНх напора, унстину jdдне
од најдирљивијнх И најпоучнијих
глава савремене исторнје’’ (Маркс)
Сарагосу 1809 опседају Французи.
Гоја је у цАнтру догађаја. Месец Има
је маршал Лан стојао под зиДпнама
града. Град се бранно бесно, Са Мржњом,
у рнтама, без оружја, без хлеба.
Борбе се воде по улицама. l!a
највншој зг]>адп вије се крвав-а застава.
Болннца Mlzerokotdia под кншом
грапата. УлпЦа t »,ltoao” повраћепа
као маСовна гробн.ица. Глуви
ctapau је у очајању, Он не чује ништа,
алн он све вндп; жене које цепају
чаршаве, завесе, кошуље, пуне
их песком ва барнкаде. Он видн батерију
на ~Porttiljo“ и он је слика
у херојском отпору; он види Марију
Аугустииу, девојку-;уНакињу у
белом. како над мртвом посадом батерије
пуНи Тонове Сама и пуца
„Какћа храбрпст!’’ запнСује На
npteiK. На ~Rozu“ рушевИпе, Смрад

трудежи унакажеиих лешева. Срцв
дрхтп, адИ рука великог сликара говорн
својим језиком. Ннкада će ниво
још није боље одужио свом народу,
око ii pyfea нијбдног сликара није тачније
извршила задатак. ,|Постеља
мртвих” записује М цртеж. Гомила
очајника, гсморуког становништва,
бежи: ~Ја сам то виДбо’’ бедежи
на дну крбкија. Он је видео све:
и ~Rozo“ и болницу И батерију на
~Porttiljo“.
ШесТ дутих година трајала је ~гериља”.
Занатлије, сељаци и сиромашии
овчшри су победили Наполеона.
Жозеф Бонапарта је напустио престо
и ћратио се Фернандо УП „БЈфбон
жељеНи“, а са њим Тешћа реакција,
иНћвнзиција и језуити. Хунта
је укинута, а њени најистакиутији
чланови послати на галије.
Стари сликар је очајаи, oft тужно
окреће оЧи према ФранЦуској ,ломовНии
слободе’*, бежи из отаџбИИе и
огорчећ чека смрт у Бордоу.
Montagfta del Rrlhsipe Rio. (caда
универзктетски кварт МаДрида)
видела је горке херојсКе смрти.
ПосЛе читаћОг сТолећа газиле су је
стопе Мароканаца у служби Франковог
фапшзма. Лево од сцене ~2 нај
1808“» одмах у подножју брда је некадашње
довиште Карла Ш, дана«
tiapK „daža đel Iошро“, којн је по.
после читавог столећа видео јуначку
одбрану Мадрида од Франкове Тенерадске
побуне. Десћо од исторнске сцћнв
~2 мај“ је река Moanzanares којв
је чула rtCTopftcKii плетућ 1808-ме —>
и едућшла Јгрмљавипу канонаДе народне
борбе 1938 h данас слуша бДјек
битака пеумрлс народнб „гернље" прогнв
Франковог фашизма,
А снуда су тамо шетале очн и стоrte
још увек ж.ивог народног уметника
Шпаннје Франциска да Гоје-

Т. МРКШИЋ

ГОЈА

„2 мвј 1808”

КУЛТУРНЕ ВЕСТИ

ЦЕНТРАЛНИ ДЕБАТНИ
КЛУБ ОДРЖАЋЕ У ЧЕТћРTAK,
15 О. М. У 19.30 ЧАСОВА
НА ПРАВНОМ ФАКУЛТЕТУ
У АМФИТЕАТРУ V
ПРЕДАВАЊЕ: „О РЕАЛИЗМУ
У СВЕТС ОЈ И НАШОЈ
КЊИМСЕВНОСТИ”. ПРЕДА-BАЧ
ЈОВАН ПОПОВИЋ,
КЊИЖЕВНИК.
Културко просвстно одељење
Универзитетског одбора Народне
тудентске омладине откупило је
улазнице за колективну посету
студената дпамској позоришној
претстави од Островског,

ноја ће се одржати у недељу 18
\ м. у 20 ч. Улазнкце се могу
подићи у нултурно-просветним одбориМа
факултета.
*
У оквиру Такмичења кулУуриоуметничких
друштава нашет Униасраитета,
културио-уметничка сен
ција Правног факулДета даће приредбу
„Вече посвећено изградњи
земље". Приредба ће св одржатм
у петак 16‘IV-1948 у сали Дома
кулуре I реона (палата „Риунионе“)
у 20 часова.
Као гости учествују студенти
Музичке академије и чланови Радио-драмског
студија. После програма
игранка.

БРОЈ 10

НАРОДНЈФ СТУДЕНТ

3ФИСКУЛТУРА И СПОРТ
Још четири дана до кроса

У недељу 18 о. м. одржаке се крос Црвене звезде.
т Досадаши>и резултати, у погледу броја одржаних тренинга
и учешка студената на њима, нису задовољавајуки.
Фискултурни огранци се нису заложили да се досада
одржи потребан број тренинга и да се на њих изведе што
eeku број студената. Тако је на Ветеринарском факултету
одржан само један тренинг! Студенти Правног факултета
одржали су два тренинга на којима је учествовало 20 —25
такмичара • Економски факултет је одржао 6 тренинга
али са малим бројем такмичара (50 — 60). Огранак Техничког
факултета, где се налази највеки број студената,
одржао jt неколико тренинга на којима је просечно учествовало
700 такмичара.
Још четири дана нас деле од кроса. Искористимо oeo
кратко време и изведимо на тренинг нове стотине студената.
РАОПОРЕД ТАКМИЧЕЊА

РОрос ће се одржати у ’Don
ницlи кроса мореду доћи сат
8.30 час. 2000 м. Оцругсиви)
8.45 час. 1000 м. (друтарице)
Цаштралне секције Цраене
звеаде и Државни инспитут
за фискултуру
9.00 час. 2000 м. (другови)
Медицинсжи факултет (прва
« друга подина)
9.15 час. 2000 м. (дЈУугови)
Медицински факултет (трећа,
четарта, пета и агесолвентти)
9.30 час. 1000 м. (другарнце)
Медицииски факултет (cse
године)
9.45 час. 2000 м. (другови)
Технички факултет (нрва и
•друга година)
10.00 час. 2000 м. (друпови)
Технички фажултет (прећа,
четврта и ансолвентн)

чвдерском гтарку. Св-и учеси
пк> mpe почетка craipra
10.15 час. 1000 м. (Аругарице)
Техиички факултет (ове године)
10.30 час. 2000 м. (другош)
Пјравни, Бккаиомеки, Виша
псдагошка школа, Академија
лижовне уметиости, %
10.45 час. 1000 м. (другарице)
Музичка академија, Драмскв
студио
11.00 час. 2000 м. (inpytro»»)
Филшофски, Фармацеутсми
11.15 час. 2000 м. (друпови)
Ветеринарски
11.30 час. 1000 м. (другарице)
Филозофоки, Фармацеутски
и Ветершарсш

Рок за освајање значке продужен

Такмичарима, који су се пртјавили
за значасу фикжултурника
на Прузи, а ниоу је освојши,
шродужава ое полагање до новембра,
Они пак који нису положили
норму чз гађаЈња, полагаће
када се створе могућности
за m. Њима се зиачка призиаје

али им се неће дати све доас нк
положе поменутту норму. Важhkdct
признавања значке је у -noме
што се такви студенти могу
прцјавити да ое такмиче за нову
аначку.
Упмс у нови аицрилски роас нн|е
зашовољио. На Фармаце|утоком
факултету је уиисаио 14, а на
Вегоринарсмом свега 11 новнх
гакмичара. На Филозофоком,
иа»о су тежи услови рала него
иа Ветеринарском, пријављенс
је 59. Највећи број при(ја!вљеник
је на Техничком (211) и Медицинсмом
факултету (205).
Упис се цродужава до кра,ја
месеца.

Ове недеље

ПРВЕНСТВО
УНИВЕРЗИТЕТА
ФУТБАЛ
111 КОЛО
Игралиште „Студент’’ 16
агкрила 1948 године
14 чаоова: Медицински
Ветерииаlрски.
15,45 часо«а: Дом војних
сТудената Државии иистит>т
за фискултуру.
Играл:иште „Студсит” 17
априла 1948 'године
13,30 чакзова: Економски
Виша педагошка школа.
15,15 часова: Филозофски
Технички.
Ипралиште „Ваздухочловctibo”
у Земlу|Н'У
15 чаоова: Правки Пол>о.
привредно-шумарски,
ШАХ
VI КОЛО
Четв(ртак, 15-IV-1948 године
од 18 —22 часа;
Екоиомски Државни институт
за фискултуру;
Мсдашдаски ВетеринаРски;
Пољопривредно-шумарски
фармацеутски;
дом војних студената
Филозофски;
Виша педагошка школа
Правни;
Музичка академија Техничхи.
РЕЗУЛТАТИ СА ПРВЕНСТВА
УНИВЕРЗИТЕТА'
ШАХ појединачно такмичен>е
После предфишЈТног гурнира
[у коме је учествовало
20 такмимара, следећи друго_
ви плашрали оу се за финале:
Радаћ Радрмић, Батв Антон,
Пантић Слободан, Caißчић
Војlислав, Радић Душан,
Митин Александар, Цветковнћ
Војислав и Боровскн Георгије.
ЕКИПНО ПРВЕНСТВО .
Стан>е после четвртог кола
је следеће: Техниlчкн 31 бод,
Филозофски 27, Ветеринароки
25, Екоиомски 23, Медацински
20,5 итд.
ФУТБАЛ П КОЛО
Правни Виша педагошка школа
7:1 (прекинута).
Економски Технички 1:0.
Пољ. шумарски Филозофски 5:0.
Дом војних студената Ветеринарски
8:2
Државни институт за фискултуру
Фармацеутски 3:0 (пар форфе).
Дом војних студената Медицински
2:0

14 АПРИЛ-МЕЂУНАРОДНИ ДАН СОЛИДАРНОСТИ СА
ШПАНСКИМ НАРОДОМ

14 априла 1931 год. родила се
шпанска република која је омохућила
друштвено - економски
препород и лепшу будућност
народу те земл»е. Потстрекнут
недотученим реакционарним елементима
у Шпанији, генерал
Франко, помоћу мароканских
трупа, диже побуну противу законите
републиканске владе. Западне
демократије, са својом такозваном
политиком »емешања,
попуштајући фашистичким агресорима
у циљу лишидације Совјетоког
савеза, омогућиле су
Франку да немачким и италипанским
бајонетима и авионима
иамlетне фашистичку диктатуру
шпанском народу. Насупрот активlној
помоћи сила осовине
Франку, легална (републиканска
влада добила Је од својих западних
савезника Енглеске и
Фра/нцуске ударац у леђа тиме
што су владајући кругови Париза
и Лондона мирно посматрали
како немачке и италијанске
трупе, уз помоћ шачице
шпанских издајника, постепено
узимају комад по комад територије
републиканске владе. Легал/на
влада чак ни за свој новац
није у тим земљама могла
да набави оружје и муншдају.
Борцима против фашизма, борцима
херојских Интернационалних
бригада, чињене су сваковрсне
сметње приликом њиховог
одласка у Шпакију. А|нтифкшистима
који су одлазипи да се боре
противу Франка било је јасно
да онњ бранећи шпанску републику,
бране своје земље и сво‘је
народе од фашистичке опасности.
Из наше земље, упркос свих
тешкоћа које је реакционарна
београдска влада чииила, отишло
Је око 1.500 бораца у помоћ
шпанскоЈ републици.
После пропасти Хитлерове Немачке
и њених сателиТа, амерички
империЈализам, са своЈим
псмагачима енглеским лабурисгима
и француским социЈалистима
не само да иема намеру
да ликвидира Франкову диктатуру
кад шпанским народом,
него њему и његовоЈ влади ратних
злочинаца указује свако.
врсне помоћи шаљући оружје у
замену за шпанске производе и
укључујући данашњу ШпаниЈу у
блок земаља обухваћених Маршалозим
планом. Упркос огромних
тешкоћа којима је данас
изложен шпаноки народ у својоЈ

борби противу Франка, о« се
ипак са огромном упорношћу
супротставља крвавом терору
Франкове фаланге. Међу безброЈним
жртвама борцима
за слободу и демократиЈу
студентска омладина стоЈи у пр.
вим редовима.
Незаборавна су имена Кристина
Гарсиуа и ЈулиЈа Наваса,
проф. Августина 3*ерса, Манусла
Ленте, КлаудиЈа Карила, Паокал
ТобЈеса, Мануела Ривакобе, Карла
Мартинеза и многих других

палих хероја, бораца против фа»
шизма.
На годишн»ицу шпанске републике
14 априла демократсие!
снаге света манифестоваће, кроз
многобројне митинге и цротестне
резолуције, своју солидар*
ност са борцима демовфагских
снага Шпаније. Демократскol
становнишпгво Шпанипе осетиће
тога дана симпатије светске jaeностиу
моралну подршку свих
оних коЗи се боре за праваддв
и трајан мир.

Демо-хришћанска батинашко-моторизована
предизборна агитација

Италијанска полицнја добила je уочи изборс
eehu број блиндираних кола

Покушаји образовања светске
федерације фашистичких
организација

Фашисти у Великојј Бритаиији
и Брмтанској империји истустају
све отв(о(Р'енlИ|је. Рајтер јавља да
је вођ ју iKiHio а фрИ!ЧК'OIГ фашистичког
nio<KipieTa Освалд Пиров,
бивши јужиоафрички минlистар
одбране, стигао у Лоадш где га
,је дочекако вођ б(Р'итаlНских фантиста
Освалд Мосли.
Мосли је иејавlИО допиониlКl\’
Pajrepa да ће са Пи|ровlом диску.
товати о образовању светоке федерације
фашнстичкик организација.
★
Према ггисању листа „Телеграф“
у Баори је лошло до демтнст|рациј|а
у којима је учеств-о.
вало аише хиљада лица. Међу
њима велики бр'Оц радпика, студоната
и претставlника слобод-

итс профеоија. Демоистрантн су
нооили траиспаренте ,на којима
jie писало „Доле англо-транlСјорданоки
уlговор“, „Доле турскои
ирачки уго|вор“. Живеле слободае
арапске нац'вде“. „ДемонстЈранти
су тражили да ирачка
влада стредузме одлучне мере за
Озвбијање глади. Становништво
је с одушевљењем дочекало де*
монсТ|р-а!нте.
★
Телепрес јавља да су Валвсовн
противници у САД отпочели да
се служе отвореним таигстерским
методама у циљу сузбнјања no-i
крета за трећу странку ко(Ји
свакодневно ј а ча. За време митинга
за избор Валаса за претседника
САД, одржаиог у Евансвилу,
у држави Индијана,
гсм!ила је опколила зграду у којој
је одржаван митинг, а неколико
лица Је продрло у дворану
и тупим оруђем повредило по
глави претседника одбора и једног
члана. Друга непозната лица
успела су да заузму улазе у
зграду да би онемогућили Валасу
да говори. Међутим, Валасове
приСталице успеле су да
растуре гомипу и омогуђе одржавање
збора.

Пред III конгрес националног
савеза румунских студената

Поводом претстојећег 111 конгреса
Националног савеза румунских
студената, Извршни
одбор савеза упутио је проглас
свим студентима Румуније у коме
се између осталог истиче:
„Румунски студенти дочекују
свој 111 конгрес појачавајући
рад на учвршћешу братске солидарности
са свима демократ-

ским студентима света, а у првом
реду са студентима суседних
демократских земаља. Румунски
студенти уложиће све
сиаге за јачанзе Међународног
студентског савеза, који се заједно
са слободољубивим народима
бори против империјалистичке
агресије, за трајан и демократски
мир у свету.“

Из братског СССР-а

Студенти московског Медицинског факултета на часу из анатоми,је

4

Ол.павоони уредеи-к' Влада Митровић студент права. Уредништво и администрација; Београд. Булевар Цр'ве н е арми.ј е бр. 73. Технички фамултет, телефон
41.602, opoj чвковног рачуна 1—9060014 Штамиарнја ~Омладина” Београц, Војаоде Мишића улица броц 19

НАРОДНИ СТУДЕНТ

БРОЈ И)
  </body>
 </text>
</TEI>