<TEI version="3.3.0" xmlns="http://www.tei-c.org/ns/1.0">
 <teiHeader>
  <fileDesc>
   <titleStmt>
    <title>The shortest TEI Document Imaginable</title>
   </titleStmt>
   <publicationStmt>
    <p>First published as part of TEI P2, this is the P5
         version using a namespace.</p>
   </publicationStmt>
   <sourceDesc>
    <p>No source: this is an original work.</p>
   </sourceDesc>
  </fileDesc>
 </teiHeader>
 <text>
  <body>
   <p>This is about the shortest TEI document imaginable.</p>
  </body>
 </text>
  <text>
  <body>
НАРОДНИ ЗАЈАМ

Петогодишњи план развитка
народне привреде ФНРЈ, као
одраз озакоњених тежњи наших
народа за јачањем одбранбених
и привредних онага наше
земље, за победама социјалиСтичких
облика и изградње созцијализма,
захтева максимално
коришћење свих привредних
могућности и њихово претварање
у реалну стварност. Бор-6а
за извршење ш.ана која
|Је овладала такорећи сваким
нашим радним човеком дала је
дивне и величанствене примере
херојског залагања у лицу наших
ударника, новатора и рационализатора.
На тој бази омо.
гућене су велике победе наших
народа у протеклим као и у првом
тромесечју ове године. Производња
и производне снаге на_
ше земље успеле су за тако релативно
кратко време, после
беспоштедног разарања окупатора,
не само да достигну предратни
ниво. већ и да гз скоро
у свим гранама, негде више а
негде мање превазиђу. Но наш
План поставља даљи и још већи
пораст производних снага. И
док су 1945, 1946, као и прва годнна
нашег првог Петогодшпњег
плана имале углавном за
циљ обнову производних ка/пацитета
наше земље, дотле наредне
планске године претстављају
ударање чврстих темеља
нашој електрификацији и индустријализацији.
Оне означавају
период изградње и пуштања у
погон великог броја електричних
централа, рудника и творница,
грандиозних дела која ће
бити чврсти темељи нашег пута
у социјализам. Да би се схватила
величина тих дела, довољно
је напоменути, да би бившој
Југославији. да би се то постигло
било потребно преко сеДам
деценија.
Но да се не би мислило да су
то утопистичка маштања лишена
објективних реалности, Треба
истаћи да за извршење нашег
Плана постоје сви објектив.
ни услови. Ти објективни услови
дати су у нашој досада постигнутој
стварности а са друге
стране леже, као што је већ
горе речено, у максималном коришћењу
свих наших могућности,
т. ј. у њиховом претварању
у стварност и још јачем, ширем
и дубљем окупљању и активизацији
народних маса у борби за
извршење Плана.
И баш у вези са тим, наша
Савезна влада донела је Уредбу
о народном зајму Петогодишњег
плана развитка народне
привреде на основу Закона о
опште-државном буџету за 1948
годину. Зајам ће износити три
милијарде и пет стотина милиона
динара, а вратиће се путем
извлачења обвезница, које ће
носити десет посто камата годишње,
по истеку 1952 године.
Камата коју носе обвезнице
исплаћиваће се 6®/о као редовне
камате на сваку обвезницу а
четири по сто иде у фонд згодитака
одакле ће према плану
извлачења свака осма обвезниЦа
добити згодитак од 2.000 до
100.000 динара.
Уписници зајма, по извршеној
уплати, добиће обвезнице
које ће гласити на име. Основ-

на обвезница је од 1.000 дин, а
може се уплатити и половина,
то јест пет стотина динара и
четвртина од 250 динара за омладину
без самосталне зараде
и децу.
Из овога се види да је овај
зајам веома користан за уписнике
и да је намењен најширим
народним слојевима. Тако
повољни услови овога зајма условљени
су карактером власти
и карактером наше привреде и
на тој бази пониклих радних
победа.
Овај зајам претставља прикупљање
и мобилисање постојећих
сретстава у циљу бржег
и успешнијег извршења нашег
Плана. Тим средствима вршиће
се инвестиције у нове фабрике,
електричне централе и руднике
којим ће се подићи производне
снаге наше земље. Иако у укупном
износу капиталних инвестиција
износ зајма претставља
само 5,25% што показује да ће
се много већи део инвестиција
финансирати из општедржавне
акумулације не значи да треба
потценити ову цифру јер она
изражава закономерност наше
нове друшгвене стварности, која
се огледа у максималном коришћењу
наших унутрашњих
могућности и резерви.
Али се са те тачке гледишта
важност Народног зајма не исцрпљује.
Он претставља још јаче
окупљање народних маса и
њихову мобилизацију у циљу изградње
социјализма властитим
снагама. У самој чињеници да
наши народи, поред херојизма и
залагања у раду, на пољу привредне
изградње, од својих уштеда
па чак лишавајући се неких
својих мање важних потреба
финансирају инвестициону изградњу,
а самим тим помажу још
више јачање одбранбене и привредне
способности земље, изра 1 жава
се нов однос наших људи
према заједници, изражава се

љубав, крвна и материјална заингересованост
за исту, изражава
се наша нова друштвена
стварност „да је наша држава.
држава радног народа, у којој се
поклапају интереси свакот радног
човека, као појединца, са
интересима државе. а интереси
државе са интересима сваког
радног човека“. (Д. Радосављевић).
Треба истаћи корениту разлику
народног зајма од унутрашњих
зајмова у бившој Југославији
који су у суштини одлазили у
руке спољних и унутрашњих капиталиста
а једновремено стварали
широке могућности за разне
шпекулације обвезницама а
све на штету радних маса
И баш због тога што овај зајам
претставља интересе народа,
милиони трудбеника наше
земље: радници, сељаци, интелигенција
узеће учешћа у његовом
упису, свесни да тиме врше
своју дужност и стварају предуслове
свог материјалног и културног
благостања.
Чињеница да је зајаад намењен
широким народним масама
огледа се и у томе што висина
уписа не премаша суму, коју
не би могао да одвоји и прикупи
сваки грађанин наше земље,
без обзира на његове приходе.
Та могућност је врло значајна
за нас студенте. Она нам омогућује
да и ми макар уписом
једне четвртине обвезнице, узмемо
учешћа у једном тако важном
питању које се тиче извршења
нашег Плана, наше боље
будућности.
Стога, поред наше радне крилатице:
Сваки студент бригадир,
треба да заузме место и наша
нова парола: Сваки студент
уписник Народног зајма.

Преглед досадашњих резултата
са испитa

Треба спречити одустајање од
испита на Медицинском
и Правном факултету

На Медицинском и Правном факултету у току последњих дана
било Је случајева да 40°/о студената одустаје.
Иако први резултати испита са свих факултета говоре о великом
успеху у ликвидирању заосталих испита и полагању редовних у
односу на раније испитне рокове, има поЈединачних случаЈева одустајања.
Изговори су разни, али се они углавном своде: распоред није
добар, професор пита тешке ствари које не могу нигде да се нађу;
проналазе се разни узроци ма да Је главни нерад и немарљиво
прилажење основном задатку. Како изгледа многи су рачунали на
велике размаке између полагања и спремања испита у том међувремену.
Кривица њихова, због оваквог односа према испитима још Је
веђа, када се узме у обзир броЈ демонстратора, број одржаних консултација
када се узму у обзир пробни писмени на крају директна
помоћ професора и њихово залагање.
На конференцијама у току године довољно Је обЈашњено политичко
значење ликвидирања испита и благовремено давање редовних.
Ово све наводимо да би показали да Је одговорност због одустајања
од испита, Једино одговорност и немаран однос појединца, да њихово
изговарање још више показује њехову несавесност.

Трећег јуна преко 45% студената
Правног факултета одустало је са
испита из политичке економије
I део

Први испитни резултати из
поЈитичке економије I део на
Правном факултету опет дају
стару, јануарску слику. 31 маја
одустало је 5 кандидата (ваиредних),
2 јуна одустало је 8
(редовних), 3 јуна 12, што значи
преко 45 по сто од пријављених
тога да«а. И тако из дана
у дан све већи број одустаје
било редовних било ванредних
студената. Ако Је у ранијим
испитним роковима резултат
неполагања политичке економије
I део био недостатак
литературе, у овом испитном
року изговор због литературе
отпада. Ње је било сасвим довољно.
Ако је раније недовољан
број консу/тација био разлог
слабог припремања и он у
овом року отпада. Сви су усло-

ви за добро спремање били ту|
те према томе једино је несавесност
у раду узрок овог неуспеха
студената Правног факултета.
УРЕДБА О ПРЕДВОЈНИЧКОЈ 0БУЦИдоприносе
јачању одбрамбених моћи наше земље

На основу Закона о војној
обавези, а у духу начела нашег
Устава, који поставља
сваком грађанину наше земље
одбрану отаџбине као
најважнију дужност Влада
ФНРЈ донела је, пре неколико
дана, Уредбу о обавезној
предвојничкој обуци. Ова
Уредба је логичан резултат
велике политичке, економске
и одбранбене моћи, које наша
домовина постиже сваким
даном, логичан израз високе
свести напшх трудбеника
и беспрекорне оданости
читавог нашег народа да у
сваком часу стану на бранику
социјалистичке Југославије
и њене независности.
Уредба о предвојничкој обуци
је још један великидопринос
јачању одбранбене
моћи наше Армије и отаџбиве,
оспособљавању стотине
хиљада трудбеника за будне
и сигурне чуваре тековина

велике Народноослободиличке
борбе, за несметан пут ка
изградњи социјализма и срећнс
будућности наших народа.
Она ће везати још чвршће
нашу Армију са пшроким
масама народа, Армију која
је израсла из народа као
спроводник његових тежњи
за ослобођењем и стварањем
нове државе, која је даље јачала
окружена његовом љубављу
и пажњом и постала
сигуран заштитник и бранилац
независности наше земље.
Наша Армија је снабдевена
најмодернијим оружјем,
оспособљена, смела и
дисциплинована, политички
и културно уздигнута снага
наше социјалистичке домовине.
Због тога Уредба о обавезној
предвојничкој обуци има
велики значај, нарочито за
оспособљавање Народне омладине
Југославије за слу-

жбу у Армији, за службу народу.
Сваки припадник наше
Армије мора бити смео и дисциплинован,
вичан руковању
најмодернијим оружјем.
Правилно спровођење ове Уредбе
спремиће нашу омладину
идејно и стручно да
буду баш такви борци какве
требају наши народи и друг
Тито.
Организација Народне студентске
омладкне на нашем
Универзитету мора да посвети
овом свенародном задатку
највећу пажњу, јер ваши
студенти због недостатка
стручних кадрова имају
скраћев рок службе у Армији.
Наши студенти, свески улоге
народне интелигенције,
испуниће задатак свог оспособљавања
за одбрану независности
наше земље.

КАРАКТЕРИСТИЧНО ОДУСТАЈАЊЕ
СА ХИСТОЛОГИЈЕ НА
МЕДИЦИНСКОМ ФАКУЛТЕТУ.

Ових првих дана полагања,
на Хистолошком институту влада
чудна атмосфера. Кандидати
одустају, траже одлагање испита,
врше замену рокова, говори
се о фиктивним пријавама
испита да би се добио добар
рок за анатомију, итд.
Полагање је почело пре неколико
дана, а већ првог дана од
18 кандидата одустало је 8. Другог
дана по;агање није уопште
одржано јер је дошло само
двоје. Трећег дана испита одустало
је 10 кандидата, а четвртог,
испити поново нису одржани
јер је дошло свега двоје троје.
7 јуна од 49 пријављених
кандидата одустало је 44.
Асистент се не нада да ће се
стање побољшати до десетог
јуна и осуђује студенте друге
године због оваквог односа према
испиту. Он мисли ово одустајање
долази као резултат
нерада преко године, због непосећивања
предавања и несавесног
рада на вежбама.
Очигледна је чињеница да ово
одустајање претставља озбиљну
опасност која ће омести
многе у савлађивању градива
за идућу годину.

И у овом испитном року као
и у претходним, на трећој години
Медицинског факултета
појављује се одустајање. Изговор
70 по сто од н>их је да су
очекивали да ће добити задње
дане у испитном року и да зато
долази до масовног одустајања,
Тако је једног дана од 15 при_
јављених кандидата на испит
дош/о само 5. Сутрадан је одустало
5.

СМРТ ФАШИЗМУ СЛОБОДА НАРOДУI ЦЕНА' 2. ДИНАРА
ОРГАН НАРОДНЕ СТУДЕНТСКЕ ОМААДИНЕ БЕОГРАДСКОГ УНИВЕРЗИТЕТА
БрО(ј 18 БЕОГРАД, 9 ЈУНИ Година XII

Факултстш Пријављсно
Положило
%
Пало
Одустало
Техничкш
344
278
80%
22
44
Мсдицински
1014
775
77%
95
144
Економски
926
806
87%
69
51
Правнн
754
560
М%
74
120
Пол>. шумарски
2151
1973
92%
112
66
Природно матем.
70
64
90%
5
1
Филозофски
170
162
95%
5
3
Фармацеутски
374
342
91%
24
8
Ветеринарскн
526
440
»4%
63
23
ДИФ
224
210
94%
3
11
УкуПНО:
6553
5610
86%
473
470НАЈБОЉИ
Н А
ИСПИТИМА

Драган Недељковић, студепт друге
године сдавистичке групе један од
најбољих студената на Филозофском
факултету не само по свом успеху у
стручном раду, већ и по свестраном
залагању у организацији Народне
студентске оиладине. Пријавио је
све испите. Досада је полагао упоредну
граматпку словенских језика и подожио
са оценом десет. Као члан научне
групе Филозофског факултета истакао
се као одличап познавадац руске
књижевности

Пацовић Никола, студент хемије
прве годипе Природко —математичког
факудтета полаже оддично већ по
други пут у току ове године. У зимском
року је дао пеорганску хемију
са десетком, а сада минсралогнју предмет
који важи, нарочито због
своје обимносхи, за један од најтежих,
У току спремања испита Пацовић
Никола је применпо систем рада,
који је још увек слабо примљен од
студената, ма да је у праксл показао
већ приличног успеха. Учио је предмет
унапред, испред предавања професора.
Такав метод, омогућио му је
солидније и лакше спремање предмета.
Главну основу његовог успеха
претставља необично интензивно и озбиљно
вишемесечно спремање предмета
и стаљно посећивад>е вежби.
То је још један доказ да је такав рад
једини и сигуран предуслов за успех
на испитима.

—Бољанац Чеда има десет. Он је
н нацртпу геометрију добро израдио,
говоре студенти о свом секретару
Народне студентске омладине.
Бољапац Чеда је један од најбољих
ђака прве године електротехничког
отсекљ, што се углавпом види из добрих
резултата са пробних писмених
испига. Он је пријавио све испите у
ирвом нспитном року.

Студенти Државног института
за фискултуру полажу испите
пре одласка у Праг

Због одласка на слет у Праг испитн
на Државном институту з а фискултуру
одржавају се пре одређеног
времена- Одређена су два рока за
сваки испит осим исхорије педагогике,
С тим се желело омогућихц студентима
да стопроцентно испуие да-

ту обавезу за полагање у јунскол ро.
ку. Први рок је од 29 маја до 9 јун а ,
док је други ров одређен за крај мессца
јуиа. Испити у другом року полагаће
се у гимнастичком логору у
Љубљанн.
Први резулт а ти су следећи:

(Оцене су од 1 до 5 с тим да су
пролазне оцоне 2,3, 4 и 5),
Средње оцене нису стварно меридо
знања н залагања студената већ
пдод кампањског учеља. Систематски
рад током ове године није био задовол.авајући.
Према изјави наставника
интерес и залагање студената прве
године нису бпли довољни вако су
услови рада зватно побољшани од
прошле године. У пастави ногомета
недостатак врехена омео је солидно
савлађпвање технике и тактике игре.
Интерес за биомехаиику био је врло

слаб, велика всћина студената полагаће
овај предмет у другои року,..
К. И.

ТЕХНИЧКИ ФАКУЛТЕТ

На другој години геологије
просечна оцена 8,9

Већ десет дана трају испити на Техничком факултету. Карактеристична
појава и овог испитног рока је пријављивање
већег броја испита него што је дата обавеза, тако да су појаве
сдустајања врло честе. Јасна слика испита сада се не може дати,
али се могу утврдити неке појаве на појединим отсецима.
Као пример може да послужи трећа година архитектонског
отсека где се за испит из историје архитектуре пријавило
шездесет другова, а пред испит одустало н>их 20. Положило је
свега 33 студента. Сам професор Бошковић је изјавио да је
незадовољан испитом како због одустајања тако и због самог
квалнтета? јер је- просечна оцена била маља од седам.
На геодетском отсеку студенти кохи су изишли на испит
задовољили су, нарочито трећа годкна где је из практичне математике,'геодетског
ра-чуна Н студената при Јавило испит и положило
га са успехом.
На геолошкој групи треће године рударског отсека девет
другова је полагало геофизику и сви су положили. Врло добре
резултате постигга је и друга година из геологије где је просечна
оцена 8,9. Професор д-р Миловановић задовољан је испитом
јер је квалитет знања био на висини и интересовање за
предмет је велико. Резултат испита прве и друге године рударског
отсека из физике није задовољио. Са прве године 20 по сто
одусталих и слаб успех, а на другој години осам другова је добило
три док неки полажу већ трећи пут овај испит.

ПОЉОПРИВРЕДНО-ШУМАРСКИ ФАКУЛТЕТ

Кружок Светозара Пантића
положио микробиологију
са средњом оценом 8,3

24 маја почели су испити из микробиологије. Ово је добровољан
рок. Микробиолошка сала је пуна; ту су они који
лажу и они који ће за који дан полагати. Свако пажљиво прати
излагање другова, начин испитивања професора, а уједно контролише
своје знање.
Полаже друг Стева Бабић, студент друге године. Познат
је као добар ђак, добар друг и добар ч/ан Народне студентске
омладине. Излаже течно, лако и убедљиво и добија девет. По-1
четак је добар полагаће у истом року још и педологију,
храну биља, агрикултурну хемију и анатомију.
Затим су полагали чланови кружока Светозара Пантића,
који је на конференцији факултетске Народне студентске омладине
фебруара месеца заказао такмичење свим кружоцима. Они
су положили микробиологију са средњом оценом 8,3
Насупрот њима, Златомир Мијатов вели да се целулоза рач
злаже на целулозу и протеине. Затим је учинио још неколико
основних грешака и није могао да положи испит. Иако су овакви
случајеви ретки, требало би да потпуно нестану.
Б. Т.

ПРИРОДНО МАТЕМАТИЧКИ ФАКУЛТЕТ

Одличан успех на испиту из упоредне
ембриологије на биолошкој групи

Од 18 студената треће године
који су пријавили испит из упоредне
ембриологије 17 другопа

је положило са просечном опеном
9; одустао је један друг.
Овако добри резултати су одраз
озбиљног и темељног рада
студената као и великог залагања
професор Спасоја Гарзичића.
Он је одржавајући недељне
коисултадије допринео да
студенти продубе своје знање
и да добију претставу о томе
како треба да се спреме да би
на испиту показа/и добар ус*
пех.
М. Ш.

МЕДИЦИНСКИ ФАКУЛТЕТ

Колоквијуми
из анатомије на другој години трају до краја јуна
АРУГОЈ ГОДИНИ ТраЈУ
,до краја Ј'уна

Студентима који у јуну полажу
аиатомију омогућено је да
колоквирају до краја месеца
јуна и колоквијуми се одржавају
сваки други дан. 20 посто
студената је дало пун колоквијум,
око 53 посто је дало један
до два комплетна препарата, а
27 по сто их је без колоквијума*
Када се има у виду колику о-

лакшицу претстављају колокви*
јуми за сам испит, горњи проценти
показују прилично нема*
ран однос извесног броја студената
при спремању ко/оквијума.
Асистент Николић се врло похвално
изразио о студентима
који су досад дали колоквијум.
90 посто је показало врло до*
бре и одличне резултате, а свега
код 10 посто наилазимо на рад
слабијег квалитета. Код већине
је примећено да обрађују више
градива од предвиђеног, што
доприноси темељнијем упозна*«
вању св!МОг предмета.
Током године рад на дисек*
цији био је бољи него ли претходних
година. Поред ве/иких
тешкоћа, услед мањег броја
препарата, дисциплинованим и
марљивим радом постигнут је
добар резултат. То се нарочито
осетило -током другог семестра
када је почео интензивнији теоретски
рад.
Б. Н.

Упознајмо средњошколце са значајем
геодетске службе

шшжјшмшфлјлшјћшват

Раније је геодетска служба била ограничена на свој
споредни задатак: наћи границе непокретних имања ради
наплахе пореза. Објекти су подизани на основу локалних
планова, прављених произвољно, у разним размерама.
Данас се код нас у великој мери осећају последице непланског
рада у старој Југославији. Две трећине наше
земље није уопште премерено, а Босна и Херцеговина
премерене су таквом методом, да су подаци потпуно
неупотребљиви за нашу планску изградњу.

Из планског карактера наше
привреде проистиче неупоредиво
већа у/ога геодетске службе. За
планирање у изградњи неопходно
је извршити систематски премер
територије целе наше државе,
одредити њене висинске
разлике, израдити прецизне карте
и планове који ће служити
за електрификацију, индустријализацију
и планирања у нашој
пољопривреди. Без ситуационих
планова немогуће је приступити
регулацији река, изградњи путева,
железничких пруга, фабрика,
канала, правилној експ/оатацији
шума, геолошким истраживањима,
изградњи наших градова;
без геодетског плана немогуће
је прићи мелиоразицији
земљишта. Од великог значаја
је данас израда географских,

бонитетних, педолошких и свих
других врста карата. Једном речју
без тачних привредно-техничких
карата немогуће је замислити
изградњу једне напредне
земље каква је наша.
Схватајући значај геодетске
службе наше народне власти поклањају
јој данас велику пажњу.
Већ сада се стварају солидне
основе за примену аеро-фотографије
новог метода снимања
(снимање из авиона). Идуће
године почеће да се остварује
овим методом најважниЈи задатак
наше геодетске службе
снимање целе територије наше
земље и израда карата у размери
1:5.000.
За остварење великих задатака
геодетске службе нашој земљи
треба много више геодет-

ских стручњака, нарочито инжењера
геодезије којих код нас
готово и нема. Да би се добио
потребан стручни кадар предвиђено
је да се у Петогодишњем
плану оспособи око 500 инжењера
геодезије; за студенте геодезије
одређен је велики број стипендија.
Али упис на геодетски
отсек Техничког факултета је
врло слаб: на овом отсеку има
данас свега 90 студената. Ово
показује да многи матуранти не
познају и не схватају велики
значај и измењену улогу геодезије
у нашој земљи.
Отуда се свима нама и намеће
као веома важан задатак да преко
лета развијемо за ову грану
науке широку агитацију путем
предавања као и путем појединачних
разговора, међу свршеним
средњошколцима, да створимо
код њих љубав за ту
струку, како би се у идућем семестру
за њу пријавио број
предвиђен планом.

ЗА ЧЕТИРИ ДАНА ОД 48 КАНДИДАТА
42 ПОЛОЖИЛО
АНАТОМИЈУ

Поучним искуством старијих
другова, студенти друге године
схватили су на време сву важност
анатомије за даље студије
и у великом броју пријавили испит.
Прва четири дана изашлн
су сви кандидати; 42 су положила
са средњом оценом седам
док је шеторо пало.
Ове године су услови за рад
далеко бољи од прошлогодишњих.
Посета предавања и вежби
у новим просторијама факу/те-*
та била је добра. Институт је
био стално отворен, а у другом
семестру располагало се са доста
препарата за проучавање топографске
анатомије. Тако је уз
залагање демонстратора и наставног
особља испит добро припремљен.
Ћ. С.

Цене за опоравак
одредиће се
према
материјалном
стању студената

Обавештавају се свн студенти
да се цене за месечни опоравак
у летовалиштима неће одређивати
према внсини стнпендије. као што
смо у прошлом броју објавилн,
већ према стварном материјалном
стању студената, без обзнра да
ли је стипендиста илн не и без
обзира на висину стипендије.
Удружење за
Здравствену заштиту сгудената

2

НАРОДНИ СТУДЕНТ

Број 18

пријавило
ПРВА ГОДИНА
положило Одустало
Пало
Средња оцена
Ношарка
79 (100*/»)
77 2
3
3,66
Бокс
61 100»/*)
53 , 8
3
3,30

ДРУГА ГОДИНА
Предмет
Пријавило
Полагало
Ногомет
63 (100»/О
63
Рускм језик
82 (100°/О
82
Биомеханика
82
13КОНКУРС
ЛИТЕРАРНЕ СЕКЦИЈЕ КУЛТУРНОГ
ДРУШТВА ФИЛОЗОФСКОГ И ПРИРОДНОМАТЕМАТИЧКОГ
ФАКУЛТЕТА

Литерарна секција Културно-уметничког друштва Филозофског
и Природно-математичког факултета расписује
конкурс за следеће радове: 1) лични дневник, 2) приповетке,
3) једночинка, 4) песма и 5) корачница.
За сваки од горенаведених радова предвиђене су следеће
награде:
Једна I награда дин. 1000
Две II награде дин. 500
Три 111 награде комплети часописа и књига .
Теме за обраду треба црпсти из Народно-ослободилачке
борбе наших народа, изградње, омладинских радних акција
и студентског живота.
На конкурс се могу слати само необјављени радови.
Право на учешће у конкурсу имају сви студенти Филозофског
и Природно-математичког факултета, као и свршени
средњошколци који ће се 1948/49 уписати на ова два
факултета.
Састав жирија за оцењивање радова и додељивање
награда биће накнадно објављени.
Рок за предају радова је 15 октобар 1948. Радове слати
са назнаком „За литерарни конкурс“ на адресу Народна
студентска омладина Филозофског факултетд, Студентски
трг бр. 1, Београд.
Обраћамо се свима студентима наша два факултета
да у што већем броју узму учешћа са својим радовима у
конкурсу.
КУЛТУРНО-УМЕТНИЧКО ДРУШТВО
УПРАВА

ФЕСТИВАЛ НАРОДНЕ ОМЛАДИНЕ
ЈУГОСЛАВИЈЕ - смотра наших успеха
на културном пољу и подстрек за будући рад

На фсстивалу омладинс Југославијс, који ћс сс
одржати мессца октобра овс годинс у Београду, одржаћс
се низ прирсдаба омладинских хорова, фолклорних,
позоришних и балетских група, оркестара,
музичара и псвача солиста, изложбе радова студената
академија ликовних уметности и ученика школа
за примењећу уметност• Сва иступања на фестивалу
имаће карактер такмичења. Победници колективи
и појединци, добићс награде.

Правила за такмичење млађих музичара
у оквиру Фестивала Народне омладине Југославије

-1) Централно веће Народне оМладине
Југославије приређује
такмичење млађих музичара, које
ће се обавити у оквиру Фестивала
омладине Југославије
октобра месеца 1948 у Београду.
Такмичење обухвата следеће
гране музичке уметности:
а) соло инструменти; виолина,
клавир, виолончело, флаута. обоа,
к/аринет, фагот, рог, труба;
б) соло певање;
в) композиција;
г) дириговање (хорско и оркестарско).
2) На такмичењу могу да узму
учешћа сви чланови Народне
омладине.
3) Пријављивање за такмичење
вршиће се преко земаљских
већа Народне омлв|ДИ(не фестивалском
одбору до 15 јула 1948
године. Приликом пријављивања
кандидати треба да приложе:
а) кратак опис музичких
студија и уопште рада на музичком
пољу, б) године старости,
в) репертоар са којим намеравају
да наступе и његова
дужина трајања (назначити шта
долази у обавезни програм а
шта у шири репертоар).
4) Такмичење ће се вршити у
две етапе. У првој етапи, од 1
15 септембра, стручне комисије
при републиканским фестивалским
одборима извршиће одабирање
кандидата који долазе
у обзир да учествују на такмичењу
у Београду. Композитори
треба да предају своје радове
земаљским већима до септембра
1948 године.
Друга етапа биће у Београду
за време одржавања Фестивала
Југославије. У тој етапи
кандидати ће иступити два
пута: У првом делу извршиће се
шири избор најбољих, а у другом
делу одредиће се победници
и пласман прве тројице у
појединим гранама музичког

такмичења. Такмичење има јаван
карактер.
10) Обавезни програм:
I
КОМПОЗИЦИЈЕ
1) Масовна песма за двог/асни
хор уз пратњу клавира, на за.
дати текст.
2) Композиција за хор а ка-

пела обрада народне теме,
или соло песма уз пратњу клавира
обрада народне теме,
или на народни текст.
3) Композиција за хор а капела
на слободно изабрани
текст, или соло песма на ,слободно
изабрани текст.
II
ДИРИГ ОВ АН>Е
(а) оркестарско)
1) Бетове«: в Егмонт“, увертира
(напамет)
2) Два става (лагани и брзи)
из симфоније романтичне епохе
(по слободном избору)
(б) хорско)
1) XI руковет од Стевана Мокрањца
2) Једна композиција за мешовити
хор југословенског композитора
(по слободном избору)
Напомена: Све напамет
(Наставак у идућем броју)

Преко Сутјеске

Прелазимо Сутјеску. Чврсто се
држимо за телефонску жицу,
коју су другови разапели преко
ријеке. Гули се кожа на длановима,
а људи полако газе.
Набујала ријека нас заноси.
Жица се затеже, поново попушта,
а жива брана у облаку необично
се њиха и не да пролећној
бујици да тече мирно.
Због јаког притиска воде тло
под ногама к/изи. Идемо, а с леђа
се ломе таласи. Глава се повија
унапријед, мишићи на гнцу
затежу; очи су грозничаво успламћеле.
Прсти грчевито стежу
жицу.
Прелаз се врши полако. Секунда
вјечност, стопа безмјерје.
Очи упрте на њемачке
положаје. Шта може бити да
„шарци“ не клокоћу, нема ни
шрапнела ни гранате. Чини нам
се, ако само два секунда престане
да дејствује неко убојно и
страшно оружје на матици која
је кидисала да нас понесе, која
је свом својом снагом упрла да
нас пошаље Дркни, чини нам се
да је ту спас. Али то бива кратко:
рафал или ђуле, шрапне/- или
бацач прекине крваво коло
које се ухватило на ријеци. Али
оно се не да, но се поново
скупи као мишић, као нераскндива
тетива.

По који друг или другарица
већ не могу да издрже притисак
воде. Ноге беспомоћно траже
тле, а оно се одроњава и не да
нам стати. Ми не знамо или се
губи снага или се одроњава. Вода
надире и надире. Што више
газимо више и матица постаје
немилосрднија, и за трен ока
човјек се претвори с друге стране
жице. Вода га носи, јури низ
брзаке или га неки вир вјечно
згужва и прогута. Руке м/атарају
по валовима као да покушзвају
укротити ријеку. Чује се
запомагање, а таласи као уз пркос
још јаче буче. Је ли све узалуд:
може ли се игдје наћи
помоћи. Глава отежала, уста грцају
бчи избуљене то ниЈесу
више очи, већ два страшна свијетла
што траже дан... Два три
минута и све је готово. Неко зове
брата, неко друга, а једна
дјевојка борећи се са таласима
крикнула је нешто што се није
дало разумјети. Рука се помања
над водом, стишће ваздух.
И рука говори, и она би хтјела
казати да још треба да се живи
ради борбе за истински живот.
Ноге у опанцима жмукћу. Вода
се стаче низ оди Јела. Трчимо
путем поред ријеке и заузимамо
по/ожај према Њемцима.
Већ нас бацачи све јаче и ја-

че угрожавају. Непосредно испред
нас клокоће „шарац“. Фијучу
нам зрна поред главе и
бућкају по локвама на путу.
Украј нас већ леже мртви на
гомиле, а Сутјеска исто као кроз
вјечност бучи и течс. И односи
мртве другове. Како да
мо то што се дешава поред н>е:
јурњава, трка, дозивање, јаук...
По који друг се затетура испред
нас; и остаје ту, а ми га прескачемо
да бисмо пали у смрт, или
изборили живот.
Но очи, ипак, тешко гледај’у
оне који су остали ка путу. Човјек
се наслони на коњски труп,
па и у свему томе пали су ми на
ум косовски јунаци. Избуљио је
стакласте очи, ;ице му Је поцрњело,
уста су му била искривљена,
а зуби поломљени. Крв се
усирила на кошчате јагодице.
Порастегао ноге као да ће да
спава. Шта ће сиромах човЈек;
уморио се па не може ни да чује
вику ни јурњаву... За моменат
му завидим. Крај њега је
други лежао потрбушке. Чудновато,
како му је рука стегла пушку.
Још кркља а уста му срчу
блатњаву и крваву воду.
Протрчавам поред једног друга
који се копрца у последњем
ропцу. Из сљепоочнице му точи
крв, упрадо млаза. Сигурно га

ухватио рафал из митраљеза.
Застанем и не мичем поглед с
њега. Како ми је добро познат
тај његов искрвављени качкет,
Смеђа коса била је у крви у/и-јепљена.
И најзад га препознајем.
Да, Шабо, јест, Шабо,
мој најбољи друг. Сагнух се. Зовем
га. Зјене се рашириле и као
да би хтјеле да ме се нагледају
да ме покупе свега, да ме сликају
и да ме носе са њим. Рана
много крвари. Наједанпут поче
из уста да точи. Нешто сам
брбао по његовом изломљеном
тијелу, а руке су већ биле огрезле
у крви мога највјернијег
друга. Дотрчала је једна другарица,
за моменат му извадила
муницију из ранца и изгубила се
у замагљено бојиште. А ја сам
и даље гледао, и гледао, али
шта... Његови последњи дисаји
избацивали су млаз за млазом.
Осјећам како му дрхтавица прелази
тијелом. Већ зијева, плућа
се напињу а нога копа блатњави
пут.
Један друг је протрчао поред
мене и викнуо ми као дјетету:
„Шта радиш ти, што не идеш
на положај!“ Само сам га чуо,
али се нијесам осврнуо. Ја сам
и даље гледао стакласте очи и
мнрно тијело које се спремало
за почннак.
Мртав! прекосила ме истина
са којом се нијесам могао
борити. Завукао сам руку у његов
џеп, узео нотес ради успомене
и потрчао даље...

Брацо Брајичић

ПРЕТСТАВА АКАДЕМСКОГ ПОЗОРИШТА ЏЕМС ГО И ДИСО "Поручник Брег"



Црнац поручник Брет стиже
у кућу богатог сенатора Ленгдона
(1945, југ Америке), где је
одрастао као син сенаторове
служавке Црнкиње Беле. Насупрот
својим ћеркама и дирљивој
радости мајке сенатор дочекује
Брета хладно, опрезно, не
пружајући му чак ни руку; то
је на Југу забрањено! Овде је
већ фиксирана основна идеја, основни
сукоб између сенатора,
типичног претставника богатог
америчког политичара, потомка
некадашњих робовласника, и
Црнца Брета у коме сенатор
гледа опасног непријатеља, који
се из Европе враћа „заражен
бунтовиим идејама“ са циљем да
побуни ове Црнце и „дигне револуцију".
Околност да је сенаторов гост,
писац Мерик, негдв затурио скупоцени
сат, сенатор подмукло
користи и заједно са старијом
ћерком Алисом, Брета оптужује
за крађу. И у богатом стану
дволичног, нсмилосрдног сенатора,
човека који „не признаје насиље’,
Црнца Брета агенти
дивљачки туку да га онесвешћеног
однесу у затвор... То ћс
још више подићи свест код Брета
притиснутог „друштвеним
злом“ још од раног детињства.
И он ваставља сигурнију, одлуч.
нију, коренитију борбу...
РежиЈа (С Јовановић) успеш*

но је савладала овај сложени н
за режију тежак комад. И поред
широко постављених многобројних
проблема режија је
очувала јединство комада и осигурала
му дејство целином.
Режија је зрело савладала тенденцију
неких сцена да се „отму“
и изађу из оквира основне
линије те да је или замагле или
прерано открију. Режисер се сачувао
од сувишног психологизирања
и изолованог обрађивања
појединих момената: свака
сцена своју дубину, снагу, дејство
црпи из целине свеукупног
збивања. То захваљујући
добро компонованој режији која
је сваку улогу поставила према
основној идеји у однос који
је одређен, условљен, животном,
историском нужношћу.
Тако је основна идеја, смисао
претставе, студиозно проучена,
јасна и убедљива.
Р. Марковић специфичним ква/итетима
своје глуме богато
изражајном дикцијом и психолошки
продубљеном мимиком,
гестом, снажно је дао сенатора
Лангдона, тип који је никао
у тиничним околностима неминовног
распада империјализма...
Дволичан, тактички уздржљив,
не само старачки већ и историски
све мање моћан, па
ипак не са оним акцијама жестине
који су се „отели“ талентованом
Марковићу. Својом улогом
он је закорачио у зрела уметничка
остварења.
М, Паскаљевић (поручник
Брет) сигурним развојем своје
улоге много Је допринео јединству
целог комада. Супротности
које ничу у току развоја радње
слабијег глумца би присили/«
да И балансира“ и комад учини
фрагментарним. Без патоса, сугестивно
и снажно изразио је
коренити процес претварања
својих напредних! схватања у
матери Јалну снагу и све то, праћено
нашим изазиваним наслућивањем
његовог дубоког унутрашњег
доживљавања, дало је
овој улози велику утицајну снагу.
Љ. Павлопић дао Је простудиран
и интересантан лик писца
Мерика. Успешно је одражавао
однос између своје пасивности
према свим гадостима које види,
признаје и извесних активности
које ипак не допиру до
напредног, борбеног учешћа на
линији ослобођења Црнца. Одржавајући
меру своје у/оге, сво-

јом отвореношћу која прелази у
хумор, успешно је осветљавао и
давао животну свежину, рељефност,
многим сукобима на сцени.
3. Докнић (Бела, Бретова мајка)
својом интимном повезаношћу
за свеукупни развој радње
продубила Је основни сукоб а
своје квалитете „верност и
доброту" подигла до
животне реалности на сцени.
Највишу и најтежу тачку своје
улоге (сукоб са сенатором) дала
је потресно, самоуверено, одлучно.
О. Марковић дала је рељефно,
изразито обрађен лик Хони,
младе Црнкиње, служавке. Ово
честито девојче захваћено општим
развијањем свести код
Црнаца превази/ази своје младалачке
наивности и постаје
свесна свог односа према сенатору
с једне и Црнцима с друге
стране.
С. Јовановић (Алиса) и Н. Јовановић
(Неви) сенатореве кћери,
у међусобном сукобу који
је убедљиво растао све више,
успешно су проширивале подлогу
основне радње дајући јој
неколико јаких реализација из
којих се видела сва сложеност
њиховог положаја. Посебно значајни
лик дао је М. Томић (Рој,
адвокат). Успело га је тумачио
као типичног каријеристу, „плитког
политиканта“ који сања о
у;аску у сенат балансирајући
вешто између богатог сенатора
и грађана. Правилно и озбиљно
реализовање ове улоге осветлило
је политички живот у
САД.
Ж. Мајдевац, В. Стоиљковић,
Д. Пантелић, као агенти, деловали
су складношћу свог наступа
и „осенчили" наличје једног
друштвеног система.
М. Донић (сценограф) дао је
сцену успелу архитектонски. Од;ично
је решио проблем простора
проширујући сцену са дијаметралним
степеницама. (Захваљујући
њима, многи диЈализи су
добили у својој изражајности).
Млади, талентовани глумци Академског
позоришта најснажнији
утисак су оставили делуЈући
на сцени као целина, као колектив.
Они су успели да превазиђу
границе дилетантизма и
приближе се, неки више неки
мање, зрелим уметничким достигнућима.
Миленко Мисаиловић,

ст. фил.

БроЈ 18

НАРОДНИ СТУДЕНТ

3ЖИВОТ И БОРБА СТУДЕНАТА СВЕТА

НЕМАЧКИ СТУДЕНТИ СЕ OДУПИРУ ПОКУШАЈИМА
ЗА РАЗБИЈАЊЕ НЕМАЧКОГ ЈЕДИНСТВА

У Вартбургу, у Совјстској зо_
ни Немачке. одржано је саветован>е
студенагга на коме је узело
учешћа преко 600 делегата
студентских организација из
свих зона Немачке.
На саветовању је манифестована
тежња за јединством Немачке,
за јединством студентског
покрета и тешњом сарадњом
с радничким пкоретом, и
прихваћена резолуција у којој
се немачким студентима упућује
позив да се одупру свим покушајима
за разбијање немачког
јединства.

ФЕДЕРАЦИЈА ПОЉСКИХ
СТУДЕНАТА ОШТРО ОСУЂУЈЕ
ПАПИНЕ ПРОВОКАЦИЈЕ
У резолуцији Претседништва
Централног већа федерације
пољских студентских организација
оштро се осуђује писмо папе
Пија XII немачким бискупима, у
коме се покушава да оспори
право пол>ског народа на западне
границе и да истовремено оправда
злочиначка делатност немачких
фашистичких окупатора
у Пољској, против којих се
за време рата није никада иступало.
„Писмо папе Пија XII подвлачи
се у резагуцији није
религиозан, него изразито политички
акт и ударац против осећаја
историске правде и животних
интереса пољског народа и
његових неоспорних историских
права. Границе на Одри, Низи и
Балтику обележене су крвљу
пољских војника и окупљене

животима 6.000.000 Пол>ака који
су пали као невине жртве немачког
фашизма“.
У име целокупног студентског
покрета у резолуцији се захтева
да воћство католичке цркве
у Пољској заузме одлучан став
против овог папиног писма.

ОМЛАДИНА ЧЕХОСЛОВАЧКЕ
И АЛБАНИЈЕ РАДИЋЕ НА
ИЗГРАДЊИ БРАТСКИХ ЗЕМАЉА
НАРОДНЕ ДЕМОКРАТИЈЕ
Преко 1.100 чехословачких омладинаца
учествоваће ове године
у радним акцијама у »ностранству.
Савез Чехословачке
омгадине организовао је ове го_
дине радне бригаде које ће за
време лета радити у Југославији,
Бугарској, Албанији, Румунији
и Пољској.
★

Недавно је образована Албанска
омладинска бригада која
ће учествовати у радовима на
изградњи аутопута Београд Загреб.
Ову бригаду сачињава 200
омладинаца, изабраиих међу омладинцима
који су се највише
истакли на изградњи пруге
Драч —Тирана.
*

КИНА, Агенција Фр а нс-прес јавлл
да су студенти Пекиншког уаиверзитста
организовали протестни митинг
против америчке политике у Јапану.
С» митинга су упућени протестни телеграми
амерпчком министарству

спољпих послова и генералу Мак-Артуру.
У телеграму, који је упућен Мак
Артуру, нзмеђу осталога се пстиче:
„Под вашом управом Јапан се поново
налази на путу фашизма. Одлучно
протестујемо протнв таквог издајства
према савезницима.“
*

С.А.Д. Напредне снаге Америке
настављају борбу против реакцнонарног
Мунтовог законског предлога.
Ректор Принстонског универзитета
Санс, који је дао оставку иа свој пололсај,
изјавпо је у разговору с дописником
листа ~Дејли воркер“ да Мун.
тов законскп предлог, који ставља
Комунистичку партију ван закона,
противречи начелима слободе говора.
„Не може се бранити демократија
рекао је Санс држећи се фашистичког
пута“.

Напрсдне студентске организације
мпогнх универзитета воде енергичну
к.ампању против Мунтовог законског
лредлога. Појединв органпзације у
државама Њу-јорк, Њу-џерси и Еонектакут
поднеле су закон да народнл
посданици из тих држава гласају
против овог законског предлога који
има за циљ потпуну ликвидацију сдободне
мисли у Сједињсним амсричким
државама.

Завршавају се
радови I cmeне на градњи Новог Београда
градњи Новог Београда

Ових дана са градилишта у
Новом Београду, по завршеном
двомесечном боравку, одлазе
градитељи прве смене својим домовима.
Бављењем и радом у
Новом Београду, многобројни
градитељи претежно сеоских
бригада, нису допринели само
остварењу крупних резултата у
првој фази изградње Новог Београда,
већ су се и кроз разне
курсеве оспособили за нове задатке.
У првим задацима бригадисти
су извршили постављање широке
мреже дековиљског колосека
дугачке више ки/.ометара,
која је олакшала пренос грађевинског
и разног другог потребног
материјала. Исто тако оправљене
су многе старе и сазидане
нове зграде, намењене за
магацине, гараже и станове. Овим
су градитељи прве смене
остварили основне услове потребне
за даље успешно изграђивање
Новог Београда.
Културни живот и фискултура,
упркос напорном раду, такође
су били развијени на градилишту.
Шест курсева, на којима
су се оспособљавали кинооператори,
библиотекари, хоровође,
руководиоци предвојничке
обуке и ди/етантских група, по.
сећивало је укупно 4б9 градитеља.
За двомесечни период
бригадистима је прикааано 7
разних филмова и одржано 17
разних приредби. На образованим
аналфабетским течајевима
по свим бригадама научило је
да чита и пише 325 омладинаца.
Фискултуром се бавило 92 процента
бригадиста, а за значку
су 3435 пријављених омладинаца
положили 14.468 норми.
Резултати које су бригаде прве
сменс постигле на свим секторима
делатности говоре о ве/иком
залагању свих бригадиста.
Многи међу њима, који су
кроз стручне курсеве добили о-

сновна знања и надаље остзју
на градилишту где ће у својем
даљем залагању употпуњавати
своја трудом стечена знања и
издизати остале омладинце који
буду пристизали.

ПРЕД XI СВЕСОКОЛСКИ СЛЕТ У ПРАГУ

НА СЛЕТУ ЋЕ УЧЕСТБОВАТИ 3.900
југословенских фискултурника

На XI сресоколском слету у Прагу
поред великог броја чехословачких
фискултурпика, учествоваће и 1.500
фискултурннка Совјетског Савеза,
800 вежбача Пољске, 300 такмичара
Бугарске и 3.900 југословенских фискултрника.
После Десетог свесоколског
слета одржаног 1939 године, овогодишњи
сдет ће претстављати велику
манифестацију словенских народа, израз
братске солидарности и акт још
већег њиховог зближења. Овај први
сусрет сдовенских фискудтурника у

овако велпкоЈ! броју и долази као резултат
друштвено економских промепа
насталих у земљама нове демократије,
додази као резултат великог
залагања народних власти за развој
фискултуре у овим земљама, фискултуре
која постаје својина народа и која
свакодневно обухвата хиљаде нових
фискултурнпка. Зато Прашки слет и
претставља велик догађај за фискултуриике
Совјетског Савеза, Бугарске,
Југославије Пољске и Чехословачке
јер ће то бити не само спортска ма-

нифестација! већ и дубок израз братске
солидарности сдовенских народа,
Југословенски фискултурници вршв
велике припреме. Ових дана се близу
4.000 југосдовенских такмичара саку.
пидо у Љубљани где ће до краја месеца
увежбавати слетске елементе да
би тиме што боље и верније показали
квалитет нашег фескудтурног покрета.
Фискултурници из редова сељачке,
радничке, средн.ошколске и сту-.
дентске омладине иопуњени су радошћу
што им се пружа прилика да на
овој величанственој фискултурној
маиифестацији претстављају Титову
Југославију. Кроз разне велсбе и елементе
које ће прпказивати на Сдету
они ће симболнчки претстављати градптеље
социјализма, изразпће снагу
и стваралачке способности иаших народа.
Наши фискултурници који ће логоровати
у Љубљани биће подељени у
бригаде. На тај начнн се
сва увежбавања и постићп потребн а
уједиаченост, Путем предавања о фискултури
и фискудтурном покрету,
преко позоришннх и оиоскопских
приредби, фискултурници ће се у слободним
часовима посветити кудтурнв
—просветном раду, За време логоровања
такође је предвиђен и течај за
учење основног знања чешког језика,
На слету, они ће поред свечапе униформе
наступити у једппственим вежбачким
оделима која ће доцније бити
упиформа свих члаиова Гимнастичког
савеза Југосдавије.
Овогодишњи Слет у Прагу неће
имати само гимнастпчки програм, већ
ће се у нсто време одржати и бициклистичка
лакоатлетска, плпвачк а и
друга спортска такмичења. На многима
од ових такмпчења узеће учешћа
и наши фискултурници. Слет ће се
одрлсати на великом стадиону на
Страхову који може одједном да прими
око 300.000 гледалаца. На њему у
исто време може да вежба око 17.000
фискултурника.
Наши вежбачи, међу којима и 700
фискултурника Југословенске армије
наступпће 3 и 4 јула. Шестог јула ће
се одрлсати велики спортски дефиле
на коме ће учествовати преко 50.000
фискултурника и фискултурннца из
Чехословачке и другпх словенских земаља,
дак ће последњег дана Слета
наступити борци Чехословачке армије^
С. Ш.

ИПАК НЕШТО ЗНА

„Конкретно, на прва два питања не бнх знао да одговорим, а о
овом трећем могао бнх да пншем до сутра*

ФИСКУЛТУРА И СПОРТ

Лучић, студ. ДИФ-а, члан екипе петобоја свестраности
Београдског универзитета, д ругопласирани у укупном
пласману на Студентским играма у Загребу

4

Опговошш уоелник Влада Митровић, ст. права. Уредништво и администрација; Београд, Балканска улица 4, телефон 23-464; број чековног рачуна 1-9060014,
А р А Шхампарија „Омладина“, Београд, Војводе Мишића улица број 19

РIАРОДНИ СТУДЕНТ

Број 18
  </body>
 </text>
</TEI>