<TEI version="3.3.0" xmlns="http://www.tei-c.org/ns/1.0">
 <teiHeader>
  <fileDesc>
   <titleStmt>
    <title>The shortest TEI Document Imaginable</title>
   </titleStmt>
   <publicationStmt>
    <p>First published as part of TEI P2, this is the P5
         version using a namespace.</p>
   </publicationStmt>
   <sourceDesc>
    <p>No source: this is an original work.</p>
   </sourceDesc>
  </fileDesc>
 </teiHeader>
 <text>
  <body>
   <p>This is about the shortest TEI document imaginable.</p>
  </body>
 </text>
  <text>
  <body>
ПOВOДOМ ПОЧЕТКA РАДA ПАРТИСКИХ
КУРСЕВА МАРКСИЗМА-ЛЕЊИНИЗМА

I*l ети конгрес је подвукао нужнст
етадног изучавања марксизма-лењин.
изма, анализирао успехе и недостатке
в поставио основни задатак: ~Појачати
пропаганду марксизма-лењини.
зма у Партији и радним масама и при
томе посветити нарочиту пажњу изучавању
нарксистичко-дењинистичког
учења о изградњи -социјалистичког
друштва."
Еонгрес је истакао задатке које на
овом пол>у треба да изврше партиске
организације и Народна омладина на
факултетима. Ми морамо појачатп
наш рад „у циљу побољшања успеха
у учењу и школске дисциплине, и у
циљу свестраног марксистичко-лењинистичког
васпитања омладине." Ни
један студент не може данас свој
рад на факултету учење, главни
наш задатак у извршењу Петогодишњег
плана да одвоји од задатка
жоји стоји стално пред њим и који се
састоји у непрекидном и упорном изучавању
марксистичко-дењинистичке
теорије. Без знања марксизма-лењњ
низма ми нећемо моћи до испунимо
задатке које сада поставља и које ће
касније постављати пред нас у нашем
самосталном раду Партија и вародна
вдаст.
На X пленуму Централног већа
Народне омладине Југосдавије и иа
пленуму Универзитетског одб,ора НСО-а
који је одржан ове године разрађени
су на основу закључака V Еонгреса
и досадашњег искуства задаци који
стоје пред нама у току ове шкодске
године. Подвучени су несумњиви
уопеси које је имала београдска
организација НСО-а у организовању
идеолошко-подитичког рада. Подвучен
је значај разних форми идеолошког
уздизања и нарочито значај
партиских курсева. Истакнути
су успеси које је имала у току прошде
године партиска организација Београдског
универзитеха у њиховом
организовању. У току прошле године
нзучавано је 10 предмета на 177
курсева који су обухватили 8.427
слушалаца. На тим курсевима је радио
широк актив од 253 предавача,
внструктора и консудтаната. Ми при.
ступамо раду ове године обогаћени
закључцима V Еонгреса и морамо на
основу њих да анализирамо наше искуство
отварајући та»о још ширу
перспективу и постављајућу нове задатке
раду на идеолошко-политичком
уздизању маса студената, чланова
НСО-а.
Анадизом рада из прошде године
можемо да утврдимо да је више времена
него што је било потребно посвећено
организационо-техничким питањина
рада курсева, а много мање
раду на подизању идејности и помагању
предавачима- Даље, можемо утврдити
да факултетска руководства
нису посветила потребну пажњу и
пружида потребну помоћ курсевнма.
Схваћено је углавном да универзитетско
руководсхво курсева треба
еано да руководи њима. То се показало
пршивом избора предавача у
давању по неколико дужности предавачима;
у недовољном праћењу проблематике
и указивању на проблеме
универзитетског руководства одакле
је произашла можда непотребна
централизација целокупног’ рада у ру.
кама универзитетског руководства кур.
сева. Рад многих руководстава курсева
није био колективан, већ ет само по.
Јадинци радили, а понегде руководства
су се одвајала од слушалаца као
да чдг.нови руководства нису и сами
слушаоци већ нешто внше. На почет' г
прошле школске године била је често

недовољна и неправилна агитација,
што је учинило да су се слушаоци
пријављивали не познавајући добро начин
рада и предмете курсева. Исто
тако није указана довољна помоћ
предавачима у раду. Показала се, најзад,и
лична неодговорност једног бро.
ја слушалаца у изучавању материје.
Многи од њих су изучавли еамо неопходни
минимум литературе а некн
су покушали да уче само из предавања
која би записали.
Јасно је да су ово најизразитији
недостаци и ми их износимо сада ка.
ко бисмо обратили пажњу на могућност
њиховог поновног појављивања,
Од почетка рада ове године главни
задатак наших руководстава мора да
буде борба за идејну чистоћу и високи
идеолошки виво наших курсева. То
захтева непрекидну будност и упоран
рад са предавачима и слушаоцнма.
Рад са предавачима поставиће се ове
године на много ширу основу. Многи
предавачи морају да напусте шкодско,
књишко препричавање материје и
њадри-професорски став према слуша.
•цима. Већ сада би ови могли да проуче
драгоцену књигу за пропагандисту-марксиста
~0 комунистичком васпитању“
од Калињина. Руководства
курсева и предавачи морају да раде
на развијању курса као колектив који
има заједничкл циљ: што боље и правилније
схватити марксиаам-лењини.
зам, У вези с тим основно је поставити
дискусију на другарску основу
од тога зависи у многоме лравидно
разумевање материје. И слушаоци
курсева узимају на себе озбиљну

одговорност приступајући раду на
партискнм курсевима.; у проучавању
материје гдавни је индивидуални рад,
док су предавања и консудтације помоћно
средство.
Сваки члан НСО-а слушалац ве.
черњих курсева марксизма-лењинизма,
то је циљ који ми ове године постављамо
пред нас- Факудтетска руковод.
ства ће успети у томе ако правилно
поставе агитацију и објасне значај
изучавања марксизма-лењинизма уопште
и програме и значај појединих
предмета посебно, Сваки студент
приликом избора предмета требало би
да се определи за онај који одговара
његовом знању марксизма-лењинизма.
Не могу се теже ствари док се
не науче основне. Веома је важно
правилно орнјентисати чланство у одабирању
предмета.
Факултетска руководства ће претре.
сати на својој седници питање сваког
предавача и инструктора. Мора се оцигурати
да предавач нема других
задатака поред рада на курсу то је
залога сталног подизања идеолошког
нивоа наших курсева,
На V Конгресу КПЈ дата је висока
оцена рада партиске организације
Београдског универзитета пре рата,
који је био ~пример не само великих
окршаја, не само добро оргаиизованог
'иасовног рада, већ и добро организваног
теоретско-идеолошког васпитног
рада." Доследно спроводећи
закључке V Конгреса ми ћемо даље
развијати револуционарне традиције
нагаег Универзитета, великих школа
и акадеиија, Милан Шаховић

СТУДЕНТ - НОВАТОР

СРЕБРИЋ БOГОЉУБ СMAЊИО ПРОИЗВОДНЕ ТРОШКОВЕ
ЗА 60%

Конференци4а треће подине Технолошког факултета
похвалила је и истакла за примвр друга Сребрића
Богољуба, који је у индустрији лекова ~Плива”
где је био на ггракси, твостигао велими успех
као новатар. Он је успео да на рациокалан начин
реши питање добијања калlиум-ј)одадаl и тиме сма.
њио производне трошкове за око 60 процената, и
за то је напрађен од предузећа. На наигу молбу о«
је написао за „Народни стуиент” како је постигао
тај уопех:

„Одређен сам на праксу у
предузеће за производњу пекова
г.Плива” у Загребу. По
доласку у предузеће видео
сам да моја пракса неће биги
нз механичке технологије, како
би то требало, већ из неорганоке
хемиске технологије.
Зато сам замолио управупредузећа
да ми одреди з а датак
који би имао карактер елабаратора.
Тај елаборат, иначе,
израђују студеити на пракси
из неорганске хемискетехнологије.
Захваљујући разумевању
и предусретљивости
руководиоца предузећа ја сам
и званично добио задатак;
„добијање калијевог јодида.”
На расположењу ми је стајала
литература, лабораторијум,
искуство дотадашњег рада
на добијању тог препарата
у фабрици и сазети руководилаца
и стручног саветника
предузећа професора
Његована. Пошто се показало
у току| раније производње да
је рад на добијању калиум-јодвда
доста непрактичан, професор
Његован је још од ра-

није радио на решавању проблема
упрошћавања односно
налажења боље методе
рада.
Професор Његован решавао
је тај проблем употребом
другог редукционог сретства
(поред других добрих страна
и Јефтинијег) али резултати
нису били у потпуности задовољавајући,
јер је увек постојала
могућност да добијени
кристали буду обојени мрко,
сем тога контрола процеса је
доста компликована и потребно
је да Је водји стручни радник.
Користећи искуства професора
Његована сматрао сам
да Је суштина проблема у
спречавању појава јодата коЈи
се тешко одваја од јодида;
дошао сам на ндеЈу да то постигнем
тако да већ постојећи
процес потпуно преокренем
на таЈ начин што из сировина
створим прелазни продукат
а тек онда из н»ега јодид
без опасности да се поЈави
јодат.
Сважодневно сам врпгио
пробе у том правцу и напо-

кон дошао до резултата коЈи
сам сматрао задовољаваЈућим,
о чему су псзитиБНО
мишљење дали и стручни руководиоци
предузећа. Побољшање
процеса које се на таЈ
начин остваруЈе састоји се у
следећем: временски цео
процес траје око три сата
док Је раније трајао отприлиме
шеснаест; почетна фаза
реакције обавља се мирно и
спонтано на умереној темнератури
и тек пред краЈ процеса
подиже се температура на
око 100 степени; не долази
уопште до издвајања јодних
пара коЈе су врло штетне;
крај процеса Је изразито Јасан
(губитак боЈе, те га може
контролисати и неквалификовани
радник); заостали
луп после искристалисаваЉа
може се искористнти сипањем
у нову шаржу што раниЈе
вије био случаЈ.
Још за време задњих дана
мог боравка у фабрици искоришћен
Је моЈ рецепт за добијање
калнум-јодида у већим
количинама. Сматрам да је рад
на овоме задатку имао за мене
великог значаја: Први пут
сам дошао у додир са проблемима
у производњи, и од
тог времена се код мене повећало
»нтересовање за изучавање
хемије и продубљивање
проблема.”

ГОДИШЊИЦА
ОСЛОБОЂЕЊА БЕОГРАДА

Пре четири године, 20 октобра 1944, ослобођен је
Београд главни град ФНРЈ. 20 октобра 1944 немачки
окупатор истеран је из порушеног, рањеног Београда,
Тог дана радни народ Београда поздравио је своје херојске
ослободиоце војнике Народноослободилачке војске
Југославије и војнике Црвене армије. Тај дан, иако у
рушевинама и пламену, дочекао је Београд као најрадоснији,
највећи дан своје историје.
20 октобар 1948 дочекује Београд у Јеку остварења
првог Титовог Петогодишњег плана, у јеку социјалистичке
изградње наше земље.
Н а сли ц и : детаљ из борбе за ослобођење Београда
(горе) и изградња Новог Београда (доле).
(Фото: »Народни сггудеипч Алоксадздар Тодороваћ)

У ЧАСТ КОНГРЕСА

ФОРМИРАЈУ СЕ
ПРВЕ БРИГАДЕ

На свим нашим факултетима по-.
чео јв, у оквиру такмичења пред Кон.
грес уједињења, упис у раднв брнгаде.
На Правном факултету формирана
је радна бригада. На Медицинском
факултету, поред већ постојећих
бригада, формираће се ових дана нова
бригада. Ветеринарски факултет јв
дао обавезу на 6.000 радних часова
Већ ове прве вести о бригадама
показују да наше организације Народне
омладине на факултетима правилно
схватају важност формирања
радних бригада. Опет студенти треба
да покажу своју високу свест, да, учествујући
у изградњи студентских па.
виљона за становање и другим радним
акцијама у Београду, помогну
решавању једног од најтежих проблвма,
решавању станбеног питања.
Наше радне бригаде које су летос
постале два, три, четири и шест пута
ударне, ко]е су на радилиштима гдв
су радиле биле пример дисциплине,
радног елана и вештине организације
рада ,треба на акцијама у Београду
својим искуством да помогну што бо.
љем и пгго успешнијем раду студентских
бригада.
Секције за агитацију и пропаганду
на нагаим факултетима аису пружиле
знатнију помоћ организацијама Народне
омладине приликом формирања
бригада. Многи студенти не знају ни.
шта о организовању бригада, многи
студенти не знају да ће бригаде ускоро
почети да раде, да оне имају велике
задатке и велики значај. Да није
било тог пропуста секција за агитацију
и пропаганду, који може да
се поправи, у радне бригаде, на неким
факултетима уписао би се много
већи број студената него данас.

СМРТ ФАШИЗМУ СЛОБОДА НАРОДУ! ЦЕНА 2. ДИНАРА
\Џсфомш _
шцђвнш
ОРГАН НАРОДНЕ СТУДЕНТСКЕ ОМААДИНЕ БЕОГРАДСКОГ УНИВЕРЗИТЕТА
25 БЕОГРАД, 20 ОКТОБАР Година XIIПочнимо са припремама за
јануарски испитни рок

Предавање
са пројекцијама
на Ветеринарском
факултету

На друпсцј години већ се
озбиљно слрема анатомијаза
јаиуарсми испиггни рок. Захваљујући
залагању професора
д-р. Владете Симића и
асистената пр« анатомском
институту, одржаваЈу се, поред
усмеких прецавања, и предавања
са пројекцијама. На
њкма се понавља пређено
грашиво у току изаесног лериода
времека, а убудуће ће
репетнцшје обухватити предавања
одржана у току једае
недеље. На овим предавањима
уведеиа је једна корисна новина:
после репетирања пређеног
прадива прооеистују се
ствари о којима ће се говориги
на предавањима следеће
недеље, и на тај начин
теоретска предавања постају
миопо приступачни|Ја.
Решеио је да се студентима
коо« иеуредно пчхећују ова
предавања не овсри семестар.
Н. П.
НА ЕКОНОМСКОМ ФАКУЛТЕТУ
ПОЧЕЛИ КУРСЕВИ
18 октобра почели су курсеви
из аиализе биланса, привредне
математике I, привредне
математике 11, и трговачмог
и кндустриског књиговодства.
На овим курсевима
опремају се заостали ислити
за јануарски испитни ркж. У
плачу је организовање консултација
из политичке екоиомице
I и 11, плаиирања и неккх
друтих предмета на кОјкма
ће се мо«тролlисати индивидуални
рад студената и
разјашњавати нејасне делове
прадива. Ове консултације почеће
почетком новембра.

Носилац прелазне заставице
Пољопривредно-шумарског фа
култета

Трећа година
ликвидираће
заостале испите

Прошле годи<не за најбоље показане
резултате У учењу и осталим
акцијама Народне студентске
омладине, ак-тв треће
године агронома освојио је гарелазну
заставицу фажултета. За
јувски испитни рок овај атстив
се обавезао на 2424 иогаита, док
је пријављено 2560. Од тота је
положено 1840 или 72%, док јс
остали део од 28% отишао на
пале и одустале.
Конференцнја актива треће
лсцдиие указала 1е на неуспехе
свптембарскот испитногг рока и
донела четворомесечки план рада
за зимски семестар. Анализа
септембарског неуспеха како
кроз реферат тако и кроз дискусију
по«азала је да задужење
у Народној студентској омладини
нл« радне акције нису нимал.о
узрок неуспеха на испитима.
Напротив, другови који оу били
на радним акцијама положили
су наомање по два испита а велики
је број оннх који су дали
по три, четири и више испита
Четворомесечнги план овог актива,
који је конференциЈа прихватила
и допунила, обухвата
на стручном сектору пиквидапију
100*/» процената заосталих испита
са прве године, 90®/* процеиата
са друге године.
На идеолошко-политич’ им курсевима
обухватиће се сви студенти.
Овај актив ће такође дати
из редова најбољих ступената
још десет демоистрат ора
а у оквиру стручних предавања
за село оспособиће се током године
40 предавача.

МиодрЗг Обресковић,

студснт екоиомије

Поводом реорганизације културно-просветних секција
АГИТАЦИЈА И ПРОПАГАНДА ТРЕБА ДА
СЕ ОДВИЈА У ЗНАКУ ТАКМИЧЕЊА

У овој школској години агитационо
пропагандни рад, треба
да се одвија кроз измењене,
оперативније оргапизационе
форме, које ће бити у стању да
овај тако разгранат и свеобухватан
сектор сједине и руководе
њиме као једном целином.
Агитпроп одељења која се сада
формирају при универзитетском
и факултетским руководствима
Народне студентске омладине
броје по четири-пет
људи. У њих улазе другови одговорни
за: идеолошко политички
рад, културно-уметнички, агитацију
и штампу, историјат омладинског
покрета (на неким
факултетима). Свако агитпроп
одељење имаће секретара који
сједињава рад свих сектора, води
свакодневну контролу извршења
задатака и руководи статистиком
и евиденцијом. Читавим
одељењем руководи члан
секретаријата Народне студентске
омладине, одговоран за агитацију
и пропаганду.

Услед обимности ових сектора
потребно је за сваки од њих
формирати апарат (отсеке) који
ће омогућити остварење плана
агитпроп одељења. Тако ће отсеци
за идеолошко-политички
рад обухватити партијске курсеве,
предавања из марксизма и
дебатне клубове. Основни задатак
на овом пољу васпитања
јесте кроз разне форме (курсеве,
кружоке семинаре, предавања,
дебатне клубове) обухватити
све студенте на изучавању и усвајању
марксистичко-лењинистичке
теорије. Конкретан задатак
отсека за идеолошко-политички
рад у току овог семестра
је темељита прерада материјала
са Петог конгреса КПЈ.
Агитацијом и штампом руководиће
отсек у коме ће бити другови
одговорни за штампу (растурање,
претплата, дописничка
мрежа), радио службу, организационо
техничку секцију, очигледну
агитацију итд. Ради што
успешније агитације за поједи-

не конкретне задатке формираће
се активи агитатора од руководилаца
Народне студентске
омладине на факултетима, и
других најбољих чланова. Ови
активи неће постојати као стална
организациона форма, вего
повремено, по најхитнијим актуелним
задацима.
Културно-уметнички рад на
факултетима треба у целинида
се одвија кроз културно-уметничка
друштва Учешће студената
у раду друштва од самог
почетка једино је правилно поставити
на добровољној основи.
Управа друштва треба да руководи
целокупним културно-уметничким
радом на факултету,
да организује колективни и
забавни живот, да се брине за
учешће студената на културним
приредбама ван факултета. Овде
је важно упозорити на правилан
однос факултетских друштава
према Универзитетском
културно-уметничком друштву
„Бранко Крсмановић" за које
треба бирати најбоље, најталентованије
људе са факултета.
Да би се сви ови задаци могли
извршити, факултетска руководства
морају се осетити много
самосталнија у руковођењу
овим сектором. Она су дужна на
основу опште линије давати конкретне
задатке агитацији и пропаганди,
не дозвољавајући да
се њихова агитпроп одељења
везују искључиво за агитпроп
Универзитетског одбора. Од факултетског
руководства преко
агитпроп одељења све до група
Народне студентске омладине
потребно је остварити широку
мрежу људи одговорних за сваки
поједини сектор агитације и
пропаганде.
Целокупна агитација и пропаганда
треба да се одвија у знаку
такмичења које се сада спроводи
у нашој организацији. С
једне стране агитатори ће искористити
све расположцве форме
за развијање такмичења, а
с друге стране задаци, које обухвата
агитација и пропаганда,
најбоље и најбрже ће се извршити
ако се буду спроводили
кроз такмичарске обавезе.

Ветеринарски факултет

Шест хиљада радних часова за
изградњу студентских павиљона

На плвнуму Надооне студентоке
омладине Ветеркнарокот факултета,
доиете оу нове организационе
форме за рад у овој
школско! гошlи»и, као и план
такмичења у част уједин,ен,а Савеза
комунистичке омладине Југославије
и Нарсчдне омладине.
На свим годинама су оформљени
активи а њиховом полелом
На већи број група омогућиће
се не само цсавишније одв»јан>е
вежбивећ и бољи рад секција.
Ради лакшег прилагођавања
у раду, гарву годину помагаће,
у прто креме, другови са стариЈ>их
поднна као и ииортуктори
при активу прве године,
Планом се гпредвиђа да сви
студенти прlиме индивидуалне
обевазе на мо!К'фсренцијама по
групама. Народна студентска омладина
ће се борити за редовно
посећlИван>е предапања и

вежби, бољи рад научних група,
систематско учење и извесне изме«е
у »о®ом наставиом плану
како 6и се избегла преоптерећекост
студената друге и пете
године велlшдам бројем предмета.
Основаће се културно-уметничко
др-уштво са неколко секција,
а ивлолошко - васпитном
раду посветиће се нарочита пажња.
На политичким курсевима
ће бити обухваћено 100 посто
студената.
На крају је усвојен предлог
да се, поред већ постојећих
бригада на другој и трећој годинм
које су радиле у Панчевачком
риту и Новом Београду,
формирају и радне брмгаде на
осталим годинама које ће радити
дваттут месечно и дати шест
хиљада радних часова на »з-градњи
студвнтских павиљона и
у другим акцијама

ИЗ АКАДЕМИЈЕ ЛИКОВНИХ УМЕТНОСТИ

ЗА БОЉИ СТРУЧНИ РАД

На пленуму Народне стулентске омладине Београдоког
универзитета Академ.ша лкковних уметности се
обавезала да на колоквијуме изведе 100% студената
и положи их са просечном оценом 8,30, да положи све
заостале испите са9o% редошик испита са просечном
оцеиом 8. Академнја Л|Иковннх уметности је позвала
све факултете на такмичење.

Већина студената Академије
л-иковних уметиости није сматрала
прошле школске године п>
лагање теориј|Ских исшита обавезним.
Велики број заосталих
испита претстављао је проблеи.
Он се нарочито испољио у последшем
испитном року када је
збот њега велики бро! студепата
одустао од испита. Народна
омладина у зајелиици са Ректоратом
поставила је гаред себе задатак
да отклони све прошлогодкшње
прешке. Овакав рал ггоказује
већ прве резултате. Почетком
ове године на колоквијуме
су изишли скоро свн студенти
и успех Је заотовољавајући
Стручна секција ради на томе
да се штампа!у скрипта, стручне
новкне и да се преводи извесно
стручно градиво с обзиром
да је потребна литература
веома оскудна на нашем језику.
Велкки број стулената је ангажован
око превођења и опремзња
материјала.
Као обавезна форма рада усвојена
је колективна критика
радова по класама и годинамз
за целу школу у којоЈ учествују
и три професора. Овакав начин
рада је од великог значаја
јер развија јединственост и об
јективност у гледању и оиењивању,
помаже да се исправе гре-

шке и недостаци, разбија субЈ
штивизлм и формализам итд.
ТАКМИЧЕЊЕ ПРЕД фЕСТИВАЛ
ОМЛАДИНЕ ЈУГОСЛАВИЈЕ
КраЈем прошле голине студенти
Академије су давали обавезе
за сгтремање радова за фестивлл
Овога лета студенти су учеств-о
вали у читавом низу радних акци»ја:
на Новом Београгау, на
прузи Кучев-о —Броджце, иа изпралњи
електрокомб!ината МаВ(ровк>
и др.
Ових дана је земаљски жири
одабрао 270 радова кој« ће ући
у обзир за изложбу фестивала
Народне омлалине Југославнје.
За ову изложбу ће сем београлске
академије лати радове и остале
лилоовие школе из свих народних
републижа.
НА СПЕЦИЈАЛКУ ПРИМЉЕНО
СЕДАМ СТУДЕНАТА
О&огодишњи конкурс и пријем
на Специјалку Академије ликовних
уметности дали су следеће
рсзултате: од девет студенапга
коги су по свршеном онштем течају
конкурисали са раловима
седам је примљено, и то: три на
сликарств-о, два на вај’арство и
лва на графику. Да би се сви
студенти вежбали у оцењивању

квалитета |радк>ва, нагтрављена „е
интерна изложба на којој је било
изложено 57 радова студената
који су конкурисал« за
Специјалку.
На састату ново примљених
стушената са ректоцгом и професорнма
разматрана су принцнпи-Iелиа
питања нових форми рада
и задатака студената у СпецијалКIИ.
Студенти Специјг.лкс ће радити
комттозиције ив нашег савременог
живота по слободиом
нзбору. Пре преузимања рада
студент ће поднети скицу по
којој ће дЈискутовати и студенти
и професори и тек после тога ће
пристуттити раду.

Милун Ми^гровић

ПРАВНИ ФАКУЛТЕТ

Формирана радна бригада

На Правном факудтету одржана је
конфвlрвнциј» актива Народне студентске
омдадине која је имала за
циљ упознавање студената са задацима
на почетку нове школске године, и
допуиу привременог секретаријата
због одласка већег броја другова на
нове дужности.
У уводној речи члана секретаријата,
друга Кастратовића, и у дискуси.
ји по разним секторима дат је биланс
прошлогодишњег рада организације,
анализа како успеха тако и неуспеха;
и постављени су нови задаци, боље
рећи, дискутанти су се дотакли претстојсћих
задатака само набрајајућн
их, не постат»љаlући их конкретно и
у јасно одрсђенпм облпцима. Разлог
оваквог тока и рада конференције,

као што је констатовао један од другова
на крају дискусије, лежи у неодржавању
пленума секретаријата и
конференција појединих година на
којима је требало донети конкретне
планове и поставитн одређене задатке,
у занемаривању чињенице да се
налазимо у такмичењу у част конгреса
Уједињења Народне омладине Југославије,
такмичењу специфичном и
'единственом по свом значају и обиму.
Конференција је и поред свих не-»остатака
имала успеха На конференцији
је формнрана радна брпгада
у коју су се уписалн и скоро свп
присутни, око 170 другова и другарица
и извршена је претплата свих
присутних другова за лист „Радник",
орган ЦК Србије.

Неоснована и
штетна верзија
„о слободним
испитним
роковима“

Још у почетку септембарског
испитног рока, почела је да се
шири, по скоро свим факултетима
верзија о тобожњим „слободним
испитним роковима", који
ће се дозволити студентима са
заосталим испитима старијих година.
Ма да се неоснованост и штетност
ове верзије, нарочито за
септембарске испите, као и даљи
студиозви рад студената могла
одмах уочитц, већи број
студената и нека наша руководства
имала су и имају по овом
питању неправилан и лабав став.
Иако је било јасно да слободних
испитних рокова неће бити,
да је ова верзија поникла већином
од оних студената који ни
редовне испитне рокове не користе,
нека руководства су је
подржавала и помагала њеном
ширењу. Тако на пример другови
из стручног одбора Више
педагошке школе траже слободне
рокове, тврдећи „да је то једини
начин благовременог ликвидирања
заосталих испита“.
На Медицинској великој школи
поред тога што се препричава о
слободним роковима, тражи се
продужење овог испитног рока
чак „до 10 или 15 новембра“,
што у ствари није ништа друго
до нови иопитни рок. Слична
препричавања чују се скоро сваког
дана по аулама Економског
и Правног факултета и др.
Ове верзије тенденције имају
вишеструки слаб одраз на
рад наше организације и спровођење
оних задатака, у вези са
стручним радом, које су пред њу
поставили Пленум Централног
већа и Пленум Универзитетског
одбора Народне слудентске омладине.
Несумњиво је да су оне
биле и једап од елемената, који
је много допринео онако великом
и неодговорном одустајању
на септембарском испитном року.
__
Оне коче у извесној мери, а
то нарочито сада када смо на почетку
нове године, плански и систематски
рад, који треба да обезбеди
и редовно посећивање
предавања и континуирано учење
током читаве школске године,
и као логичну последицу
тога пуно коришћење већ постојећих
редовних испитних рокова
и у њима ликвидирање заосталих
испита.
„Једини начин ликвидирања
заосталих испита“ није како то
тврде, рецимо, другови са Више
педагошке школе, давање нових
слободних рокова; напротив, они
су директно супротни Правилнику
универзитетских власти,
настојањима и залагању наше
организације да се нормализује
рад на нашсм Универзитету и
уђе у нормалан колосек стварања
квалитативно и квантитативно
потребног броја високо-квалификованих
стручних кадроваза
извршење Петогодишњег плана,
и то на време.

2

НАРОДНИ СТУДЕНТ

Број 25ЗА СПРОВОЂЕЊЕ ОДЛУКА ПЛЕНУМА УНИВЕРЗИТЕТСКОГ ОДБОРА

ЗАШТО СЕ НА ФАКУЛТЕТИМА
НИСУ ОДРЖАЛИ ПЛЕНУМИ ОДБОРА

Осноииа гаранција даљих усарганизаци}е
НаЈрквдне-студентске
омладиНе на нашем Универзитету
биће још јаче организационо
учаршћење како основвих
оргаиизација Народне студентске
омлао!ине тако и самих
фахултетских руководстава. У
том организациоиом учв<ршћен>у
најважније је побољшати методе
руководст»а и повећати практичност
рада основних организација.
Тиме ће се постићи да наше
групе и активи добију пун
садржај рада, да се развице њихов
унутрашњи ждаот и да самокритиха
и критика још вмше
постану један од начина уклањања
грешака.
Али поред о«от стабилизовања
основних организациЈа, треба
учврстити. осамосталнти н
ослободити практицизма и секретари
Јате актива. То ће се
наЈбоље решити путем редовног
одржавања састанака секретаријата
и пленума. И то не само
када треба пренети и диску.
товати о закључцима и директивама,
ил« пред организовање и
спровођење неке акције, већ увек
када се појави неки проблем
и тешкоћа у раду. На овом оспособљавању
руководстава треба,
у почетку о®е школске године,
нарочито радити и то брзо радити.
Јер темпо оживљавања
рада наших оргакизација последњих
дана је велики, а стари
иедостаци у раду опет се појављују.
Тако, иа пример, ма да је било
предвиђено да се пленуми факултетских
одбора поводом такмичења
у част Конгреса спајања
СКОЈ-а и Народне омладЈине одрже
до 10-ог овог месеца, до
данас на миопим факултетима
нису одржани.
- Искуство т рада шрошле године
по<казало нам је да су шганови
груота и актива допринели
уношењу система у рад и планском
одв(ијању и извршењу задатака.
Међутим, на почетку ове
псцдине, нарочито сад за време
таммичења, опет се заборавило
на планове.
Поставља се питање како је
могуће без чврстог организацио«ог
руководства које се не састаје,
које не даје генерална упут
ства за рад и не каналише тај
рад, како је могуће без плана и
система, спроводити такмичење?
Сашим разумљиво да се онда

целоиоупан рад одвија неплански
и да је препуштен сналажл»ивости
појединаца. Зато имамо
ситуацију да су се поједине
свкције снашле и већ раде а
Друге још нису ни организационо
оформљене.
Такмичење је отпочело, али
оно већ на почетку носи у себи
знаке спонтаности. Зато је задатаlк
руководстава да иорадом
планова и учвршћењем Секција
отклоне што пре ове недостатке.
Долазак више од четири хиљаде
нових стушената на наше
факултете поставл>а нашој организацији
посебне задатке. Организационо
оређивање првжх
година и њихово благовремено

уклуучиаање како у стручн«, та_
ко и у целокупии живот наше
организације, хитан је »адатак,
Међутим, према овом питању
многа руководства факултета
односе се немаlрно. На већем
броју факултета још увек нису
одржане предвиђене конферен*
ције са првом годином. Постоји
опасност да и ове госиине наши
млади другоаи избегну потпуну
контролу органиваццје у своме
стручном раду те опет понове
преимсу прошлогодишн>е прве
године закашњење у стручном
раду опет заостале испите.
Против горшик грешака морамо
се борити, јер више нема
правдања недостагком искуства.

Припреме за савезни омладински Фестивал

Концерт
културно-уметничког
друштва „Бранко
Крсмановић“

У оквиру герипремања за савезни
омЈгадински Фестивал, вел»ку
културну манифестацију
наше омладине, мултурио-умегнмчко
друштво Београдсмог универзитета
„Бранко КрсмаиовиН”
приређује монцерте хора и фолклора.
Оаи концерти претстављаће
смотру досадашњег рада
нашег друштва, резултат уредног
похађања проба, и њиховог
залагања за што бољи успех.
То оу генералне пробе пре иступа
на фесггивал на којима
ће се најбоље виццети њихови
уопеси као и њихови недостаци.
Концерт фолклора одржаће се
23 овог месецл на Технишкој великој
школи где ће иступати наше
најбоље прупе; српска, влашка,
врањанома, македонска, и
стил(нзo|вана група.
Стилнзоеана прупа наступаће
са следећим протрамом: два
кола из ».Охридске легенде”,
„тешкото”, „сватовац” „дрмеш“,
и „кокоњеште”.
А концерт хора одржаће се 24
ов!ОТ месеца на Правном факултету.
Иступаће се са песмама
које оу опремане за фестивал.
Ту имамо ~Х руковет” од Мо-

»рањца, „К-овару" од Данона,
„Црного(рско” Херцигоња,
„Вода звира” Славенск« в
„Пастирчки” Лајовец.
Коицерт хора као и концерт
фолклсцра су смотра културних
сната нашет Универзитета, оних
снага које ће нас заступати и на
Фесгивалу Народне омладнне
Јуlгославије.
На свнм факултетима оскивају св
културио-уметнмчка друштва
На основу Правилника н оквврног
плана културно-уметничкот отсека У.
ниверзитета', одржаће се до 20 октобра
оснивачве конференције друштава
на Филозофском, Ветеринарскон,
Правном, Природно-математичком и др.
На овим конференцијама ће св поред
осталог изабрати управни одбори и
стручни руководиоци секција, који ће
израдити план за зимски семестар.
Вече студсната I гсднне на Правном
фаиултету
Ма да још није одржана оснивачка
конференција друштва, иницијативии
одбор је припремио за суботу вече
студенаха I године.

НАД СТАЉИНОВОМ КЊИГОМ

Судбина Југославије крије се у борби
њених радних маса за изградњу социјализма,
и само у н>ој!
Милован Ђилас
Гледамо, ти и ја, Иване драги,
како облак, црни облак расте;
падне која кап и крилима трепте
немирне, добре ласте...
А ти, Иваие, с књигом на кољену.
И шутиш. Мирно је око нас.
Тако тихо окренеш страницу,
тако топло одјекне глас.
Тако топло одјекне глас,
а облак све већи бива,
киша ће за који час
сред јесењих њива.
Мени се чини нисмо сами, Иване,
Стаљин Је с нама и у тај мах;
његове се чуЈу риЈечи
осјећамо им дах.
Оне нас воде и воћ и дан,
ту су у сваком радном стро Ју.
Кад битку почнеш, битку за план
ту ријеч пронађеш у своме зноју.
Ту ријеч пронађсш у крви, у зноју:
Стаљин свуда гдје радннк хиви,
Стаљин у свакој
Тнтовој директиви!
И ко да сам опет у бригади, Иване,
на градњи новог града,
гдје хиљаде, као ти и ја,
зграде диху сада.
Ко да гледам све чете јунака
наше осјећање дуга.
И подвнге дјевојака,
очи мога друга;
њега у радном пламену
о творници кад снива.
Терет му је на рамену,
ал осмијех не сакрива...
...И кад заклопиш књигу, Иване,
даљина је ту пред нама.
И Тито, и Стаљин
на нашим заставама.
А дигнем ли поглед са црних слова, Иване,
у меви гори, у мени ватра хива!
Зар ва м а каху: нисте нит од нити
великог колектива?
Зар малоЈ земљи, земљи великана.
зар народу мом лах у лице!?
ЧуЈ: само Је дјело усклик дана,
дјело друга, полет другарице!
И пЈевам о теби, Иване, о срцу што пече,
о видику што љепши, све љешци постаје.
Јер лах тече, и протече,
а истина истином остаје!

Павао БРОЗ

Поводом филма „ЖИВОТ ЈЕ НАШ“

С» пој-авом четвртог домаћег умет.
ничког филма остварила су се изве-сна
нова постигнућа и испољиле нове
грешке нашег младог филмског кадра,
Чињеница да је ово наш четврти у!
метнички филм, за којим већ стоје
озбиљни успеси, поставља нове захтеве
и пооштрава суд нашег гледаоца.
Писац сценарија, Влатко Влатковић,
борио се са огромним богатством
материјала, обиљем мотива и тежио
је да из својих свеже наталожених
утисака уочи битно, типично, основну
развојну снагу једне новв друштвенв
појаве. да оформи ликове и констру- ј
ише фабуду и да у целини одрази
изгцрадњу једног од највећих објека- 1
1а нове Југославије. Задатак, без су- ј
мње, није био лак и младом писцу ј
-сценарија, без искуства у томе погледу
поткрале су се грешке. Разлог ,
је вероватно у томе, што су живи, '
привлачни материјал и многобројни ]
утисци диктирали В. Влатковићем, те (
'је он, у жељи да захвати много про- I
блема, да прпкаже много од онога што I
је видео, дао филму као целини, по- ]
ред реалистички постављених сцена ј
и личности, много набачених и (
необрађених проблема, мотива и лн- <
кова, ч!есто одвојених и недовољно <
повезаних. Отуда у филму има доста (
хронике, а недовољно уметничког у- (
општавања. Али и поред тога, баш у ј
постављању основних проблема и
конфликата, у уочавању и реализаци- I
ји типичног, одраженог у основном 1
развијању радње, постављању међу- I
собних односа и посебних лнк п ва,
У сценарију је начињена једна кру- о

пна грешка, чцјој је анализи, без те.
жње за заокругљеном оценом свих
страна овог филма, и посвећен овај
чланак.
Псторијска је чињеница да је заједничка
борба за нови друштвени
поредак и за изградњу новога друштва,
учинила целокупну онладину
Југославије јединственом, херојском
и борбеном. Радничка, сељачка и
школска омладина дале су заједнички
дивне примере херојства и пожртвовања
како у борби против полицнјског
режима у старој Југославији, како у
народноослободилачкој борби, по лого.
рима и у бојним редовима, тако и у
послератној изградњи социјализма.
Значајно место у тој борби припада
студентском покрету који по речима
С. Дороњског, ~претставља неколико
најлепших и најсветлнјих
странпца нашег омладинског покрета
пре рата". Лик народног студента уобличавао
се кроз многе године. у
разним видовима борбе и употпуњује
се данас у борби за савлађивање
стручног знања и у упоредној борби
за изградњу наше земље. ~Народна
студентска омладина је директан настављач
светлпх традпцпја студентског
покрета у прошлости“ (С. Дороњски).
*
Само Народна студентска омладина
Београдског универзитета дала је
10. 518 градитеља, од којих има 18
носилаца ордена рада, око 1300 удар.
ника, 1.677 похваљених. На изградњи (
обеју пруга студентске радне бригаде •

„Стеван Наумов“ (пруга Брчко-Бановићи)
и ~Иво Лола Рибар“ (пруга
Шамац-Сарајево) биле еу у својој
сменн најбољв на читавој прузи. Друг
Батрнћ-Јовановнћ је са овим речима
предао прелазну заставицу Главног
штаба бригади ~Пво Лола Рибар“:
~Ви можете, другови, послужити као
пример не само свим бригадама дуж
пруге него и свим бригадама у нашој
земљи“.
Мииерска студентска чета у тунелу
Орлини пребацила је норму за 620%
и освојила прелазну заставицу.
Све студентске бригаде на Аутопуту,
Новом Београду, Панчевачком
риту и прузи Кучево-Бродице су удар.
не.
На изградљк хидроцентрале у Мав.
рову најбоља је била досада на целој
изградљи шест пута ударна 194
студентска бригада, у којој је од 120
чланова било 86 ударника.
Ово су голе чињенице и статистички
подаци. Али из њих ванредно
јасно израста лпк народног студента
и улога Народне студентске омладине
у социјалистичкој изградљи наше зеиље.
А како је прпказан лик народног
студента у филму „Живот је наш“,
како је приказан однос између радничке,
сељачке и школске омладине?
Међу радничком и сељачком омлаг
дином минс»рске бригаде налазе се
два студснга, која су у целокупном
односу лпчности и развоју радње два
типична лика, претставници једног

; дела Народне омладине, а у филму
обојв израаити носиоци линије негативних
ликова. Зашто подвлачимо
обојв? Због тога што јв, по замисли
писца ецвнарија, други лик студента
требало да у крајњој линији буде
позитиван, с чим се ми никако не
можемо сложити.
Један је од њих, у почетку прикривени,
касније отворени бандит,
који ее нада да има ~четника у бли.
зини“, морално-интелектуални дегенерик,
саботер, разбијач братства и
одушевљења аа рад.
Други, ~нозитивни“, меланхолично.
болећиви слабић, дошао је на пругу
да „и он“ нешто ради и понео дневник
да у њега бележи „своје доживљајв“
и, изгледа, све време и проводи
у томе. Рад једва издржава, пада
у несвест, а у слободно време увек
је одвојен, сам, вечито пише дневник
и сентиментално гледа.
А на крају узвикује:
„Порођа|нв му ке иовога човвка!"
И поново, какав дик Народног студепта
израста из оваквог приказивања
и да ли оно није грубо огрешење
о Народну етудентеку омладину? Ако
је у студентским бригадама оваквих
типова и бкло они ни у ком случају
нпеу типични, они су само незнатни,
ретки оетаци једног друштва које
пропада и истина није у њима, већ у
оеталој већини студената, у онима
који су прсбацивали норму 600%, у
оних 1300 ударника и у
неколико пута ударним студентским

бригадама. Лик народног студвнта је у
човеку који после великих напора за
јунске испите сутрадан одлази на
пругу, пребацујв норму, поетаЈе ударник,
уједно спрема испитв, враћа св
да поново улаже крајњи напор и положи
веколико испита у септембру.
Шта значи узвик „порођајне мукв
новога човека“? Значи негирање бор.
бе студената, значи негирање иасов.
ног и херојског студентског покрета
које је изградио дик новога човека јол
14 децембра 1939, у догорима 1941,
у Петој офаизиви 1943, у многоброј- нпм
партизанским одредима 1944 го.
дине. Значи тврђење да су студенги
ушли у напредни покрет тев
пршто је извојевана оружана борба
и тек сада, са слабин резултатима,
стварају с тешком муком од себе новога
човека.
Тако изгледа неправилно уопштавање
или гипизирање. Негативни лик
ненародног студента могао је и требало
је да се појави ва филму, алн
се морао поред њега поставити лик
правог народног студента, једног их
огромне већине, и то са Ј'асно израженим
планом безначајности и пропадања
оног првог, а нарастања и живв
стваралачке снаге другог, То би
бидо истинито одражавање стварности,
а овако оштро оцртано подвајање и
пегативно сликање Ј'едног дела омла.
дине (укл.учуј*ући ту неправплно и
нетачно прнказан лик средњошколца)
супротставља се карактеру једне од
најпећих тековина нове Југославијв
Јединствене Народне омладине и
мора се назватп пеправилнии ставом.

М. Митровић ст. фил

Број 25

НАРОДНИ СТУДЕНТ

3Пред прославу 30-годишњице Комсомола

Студенти - комсомолци пример
истрајног рада на науци

Совјетски народ и совјетска држава
дају огромна средсхва за образовање
и културни развнтак
младог поколења. У раду на васпитању
и образовању омладпне,
у борби за културу Комсомол је
увек био актнвни помоћннк партије
и драгаве. Комсомолске организације
у средњнм школама, у фа.
брикама и колхозпма, свуда где
раде совјетски младићн и девојке
прилазе васпитању омладине
вао најважнијсм задатку. II пред
комсомолске органпзације на фа.
култетима и високим школама
као најглавнији задатак поставља
се пружање активне помоћи руко.
водиоцима и партиским организацијама
факултета у подизању ква.
литета научно. васпитног рада. Од
првих дана ступања на факултет
студенти треба да се прнпремају
за претстојећп самосталан рад, да
пропшрују своје знање, да се уче
повезивању теорије и праксе. Такав
рад се најпре тражи од консомолаца,
који својим примером
побуђују остале омладинце на упо.
ран рад на овлађивању науком.
Комсомолске организације на факудтетима
и влсоким школама
старају се о ширењу кружока и
студентских научних друштава, о
успесима научних радова студената.
Оне широко пропагирају међу
омладином историју националне
науке, напредна достигнућа совјетске
науке и техничке мисли.
Рад комсомолских организација
на универзитетима у томе правцу
још више је појачан у вези са
припремама за прославу 30-годишњице
Комсомола које се, поред
широко развијеног такмичења у
циљу постизања бољпх успеха у
производњи, одвијају такође и у
знаку мобилнзације комсомола и
омладине за усвајање напредне
науке, технике и културе.
Припреме за прославу Комсомола
на Московском државном универзитету
Сви факултети Московског државног
универзитета спремају св
за прославу 30-годишњице Комсо.
мола. У томе циљу на Универзитету
је образован одбор за прославу
на челу са академиком А.
Несмејановим.
Двадесетог октобра на Унпвер.
зитету ће се одржати студентска
научна конференција, посвећена
прослави Комсомола, на којој ће
учествовати преко 2.000 студената.
На пденарном састанку и сасганцима
по секцијам биће саслушано
200 реферата. Поред овог
чланови Комсомода већ еу почели
са припремама за изложбу која
ће приказати рад студената ва освајању
науке.
Рад савета
Међународног
савеза студената
Међународни савез студената пру.
жиће и даље активну помоћ борби
студената у колоиијалним и зави.
сним земљама
Прошлог месеца одржано Је у
Паризу редовно заседање Савета
Међународног савеза студената.
Заседању су присуствовали делеаати
из 30 земаља, међу којпма је
била заступљена и Југосдавија.
На састанку су поднети извештаји
Извршног комитета Међу.
народног савеза студената, као и
извештаји о омладинском и студенхском
покрету у Југоисточној
Азији, на Средњем Истоку и Латинској
Америци, На основу извештаја
и дискусије донета је резодуција
у којој је оцењена међународна
ситуација, истакнута у.
дога демократскнх снага у борби
против англо-америчког импернјализма
и постављеии будући задаци
Међународног савеза студената,
У резолуцији је истакнуто да
Међународни савез студепата тре-

ба и даље да пружи активну помоћ
борби студената у колонијалним,
полуколонијалпнм и зависним земљама
и да још упорнпје радн
на стварању бољих услова живота
за студенте. Потребно је да Међународни
савез студената парочиту
пажњу обрати демократпзацији
образопања, раскрпнкавању
реакционарних професора, уклањању
профашистичких уџбеника, спи.
жењу школских такса. Савез трсба
и даљв да се бори против полнтп.
чке и расне дискриминације и да
тесно еарађује са Светском федерацијом
демократске омладине. Да.
љи задатак савеза је да развије
још шири рад на упознавању сту.
дентских маса са подитиком Савеза,
нарочито у земљама Западне
Европе, у Америци, Канадн и Јуж.
ноамернчким државама.
У комисијама, које су радиле по
спецпјалних питањима, расмотрен
је рад Савеза и конкретизовани
будући задаци. КомисиЈа за спорт
претресла јв предлоге о одржавању
међународних студентских игара и
одредпла да се следеће зпмске
игре одрже у Чехословачкој, а дет.
ње у Мађарској. У комисији за
социјална, економска и здравстве.
на питања студената расправљано
је о отварању међународног студентског
санаторијума у Чехосло.
вачкој, воји ће »ахваљујућн
помоћи чехословачке владе ускоро
бити отворен. Многи дедега.
ти су се критички осврнули на рад
постојећих организација за помоћ
(ИСС и ВСР), У резолуцији по о.
вом нитању захтевано је да ове
организације поштују Међународни
савез студената као репрезен.
тативну међународну студентску
организацију, Сем тога тражено јв
да Међународни савез студената
узме учешћа у плану расподеле
помоћи. Комисија аа путовања и
размену студената нзр&дида је
план према коме ће се и даље помагати
размена студената путем
праксе, раднпх бригада, културних
екипа. Комисија за интелектуалну
сарадњу расправљала је о мерама
за демократизацију универзитета,
а комисија за шта,мпу предвидела
је конференциЈу младих публициста,
која би се организовала у сарадњи
са Светском федерацијом
демократске омладине.
У завршном делу заседања под.
нет је извештај о организовању
Међународног дана студената. За
ову прославу треба извршити обн.
мне припреме и спровести је под
пародом: Студенти, ујвдинитв св
у борби за мир, националну независност
и демократизацију образовања.
Поред овога утврђено јв
да св у лето 1949 године одржи
међународни студентски феетивал.
Припреме за фестивал извршиће
Извршни комитет, који ће одредити
место и време одржававл.
На заседању је извршен избор
Извршног комитета и Финансиске
комисије, За претседника Извр.
шног комитета поново Је изабран
Ј. Громан, претставник чехословачких
студената. У Извршни комитет,
поред осталих, изабрав је
прететавник Југославије.

Тешко материјално стање аустриских
студената
Владин лпст ~Винер цајтунг**,
који излази у Бечу, објавио је
чланак професора Милера у коме
се говори о бедном матернјалном
стању аустриских студената. Милер
наводи неколико примера из којих
се види како су студенти приморани
да траже најразноврсније
начине да би бар донекле обезбвдилп
свој опстанак, Студенти раде
као портири, вратари, продавци
карата по биоскопима. Многи студенти
се баве шпекулацијом да би
обезбедили средства за жнвот.

ФИСКУЛТУРА И СПОРТ

ЈЕСЕЊИ КРОС 1948
Организација кроса - услов за
успешно спровођење такмичења

Централни одбор Фискултурног савеза
Југославије. у времену од 15
октобра до 15 новембра, расписао је
такмпчен>е у јесељем кросу. Масовним
крос-такмичењем, које ће спровести
све фискултурне организације
шпром земл.в, закључиће се овогодишња
сезона фискултурних приредби и
такмичења.
Сви досадашњи кросови доносили су
нам пријатна изненађења, откривали
нове талентв, стварали будућв активе
и свестране фискултурнике. Било да
су ове фискултурне манифестације одржаване
у редовима спортских друштава,
Југословенске армије, ца селу,
у граду по школама, фабрикама или
предузећима онв су увек повећавале
број нових талената који се данас
налазе у редовима наших фискул.
турних организација где им је на
стручним тренинзнма омвгућено да се
развијају у пуној мери. Наводити те
примере значило би имеиовати десетине
спортнста из свих крајева земље.
Један од битнцх услова за успешно
спровођење јесењег кроса свакако је
питање оргавизације. Колике је ово
питање важно показала су нам сва до,
садашља такмнчења. Зато њему и трсба
прнћи најозбиљније.
Категорнјв тркача
Код нас на Универзитету постојаће
две категорије тркача: мушкарци од
18-40 година трчаће на стази 2000
метара; женске од 18-35 година трчаће
на стази од 1000 метара.
Организатори такмичења морају нарочиту
пажњу посветити дужини ста.
зе. То значи да преко одређене границе
не могу трчати ни мушкарци ни
акене.
Стаза за трчање
Избор стазе је врло вджан елемеват
код такмичења. Она мора бити
изван града, у шуми иди на ливадама.
на терену са природним препрекама,
а никако по цестама или тврдом, иеподесном
терену. Стазу треба видљи.
во обележити. Простор код старта мора
бити подесан тј. онолики колико то
прилике захтевају.
Код кроса треба обратити пакњу на
довољан број еудија који ће контролисати
такмичаре при трчању иа кривинама
да ее ие би поновили случајеви
скраћивања стазе.
Обезбедити треба такође ц евлачионице.
Фиснултурно одељсње Универзитетског
одбора Народне студентсно
омладине расписало Је међуфакултотско
таг.мичење у јвсењем кросу
по следећим тачкама:
1. КоЈи ћв факултвт нзвести
процентуално највише студената
на кросу.
2. КоЈи ће факултет бол>е спертски
опремити своје такмичаре, и
3. Који ће факултет имати наЈбоље
резултате у времену прве
десетин«.
Победмик такмичења добија прелазни
пехар и сталну заставицу.

Тренирање
Учествввати н» јесењем кросу може
само оној такмичар који је изврши*
цотребан број трениџга. Погрешно је
а и врдо опасно изводити такмичаре

с» једним или ниједниж тренингож,
Зато руководства треба да се побрину
да се ниједан такмичар не пусти на
етазу ако није за трчање припремљеш
Значи тренирање треба убрзати, јвЈl
време до одржавања кроса није далеко.
Свега двадесет дана.
Потребно јо обратитз! пажњу да
такмичари буду што дакше обучени*
Не смемо дозволити да св понове прон
шлогодишњи случајеви: трчање у паи*
талонама, оделима ,ципелаиа иди пак
зимским капутима. Због тога руквч
водства пма да се побриву за потребан
број реквизита.
Црвена звезда је у досадашњим так.
мичењима на пролећним и јесењим
кросевима организацији увек покда*
њала велпку пажњу. Наше друштво јв
у том погледу било примерно и због
тога похваљивано. Хоће ли то бити
и овог пута, овогодишњи јесењи крос
ће цам то показати.

Црвена звезда је основала
и кошарка клуб

После формирања атлетског и веслачког клуба, „Црвена
звезда“ је ових дана формирала и први кошарка клуб у држави,
спроводећи тиме у дело одлуке Другог конгреса ФИСАЈ-а. На
оснивачкој скупштини реферат о досадашњем раду и задацима
новог клуба поднео је Небојша Поповић, који је подвукао успехе
досадашње секције од којих је вредно поред осталих споменути
и освајање државног првенства у кошарци за 1947 и 1948 г.
Кошарка секција је једна од најбољих огранака „Црвене
звезде“. Она то није потврдила само својим такмичењем са
осталим екипама у држави, већ и својим радом, како у погледу,
омасовљеша, квалитетног уздизања чланова тако и у погледу
идеолошко-политичког рада.
Скупштина је поставила клубу нове задатке: још веће омасовљење
и популаризација кошарке у редовима студентске, радничке
и средњошколске омладине, подизање квалитета појединаца
и екипа, оспособљавање стручних руководилаца, тренера
и инструктора путем курсева, семинара и течајева, развијање
подмлатка, већа брига за чување друштвених просторија и реквизита,
развијање добрих односа са осталим друцггвима, појачање
идеолошко-ваепитног рада.
Да би одала признање својим најбољим екипама, „Црвена
звезда“ је за успешан рад похвалила и са књигама наградила
прве мушке и женске јуниорске екипе, док су прве мушке и
женске сениорске екипе награђене новчано. Друштво је такођа
одало признање најбољим члановима који су у досадашњим
такмичењима достојно зсатупали боје свога друштва. То су чланови
мушке екипе: Поповић, Гец, Стојковић, Соколовић и Келембер,
и чланице женске екипе: Радовановић, Мира Петровић,
Дакић и Сретеновић.

% С. ОТОРЕПЕЦ

СТУДЕНТИ ПРЕДЛАЖУ

Нашој редакцији стижу многи допиеи
у којима студенти дају најравноврсније
предлоге у вези наше организације,
у вези побољшаља наставе
и сл- „Народне студент" ће почевши
од овог броја у рубрици „студенти

предлажу“ почети да објав*ује те
преддоге.
Својим предлозима и критикон, уо.
чавааем пропуста и недостатака сту.
денти ће помбћи правидном раду наше
организације.

Да 6и више научили на пракси

На трећој и четвртој години Технолошког
фзкултета одржане су конференције
о летљој пракси. Јед&н од
гдавних пропуста, како се у дискусији
показало, јесте иеправилан распоред
студената. Иако је за чехврти семестар
одређена пракса иа неханичке
технологије, кноги другови са
четвртог семестра су биди у предузећима
где из те области ништа нису
могли да науче, док капацитет неких
великих предузећа уопште није био
искоришћен. Тако, на пример, у Варешу
где има оддичних услова за
продубллвање механичке технологије
ливен>е, топљење, калупање, итд.
бпо је свега један технолог, у
Зеници није бнло ни једнога, а нека
мања предузећа су била претрпана

студентима. Са четврте године је у
новосадском „Куплину”, где нема уопште
инжењера а посао се је могао,
по речима студената, упознати за де.
сетак д»на, бидо седам технолога док
у покрајинском истраживачком заводу
није био ниједан, иако је тамо
било и стручпог особља и места за
студенте, итд. На обема конференцијама
пали су предлози да се студентнма,
одређеним за мања предузећа
омогући обилазак више фабрика за
време праксе.
Важни проблек четврте године је
питање израде елабората. Задаци које
наставник даје убухватили су понекад
процесе који су уопште не врше у
предузећу у коме је студент био на
пракси. Често пак студенти немају у

ф-абрици потребну литературу, задатац
ве одговара внању ученвка, предузе,,
ће не ставља студентима на располоц
жење пдавове итд, те студенти ниеу
у могућности да израде едаборат.
Углавном је конференција дошла
до закључка да распоред за праксу
треба извршити најмање месец дана
пре одласка кдко би студенти бпли
што правилније раепоређени, да бц
наставници могли да спреме без жур,
бе задатке. да би студенти унапред
знали куда ће ићл н да би могли твч
оретски да се спрене за рад на прак*
си. Осим тога студенти сматрају да
би предузећа требало да им ставе на
расположење плапове, пошто ће та
исти студенти данас сутра да дођу Ј
фабрику као инжењери.
С обзиром да је у иеким прадузећима
одное стручних руководилаца
и управе био неправилан (студентИ
су одређивани на физичке н административне
послове, нису добијалц
потребна обавештења), конференцијв
сматрају да Комитет за научне уста*
нове, Универзитет и високе шкодв
треба да изда на врене предузећима
упутства аа праксу. Конференција
треће године, осим тога, нредлаже да
стипендисти иду у предузећа уетановв
које им дају стипендију и да се на
време репш питање исхране, смештаја
и плате студената.
А. Бек ст. Технолошког факултета

4

Одговорни уредник Влада Митровић, ст. прева Уредништво и администрапија Бешрад, Балканска улипа 4, гелефон 23-464; број чековног рачуна 1-9060014.
Штампарија „Омладина", ВеоЈрад, Војводе Мишића улица број 19

НАРОДНИ СТУДЕНТ

Броу 25
  </body>
 </text>
</TEI>