<TEI version="3.3.0" xmlns="http://www.tei-c.org/ns/1.0">
 <teiHeader>
  <fileDesc>
   <titleStmt>
    <title>The shortest TEI Document Imaginable</title>
   </titleStmt>
   <publicationStmt>
    <p>First published as part of TEI P2, this is the P5
         version using a namespace.</p>
   </publicationStmt>
   <sourceDesc>
    <p>No source: this is an original work.</p>
   </sourceDesc>
  </fileDesc>
 </teiHeader>
 <text>
  <body>
   <p>This is about the shortest TEI document imaginable.</p>
  </body>
 </text>
  <text>
  <body>
ПРВИ РЕЗУЛTATИ ПОКАЗУЈУ ДА СЕ ПРОТИВ
ОДУСТАЈАЊА ТРЕБА И МОЖЕ БОРИТИ

Први испити пробудили су велико интересоваље на нашем
Универзитету. Организација Народне студентске омладине прати
ток испита: преко 60.000 пријављених испита треба положити
испунити обавезу која стоји пред организацијом. Објављени
резултати привлаче пажњу студената; искуства се користе,
доносе се закључци и стичу перспективе за даље испите.
Поред 1.763 испита колико је положено до 28 маја има 103 случаја
одустајања. Проценат одустајања у поређењу са ранијим
испитним роковима се смањио, али то није довољно. Први
резултати показују да се против одустајања треба и може борити.
По квалитету редовни испити су бољи од заосталих. Дисциплина
је добра. Још има недостатака у организацији испита.
На неким факултетима деканати још нису објавили распореде
испита, а стручни одбори немају тачну евиденцију. Отуда су и
цодаци непотпуни.
Ситуација на факултетима и перспективе за даљи ток
исшгга виде се из изјава стручних руководилаца факултетских
одбора и табеле:

НА ПРИРОДНО-МАТЕМАТИЧКОМ ФАКУЛТЕТУ
ИСПИТИ ЋЕ ЗАДОВОЉИТИ ПО КВАЛИТЕТУАЛИ
ПО КВАНТИТЕТУ ЗАОСТАЈУ

Врој пријављених испита у овогодишњем
јунском року показује
да су сгуденти Природг
но-математичког факултета ни
ове године нису још дали максимум
онога што су могли даги.
Прошле године 538 студената
пријавило је 1.100 испита.
Ове године број студената на
факултету је 1.157, а број пријављених
испита 2.495. Ове
цифре најбоље показују да у току
ове године није постигнут
никакав напредак.
Што се тиче квалитативних
успеха овогодишњих испита, очекује
се да ће бити бољи. Предвиђа
се да ће број одусталих
бити мали, јер је у току године
учињено доста на стручном
уздизању студената. Од 931
члана Народне студентске омла
дине, —— колико је дало обавезу
за испите 670 је обухваћено
курсевима и консултацијама
које је организовао стручни
одбор факултета уз помоћ
професора.

Но гворед оанх повољних података
могле би се истаћи извесне
негативне појаве у тому
студирања. Пре свега ту спада
недовочљно коришћење предавања.
Друти недостатак код наших
студената Је био у томе што још
нису нашли најбољи, наЈрацирналеији
метош, учења. Последиде
тога испољашуу се у нтовољн.о
изграђеном и неси!гу|р(ном изражавашу
формулација, нарочито
иа теоретсмик иаука. Затим то се

оглади у механичком усвајању
градива На пр. на испиту »з
полиоичке економије на питање
професора Мирка Марковића, да
ли посгоји експлоаггација у простој
робној гпроизво(дн>к, сгудент
сцдговара потирдно, а кад га професор
пита зашто је то тако,
о(н једаостаино одговара: „Тако
пнше у вашој књизи”.
Имајући у внлју све повољне и
неповољне моменте моји су се
јављалlи у току прхиггремања исггита,
може се рећи да ће јунски
рок у квант»ипатlишом потледу
свакако задовољити. Тахође се
може рећи да су изгледи за одустајање
врло мали. Обимност
грасдива и касно ивлажење уџбеника
су чињ€н.и»це моје ће допринети
да мвалlнтет испита не
буше еајбољи. Ипак, све околности,
као добра посета предавања
у току године, велики бр*ој
обавеза (просечно по седам испита
на сваког) и прнја»љених
иоглита, излазак сморо свих уџбен.И(ка,
интензиван рад студенахз
све ово довоцци ■ до закључка
ља ће ови исгтити бити бољи и
успешнији од свих претходних.
Претседиик стручног одбсра
Економсксмг факултета

Хасан Хашиомеровић

НА ЕКОНОМСКОМ
ФАКУЛТЕТУ ОВИ
ИСПИТИ БИЋЕ БОЉИ
ОД РАНИЈИХ

Да 6и се могла дати бар приближна
гаропн(о|за резултата о&огодишн>их
јунскнх испита на
Емоиомском фаlмултету, треба у.
зети углавноад два м!оадента: растерећеше
од великог броја заоСталих
ншигга још у јануарском
Р°*су и повећање броја слушалаца
на предавањима. Гђ)вом
половином априла ошржа.
ве оу годишње шнференц«|јlе
НароиЈне студентске оадладише.
Оцењујући раоположење студевата,
а ув претходно саветовање
са црофесорима, семретармlјати
годииа одлучил« оу да пред
чланствоад иступе са једиим ок»ирниад
предлогом у погледу
преузкмања обавеза. Одзив студаиата
Iпоказао је да ое предлог
Секретаријата слагао са стањем
к оје је владало међу студентима.
На целом факултету дато је
4.334 обавезе, а 4.482 испига је
'Хфнјављено.

Телеграм маршала Тита Народној
студентској омладини Београдског
универзитета

Као одговор на честитку коју је Народна студентска омладина
упутила Маршалу Титу поводом његовог 56-ог рођендана,
Маршал Тито је упутио следећи телеграм:
„Најљепше захваљујем Народној студентској омладини
Београдског универзитета на честитци упућеној ми поводом
рођендана.
Претсједник
Министарског савјета ФНРЈ,
Маршал Југославије,
ЈОСИП БРОЗ-ТИТО”

ДЕЛИМИЧАН ПРЕГЛЕД ИСПИТА ДО 28 МАЈА

ПОВОДОМ РЕЗУЛТАТА ИСПИТА НА МЕДИЦИНСКОМ
ФАКУЛТЕТУ

СТАРА, ХРОНИЧНА ИСПИТНА
БОЛЕСТ ОДУСТАЈАЊЕ ОПЕТ
СЕ ПОЈАВЉУЈЕ

Према појединачним резултатима
са првих полагања испита
на Медицинском факултету извештај
даје ове податке:
До 27 маја
На другој години од 90 пријављених
заосталих испита одустало
је 16 (17,7 по сто,) а пало
12 (13,3 по сто).

На првој години од 212 пријављених
испита, положено је
184, одустало је 16 (7,5 по сто),
пало 12 (5,6 по сто).
До 29 маја
На трећој години из заосталог
испита аиатомије, пријављено
је 9, одустало је 3.

На свим нашим конференцијама
у летњем семестру, свакодневно
по аулама у појединачном
разговору, са катедре, или
на паролама и плакатима као основна
мисао и задатак чуле су
се и читале ове речи: питање испуњења
обавеза датих у јуну
је ствар части сваког народног
студента. И јуни је дошао, и ми
уећ увелико полажемо, али
изгледа да за све студенте испуњење
обавезе није постало
питање њихове части, мерило
љубави према земљи и њеној изградњи.
Први подаци са Медицинског
факултета најбоље говоре
о томе. Стара, хронична испитна
болест одустајање опет
се појављује. И њу треба
одмах, како се то каже, у њеном
зачетку сузбити.
Агитација, нарочито појединачна,
истицање на табели добрих
и гоших примера, онда лична
помоћ сваком појединцу у
савлађивању заосталог градива,
и то помоћу најбољих ђака,
благовремено реаговање руководства
Народне студентске омладине
на сваку ма и најмању
појаву, учвршћење дисциплине
одговорности сваког члана Народне
студентске омладине
све то треба да постане систем
у борби против одустајања са
испита. Јер не положити све
пријављене испите, значи заборавити
на велике потребе наше
земље у стручном кадру.
И. Б.

• СТУДЕНТСКЕ ИГРЕ 1948 •
БЕОГРАДСКИ УНИВЕРЗИТЕТ ПОБЕДНИК У СВЕУКУПНОМ
ТАКМИЧЕЊУ

После четири дана свакодневног
тпшичења завршене су прве Студентске
игре. Оне су, обзиром на резултате
које су даде, обзиром на то да
се по први пут спроводе тако замашно
замишљене, премашиле очекивања.
Оне су показале опремност и
способност организације Народне студентске
омладине да поред свог основног
задахка учења, води рачуна
и о физичком васпитању наших студената.
И поред тога што на Студентсцим
играма, из објективних разлога,
нису могди да учествују студенти
факултета у Скопљу и Више педагошке
школе иа Цетињу, оне су биле

дивна манифестација братства и јединства
студентске омдадине свих
наших народа. Цео тов такмичења,
она борбеност, они примери пуни самопрегора,
тако својствених Народној
омладини Југославије, сведоче о
спремности студената да, као део Народне
омладине учествују са још ви.
ше полета и радости у пзградњи социјализма
у иашој земљи, у даљем клесању
дика новог студенха фискулгуриика.
Ретко је воје фисвултурно тавмичење
у земљи обиловгло са толико
момената непоколебљиве истрајности,
настојања свих фискултурника да

кроз племенито такмичење изразе високу
свест наше омдадине. И отуда
није чудно што су се студенти Сарајева,
иаво као екипа ослабљени, без
неких изгледа на освајање првих иеста,
борили исто тако упорно вао и
они воји су важили за фаворите; што
јв Радмидо Јанвовић, студент ДИФ,
члан екипе Београда ишао пешице и
гурао бицикл 23 вилометра; гато је
Ленерт памагао, давао савете Самарџићу
да обори његов рекорд у скоку
с мотком итд. итд.
На Студентским играма постигнуто
је и некодиво врло добрих резултата,
нарочито у дакој атлетици, Значај
Студентских игара је и у томе
што су допринеле популарисању нових
дисцнплина као што је петобој
свестраности и партизански марш и
дисциплииа којима св студенти у некпм
нашим републикама до сада нису
готово уопште бавили (рувомет, тенис,
мачевање).
Екипа Београдсвог универзитета
засдужено је освојила пехар победни.
ка првих Студентсвих игара. Оиа је,
изузимајући такмичењв у гађању во.
је још није завршепо, постигла: 121
бод. Освојила је 6 првих и 6 друтих
места. За постигпути успех донела је
са собом многе пехаре, између осталих
и пехар Централног већа Народне
омладине Југославије, Комитета
за фискултуру, Владе ФНРЈ, Централ.
ног Дома Југословенске Армије, Ревтората
Загребачког свеучилишта итд.

Са свечанаг отварања студентских игара: дефиле руководства
игара и екипе Београдског универзитета.

СМРТ ФАШИЗМУ СЛОБОДА НАРОДУ! ЦЕНА 2. ДИНАРА
ОРГАН НАРОДНЕ СТУДЕНТСКЕ ОМААДИНЕ БЕОГРАДСКОГ УНИВЕРЗИТЕТА
Бред 17 БЕОГРАД, 2 ЈУНИ Година XII

ФАКУЛТЕТИ
Датум
Пријављено
Положио
Пало
Одустало
Ветерннарски
Медицински
Технички
Фармацеутски
Економски
Пољопривредно-шумарски
25. V—28. V
15. V— 27. V
27. V—28. V
20. V—27. V
27. V—28. V
11. V —26. V
303
478
144
163
314
582
263
418
110
158
272
542
28
25
8
5
26
26
12
35
26
16
14
Укупно
1984
1763
118
103ПОЛОЖЕНИ ИСПИТИ-ИСПУЊЕНЕ ОБАВЕЗЕ

МЕДИЦИНСКИ ФАКУЛТЕТ
Слаб успех при полагању
заосталих испита из
хемије

Многи студенти друге године
Медицинског факултета нису
озбилуно схватили важност
ликвидирања заосталих испита,
На испитима из хемије код професора
1 рпинца било је много
случајева како одустајања тако
и потпуног незнања• Просечна
оцена 28 маја била је свега
3.5 .
Радослав 'Јоорђевић и Сибина
Максимовић су молили професора
да полажу хемију међу
првима како би лакше спремимили
хистологију за крај јуна.
На <испит, међутим, уопште нису
изашли. Петровић Миомир
не зна који шећер служи за свакодневну
исхрану. Слободан Ву
четић пише тако погрешне формуле
да је професор Т рпинац
приметио „да се овакви случајеви
нису догађали за двадесет
година испита из хемије
Тихомир Еремић тврди да је
за његово слабо знање крива испитна
комисија јер му је померила
испитни рок за три дана.
Сличне неозбилме разлоге износи
и Јелисавета Поповић која
са својих четири семестра има
положену само биологију, у јанувру
је одустала од полагања
хемије а данас не зна шта су
неутрални раствори. Они су
жив пример погрешног и нездравох
схватања, по коме је доволуно
да се предмет спрема последњих
недеља или чак дана па
да се положи испит .
Н. Ш.

ПРАВНИ ФАКУЛТЕТ
ПРВИ ИСПИТИ ПОКАЗУЈУ
ДОБРЕ РЕЗУЛТАТЕ

Полагањем другог дела политичке
екк>но(миlЈ-е почели <зу исаитн
на Прааном факултету. Предавања
овог прадмета била су
добро гаосећивана током школске
гошине, а консултациЈе и семннари
су се увек одликовали
живошћу. НиЈе дакле чудо што
је амфитеатар бр. IV где се о-

ДрЖЗЂа ИОПИГТ био пуи оиих сту.
дената, ксцји ћ-е гожом јуна гаолага*ги
схлај горсдмет.
На пигтања која је поставл»ао
професор Увалић стушенти су
одгошарали солилјгоо. Компликованија
шггања је професор обично
рашчлањнвао у лакша
пкгакигања. Судећи по сцдговор«ма
студената може се аакључити
да је материјал добро савладан.
Озо потврђују резулта■пн
иа трвог исггитног дана. Од
13 приОављен.их свги су полагал«,
пао је само један, а средња
је оцена 7,24.
С. П.

ЕКОНОМСКИ ФАКУЛТЕТ
Наши најмлађи другови почели су да полажу испите

У аули Економског факултета
група студената прве године чекала
је да јој се саопшти резултат.
Свој први испит-политичку
економију су век полагали. Од
53 студента н>их 10 су изашли
неспремни на испит. Остали су
положили, Средња оцена је око
8. То су њихови први резултати
рада.
*
Живо је у њнховој средини.
Гласови се мешају а лица као
да говоре; „Храбро смо пробили
лед, сад треба наставити даље.‘‘
Има доста студената који
су пријавили по пет и по шест
испита. Успех на првом просто

их гура напред. Увидели су да
није тешко полагати ако се учи
редовно.
У тој групи која се већ разилази
налазе се и они који су положили
са дессткама: Јелена
Кнежевић, Сузана Киш, Андријета
Ковачевић, и др.
Сећам се како су полагале. Говориле
су течно и лепо, сваки
је одговор био јасан и пун. Ни
сенка забуне није прелетала
преко њиховог лица у која су
били упрти погледи и професора
и студената. Било је очигледно
материјал јс солидно
спремљен.
Јелена и остали који су по*
ложили са десеткама и деветкама,
причају како су радили, на

који начин су успели да стекну
темељно знан>е и добро положе
потитичку економију.
Па како да ти кажем каже
Јелена, ништа нарочито. Прво,
редовно сам посећивала предавања
и сама сам читала стално
и полако* Друго, похађала
сам колективне часове. На н>има
сам учила оно што ми је било
нејасно и тешко... Ништа
више.
Други су рекли исто што и
она. Индивидуалан рад, предавања
и колективни часови то
су три ствари од којих зависи
успех сваког студента на испиту.
В. И .

Наши најбољи ђаци са испита

Друг Владимир
Ловрић*
студент медицине
прве године
дао је обавезу
да положи
све испите
до 15 јуна.
Иако је дошао
на факултет
у другом
семестру,
о« је на црвом кспиту, хем!цји
добио оцвну 10 и покадао
камо се м>оже уз добар рад. и ра.
циоиално ко*ркшћен>е времена
истгунигри дата обавеза.
Поред фискултуре* којом се
акгмвно башо, друг Ловрић је
акгивно радио и у стручној секцији.
Као ДЈобар ђак, добар члан На.
родае стуиенггске омладине он
ће лстос датн своц допринос на
изпрадн>н земље у јеишој од
радтшх бригада Мвдицдаског фа.
култета,
★
Међу«ајбоље ва другој тдаии
спада друг Власта Мл-аденовић.
Прошле гоаине у јуиу дао је
сва гр« исшгта са средњом оце»сим
9,30. Послс испита отшпао је
на IХр(\ту, где је оовојио оребрну
знатоу фискултурнмка. Ова

године обавезао се иа сва три
испита. Полагао је међу гпршма
анатомиЈју и гкхтожио са оценом
10. Друг Младеновић је био
стручии руковошглап шодгрупе
и преко конрултаодја, које је сам
о|државао. помагао је друговима
у стручном раду. Учествоеао је
у сввш акцицама Народае сту-

дентске омладине, колектившш
посетама и излетима.
Због свог савесвдог рада у секциј«
као и доброг учења, секретаријат
Народне сгуШЈеатаме
омладмне Медацииоког фамулгета
на конференцици посвећеној
П!р»ом мају похвалио (је и наградјно
друга Младешовића стетоскоотом.
У ЧАСТ ПЕТОГ КОНГРЕСА КПЈ
Градитељи аутопута „Братство
јединство" прихватили позив
на такмичење

Решење пленума Централног комитета Комунистичке
партије Југославије о сазиву Петог конгреса
Комунистичке паргије Југославије наишло је
на најшири одјек у свим крајевима наше земље.
Радни колективи у читавој земљи још преданијим
радом, још већим радним успесима показују увереност
у успех и историску улогу Конгреса. Нове обавезе
у производњи, нови полет у извршењу Петогодишњег
плана, одраз су одлуке о сазиву Петог
конгреса.

Градитељи Новог Београоа
одлучили су на свечаЈном м<итмшгу
да у част сазиван>а Петог
конпреса КШ пазовlУ на такмтчен»е
све омладинске радне бригаде
које учестауЈу на радиим
акцијама савезног, република«аког
и локалног значаја. Резултати
такмичеша биће објављеи
на дан заседања Конгреса.
★
Градитељи аутопута „Братство-једи«ство“,
прихватајући
позив за такмичење у част Петог
конгреса КПЈ. у свом одговору
конгреса КПЈ, у свом одгоградитељима
Новог Београда,
између осталог, поручују:
„Ми градитељи аутопута омладина,
радници, техничари и инжењери,
схватајући важност историског
датума који дочеку-^

Јемо, учинићемо све да у овом
такмнчењу постигнемо резултате
достојне поверења које наша
Партнја гаји према нама.“
★
Грађевжтско нредузеће „Дебар
це” у Скопљу одржало је конференцију
синдикалне подружнице
на којрј с-у радиици узели
нозе обавезе и поззали на такмичење
сва грађевинска предузећа
Југославије у част Петог
ко«гр-еса КПЈ.
★
Раднвди металског П|редlУзећа
„Веља Стојаковић” упутили су
позив на такм.ичење овим мегалским
предузећ-има у част ГТетог
конгреса КПЈ, а сами су преузели
низ нових такми-чарских оба
веза.

НАШЕ БРИГАДЕ ПРЕД
НЕПОСРЕДНИМ ЗАДАЦИМА

Још нелуних четрдбсет дана дели
нас од поласка наших бригада на
радне акције. Заго питање припрема
наших бригада постаје актуелно; «р-ганизационо
учвршћење наших бри.
гада, евиденција, набавка материјала
за интендантуру, опремање
материјала за културно —гаросветни
рад и реквизита за фискултурни
рад то су задаци које сада треба
решавати.
Од брпгада, колико их сада има,
једанаест ће само нћи на радне акције.
Бригаде формираие од студената
старијих годишта неће ићи на радне
акције због праксе, док бригаде поједпних
факултета, на пример Фпдо.
зофског или Природно —математичког,
неће моћи самв за себе по«тојати,
па се морају фузиописати са још неком
такође бројно иалом бригадом.
'Шха то значи? —То значи да ће
пег.е наше бригаде биги у новом саставу,
да ће битл у новим формацијама
н зато ће баш питање оргаиизационог
учвршћења тих бригада биги
једно од најважнијих. То питање
треба одмах павезати са питањем евиденције.
Сада већ треба знати ко ће
ићи, ак« не на радне акције, сада
већ треба зпати колико ће због болести
и слабпх резултата на стручном
пољу огпасти од садашњег бројног
стања бригадв. Евидепција у том
смеру мора бити добра. Свака наша
бригада минимално ће инати 250
бригадиста и баш зато евиденција у
оном смеру како је горе речено мора
бити тачно вођена. Треба бити начнсто
са тим да је у овом елучају евиденцпја
саставни део пнтања оргапизациопог
учв>ршћења сваке наше
бригаде.
Питање опреме и интендантуре је
само у неколико олакшано што је углавпом
добрим делом интендантура
наших бригада са прошлогодишњих
радних акција сачувапа, Али то не
значи да је то питање сасвим решено.
Треба тај материјал прегледати,
очистити и ако је потребно употпунити.
Неке наше бригаде су самоинпиијатпвно
већ пришле овом задатку.
Тако је, на примф. бригада Филозофског
факултета „Драгица Правица“
екоро сасвим решила то питање
углавном је опремила своју интендатуру.
Или још карактеристичнији прииер
самоиницијативе по овом питању
је бригад* ~Ив«’ —Лола Рибар“, Она је
заказала такмичење осталим бригатама
у што бржем и бољем огаремању
оригада. Такмичење се нпје спровело
због реорганизаппје натих бригада,
алп ово такчичење сада треба повести
међу нашим бригадама.

Чињеница да ће по нашим бригадама
кудтурпи, политички и фискултурни
живот бити интезивнији ове
годипе него што је то бидо прошде
говори иам јасно да припрема материјала
за културно —гаросветни рад,
као и набавка фискултурних реквизита
треба да буде што боља,
Културно —просветна делатност студентских
бригада треба да се осети у
околним бригадама, састављеним од
радничке и сеоске омладине, а предуслов
за то је богат културно —просветни
материјал; међубригадна фискултурна
такмичења биће масовнија
и разноврснија и зато треба имати
допол.но реквизита.
Даље, једно од важних питања у
прнпреми сваке бригаде јесте полагање
иепита у овом року. Треба настојати
да свака бригада пође на акцију
са што више положених испига. При
томе не треба дозволити појединцима
да шпекулишу са испитима (одустајање
и слично) како би избегли одлазак
са бригадом на радну акцију.
Сваки онај који се пријавио у бригаду
добровољно је дао обавезу на
радпу акцију па према томе треба да
је и испуни.
Ови непосредни задаци кцји стоје
гред нашим бригадама нису задаци
еамо штабова бригада, већ п сваког
бригадисге. Сигурно је да ће се горњи
задаци најбоље решити ако их буде
решавао цео ‘брпгадни колектив.
Д.Ђ.

Са испита политичке економије прва година на Економском
факултету (снимио: А. Тодоровић)

Ванредни
студенти треба да
се обавештавају
о испитима

Дешава се да ванредни студенти,
нарочито они из укутрашњости
пропуштају прве испите или
стижу на н»их тек у последњем
трвнутку после телеграфског позива
стручног одбора. Да би се
то избегло, требало 6и да сви они
одржавају сталан контакт са друговима
на факултету или да се
чешће обраћају Деканату.
Ислити на Техничком факултету
биће писмени и њихов тачан
датум већ је утврђен. Ван-редни
студенти ће да полажу испите на
Техничком факултету заједно са
редовким, сем испита из матема.
тике, статике и нацртне геометрије.
Из ових предмета одржавају се
курсеви за ванредне студенте, те
ће се ти испити одржати тек по
завршетну курсева, другом половином
јуна.
На Правном факултету се ванредки
студенти исто тако узимају
у обзир за полагање испита заједно
са рсдовким, док ће на Економском
сваки предмет прво полага.
ти редовни слушаоци, а тек лосле
ванредни На ова два факултета
су испити појединачни и засада
се не знају тачни датуми полагаља.
★
Научни рад је врло добро организован
на Фармаколошком институту
Медицинског факултета. Уз
помоћ професора који је разделио
радове обрађено је већ неколико
тема. Радови су читани на заједничким
састанцима демонстратора
и професора,
Једна од тема „Антихистамин.
ски лекови“ биће гатамлана у првом
броју Универзитетског збориика
студентских стручних радова.
2

НАРОДНИ СТУДЕНТ

Број 17Пољопривредно-шумарски факултет освојио је
прво место у такмичењу културно-уметничких
друштава

'Још фебруара месеца заказало
је културно-уметничко друштво
Медицинског факултета
такмичење културно-уметничким
друштвима ка Универзитету, по
свим гранама културно-уметннчке
делатности.
Такмичење је обухватило читав
комплекс питања која задиру
у наш студентски културно
уметнички живот. Оно је требаЈ<о
да да импулс у развитку културио
уметничког живота на Универзитету,
да покаже како
поједини факултети прилазе овом
питању, најзад какав је општи
културно уметнички ниво
наших студената.
Комисија, појачана са Миром
Сањином и Олгом Сковран (за
питања фолклора), композиторима
Херцигоњом и Логаром (за
питања хорова) одлучила је, озбиљно
расмотривши читаву делатност
наших друштава да прво
место припадне Пољопривредно
шумарском факултету.
Даље сгеде; Технички, Медицински,
Фармацеутски са Државним
институтом за фискултуру
(који су заједно учествовали),
Економски и Правни факу/гет.
Рад културно-уметиичког друштва
Пољопривредно-шумарског
факултета заслужује да се
забележи. Хор броји 102 члана.
Наступао је 12 пута са успехом.
Припремљена је у току такмичења
трећа и осма руковет од
Мокрањца, песме: „Трактористи“
и „Песма Петогодишњем плану“
од Логара. Дупли октет овог
најбољег друштва наступио
је два пута. Хор је освојио прво
место међу факултетима.
Фолклор са 43 члана имао је
седам наступа; 10 чланова рецитаторске
секције узело је учешћа
са 13 рецитација на пет приредаба,
Литерарна секција радила
је доста слабо: три члана,
једно вече Мајаковског са око
250 гледалаца. Даље, 7 колектквних
посета биоскопима (обухваћено
2500 студената) и 13
посета позоришту (обухваћено
1300 студената). Овоме треба додати
гостовања у Панчеву, Рипњу
и Пазови са уметничким програмом.
Оно што треба подвући, што
је непосредно допринело успеху,
свакако Је добро руководетво,
које је уз помоћ руководства
Народне студентске омладине
и пуну подрпжу свих студената
једино н могло да оствари
постигпуте циљеве. Успеси нису
случајни. Рад се одвнја/о према
плану, од кога се ретко кад
агступало. Зато су непрекидна

активност у току целе школске
године, искуства стицана у раду,
исправљање грешака, значајни
фактори успеха.
Рад на Техничком факултету
оживео је тек по објави такмичења.
У месецу фебруару приступа
се бољој организацији, озбиљном
раду и успех није изостао.
Уместо да такмичење које је
кницијатива Медицинског факултета
дела у правцу одражавања
темпа рада, код њих се
дешава обрнуто. Радио Је углавном
хор, но нередовно долажења
на пробе утицало је на
смањење његовог квалитета.
За већину наших факултета
важи једно: кампањски карактер
рада, што се одразило
на резултатима.
Од факултета коЈи нису поменути,
најтипичнији је Ветеринарски.
Са прве године, студе«ти
су слабо учествовали у
културном раду, а стариЈи такође
нису долазили. Културно оделење
Универзитета на време
је указало на грешке, позивало
да се оснује културно-уметничко
друштво. Слабо и попустљиво
румоводство такмичења, безначајна
помоћ руководства Народне
студентске омгадине фа-

култета утицали су на слаб
успех рада.
Код Филозофског факултета
ситуација је још слабија. Узрок
неуспеха је једноставан и тежак.
Једноставан, јер је реч о
нераду, тежак ради тога. што
највећи део одговорности сноси
руководство Народне студентске
омладине.

Културно-уметничка друштва
испољила су се као врло добра
форма рада. Успех или неуспех
зависио је умногоме од помоћи
Народне студентске омладине,
куЈ турног одбора и добре агитације.
Тамо где су друштва
каоније формирана, мање је било
познатих резултата.
Искуство нас даље учи, да је
план рада необично важан предуслов
успеха, логично, уз борбу
за његоео извршење. То све
говори о могућностима и потреби
да се овај рад прошири. Пре
свега да у следећој години
број студената у културно-уметничком
раду буде већи, затим,
да се квалитет хора, фолклора,
итд., непрекидно повећава,
М. С.

ФИЛМ "БЕСМРТНА МЛАДОСТ"

Нает “црећи уметми!чкн фадлм
гаретстаlвља, генералио посматрајући,
успех у рарвоју наше
кинематопрафице, о«, и поред
ОВIOЈIИХ недосгатака, значи морак
(нагцред у одаооу на наша прва
даа уметничка филма. Ово се
нарочито може истаћи јер је то
дело сасвгии младог молектава,
ковог филмског кашра за кога
је овац филм први проаступ раду.
Ооставка самог сценар!И(ја, у
В(р*ем'енск(оlм сужавању раццње, у
покуша|ј|у да се да уметгнги<чки
алрав а|едног исечка велнке борбе
у Дугослави.ји, ноон у себи
већ најважније елементе успеха
оааг фиима. Ово прокггорн(о и
времен'Ско ограшичавање, избегавање
хронике, приблмжавlање
умегаиlЧк(olм приказивању, с једне
стране, јесте озбиљан успех
у решавању проблемагаке умет.
НIНЧЈКОГ фиима код нас, али то
је, с друге страие, постовшго
пред ауггора сце»а|рија озбиљне
тешкоће ксаде је требало решити.
Оваквом једаом филму требало
је дати »е само карактер
борбе оасладине Београда и о.

младинског томрега к*о(д нас,
већ ка(раlктер чиггазог устанка,
којјим је руководкла Комунисшчка
партеја. При томе се обим
радње није смео гфКмширивати,
требало је бигги доследно мотивисан,
уопштен и типича«, не
пасти у в|ул,гаризапЈИlЈу, у ,дваралмви|раlње”
личносш. Војlислаш
Нановић је то дел!иммч)нlo решто,
а иелјимичмо иије. Наиме, нице
решио пр®и и наатенот поблем уотшташње
и типlиаац;и'ју. Ту се
Војислаlв Нанонић вероватно оувише
тонео личном историllом и
иокуствима т сузио могућност
обраде такве теме. Из тога је
произишао о(Ок.О|В«и недостатак
филма: нетачна слика о оомијалном
састав!у наигег омладанског
покрета, повођ-ење за случајевлнма,
којгвс је бил)о, али моЈи
миасаасо нису тмгшчгж. Мснжда се
ово не б,и осећало као недостатак,
можда би се тиме баш ина.
гласио антифашистичми
тер иаше борбе, да је у филму
поред омлашЈИнаца ивразито израслих
те крупнобуржоаомик или
грађанских норосдица дат исто

тако изразит лик омладЈинца пролетерсмог
порекла оа особинама
реводуцнонарве класе ксцјој црипада.
Запгим, у целокЈупноц режији и
у одвијању радње ниј.е подаучена
подрпжа грађанства Бвсграда,
а борба омладинаца изгледа
одвојена и изолована. Ткме је
пропуштено да се да осаоана
карактеристика наше борбе, наиме
учешће, гводршка и л>убав
ш(цр:оК)Их народн.их маса према
њоц.
Оно што је Војисла® Нановић
свакако са најв!ише успеха решио
то је приказивање процеса
нарастања, изшрађив»ања, уздизања
младих лцудн у покрету
«оји брзо мења њихову физис
НOМIЦЈУ и спвара нове људе.
То се једано довољно не о.тражава
на Вери, али не тсплиаоо
збаг лоше обраде сценарија, колико
због начина третнрања улоге
Иваике Вељкошћ.
Режнја је, у извесном смислу,
у одиосу на ваша прва даа умети!ИlЧКа
филма отишла налцред.
У њој има мање далетантизма.

више филмске технике, добрих
свеглосних ефеката, мање гаоаоришшг,
доста укуса, али с друге
стране, она није уввк ишла у
дра&цу совјетс«ао«г реалистичког
филма, већ често ка америчким
ефектима и клишеима, (бекство
и гоњење, сцена у вариегеу, ту.
ча, задаршна сцена). Неке оддомке
и поједине моменте режисер
је реалистички дао (састанди на
улнци, србоклубаши, и агеигги,
партисми радни«), док је иеке,
у тежњи за једаоставношћу и
животношћу, баш с те стране
невешто подвукао те ве делују
истинито (долаоак Радетов код
Мише после бекства).
Млада глумачки колактив је
као целмна постигао резултате
не нзвајнредно внооке (што мм
дажас у овоме филму не можемо
ни оченивати) али ипак резуитате
мајн оу у изв)еснlом с\*ислу
уједначенм у смислу нашменично
добрих, реалистичких
сцена и сла&их, неубедљивмх
код скоро саих глумаца посебно.
Млад/и колектив је показао
свкхјим првим филмом да је то
кадар «а кота. после уморног
'рзш и стицања искЈуства, наша
кинематографија може озбиљно
рачунагш, да ће он бити један
од сцубоеа даљег успешног развоја
наше младе фш-мске уметностн.
М. Н.

НАКАЗЕ

Шавасан Је налисао страшиу
приповетку „Мајка наказа* о
всеаи која је хтела да сакрије
„срсх* н да уништи своје дете
оре иего што се родидо. Родила
Је чудовиште са спљоштеном
главом, издужених удова и ногу
као у паука. Власник вашарскот
шатора откупио јој је «а-казу
за пет стотина франака.
Неочекивана зарада завртела је
жени мозак. „Обузела ју је неодољнва
жеља да изроди још наша,
да скупл>а ренту као буржуј.
Пошто је била плодна родил>а,
намера јој се остварила и
о«а се очигледно научила да даје
својим накавама различите
облике, према томе како их је
притискивала за време бременитости_.“
Стварање савременог енглеског
скулшора Хенри Мура и
нехотице нас наводи да се сетвмо
ове Мопасанове приповетке.
Хенри Мур је „отац наказа"
којима тргује са истом таквом
вештином као и јунакиња Мопасанове
новеле. Уосталом, он
за своја чудовишта прима много
више него та жена, а његова
се дела не излажу по вашарским

шаторкма, него у музејима, галеријама,
украшавају се и приватне
збирке „љубитеља уметности“.
„Мајку каказа" су сви проклињали,
а Хенри Мура обасипају
хвалама и почастима.
Реч је о првом скулптору Велике
британије о коме је у Енглеској
написано веома много,
Његове се изложбе сматрају
,догађајем“ у уметничком животу
Бнглеске и САД. Један од
ватрених поклоника скулптуре
Алфред Франкфуртер, упоредиога
је са Донатијем, Худоном и
Роденом.
Други критичар је надмашио
Франкфуртера и ставио „великог
Британца“ у исти ред са Микеланђелом.
Кипови Хенри Мура су безобличне
фигуре сличне грудвама
у којима само усијана машта може
да распозна човека. Ето, на
пример, бронзана фигура „Породица":
отац, мајка и дете. Наказа
која претставља „оца“ је
без главе. Врат се завршава рас-

пукнутом површином КОЈа крунише
скулптуру. Мајка има место
главе нешто слично тегу;
очи се налазе на самом телу, а
носа уопште нема.
Ску/.птор је настојао да нз
свој‘их фигура избрише све човечанско
и мора се признати да
Ј'е у томе успео. Израз маЈ‘чиног
„лица“ убедљиво сведочи о његовој'
дегенерисаности. „Деца“
су изгледа, наследила мајчине
умне неспособности. И о тој' фанатичној
творевини, кој‘у прожима
животињска злоба према
човеку, писала ј‘е енглеска и америчка
критика, грцај'ући од
усхићења, као о генијалном делу
савремене уметности.
Хенри Мур је писао у једном
свом чланку о презасићености
савременог друштва старом уметношћу
и о потреби „здраве
примитивности". Можда је баш

у име те „здраве нримитивности“
скулптор почео да препорађа
„традиције“ каменог доба.
У сваком случају новинари су
изјавили да Хенри Мур, окренувши
се од антике, изучава у
британском музеју уметничке
израде предисторискога доба.
Ипак изгледа да ј’с укус савремених
неандерталаца који станују
у вишеспратним удобним
„пећинама“ Лондона и ЊуЈ'орка
много простији него укус њихових
предисториских предака.
Друго „ремек дело“ Хенри Мура
Ј’е његов монументални вајарски
рад „Три статуе коЈе стоје“.
Овог пута је Хеири Мур
претставио своје наказе у вертикалиом
положају, ма да је обично
волео да их ставља у хоризонталан
или седећи став. У
новој Муровој творевини нема
савршено ничег људскога. Огромне,
бесмислено испружене фигуре
са птичијим глаеама, огрнуте
су необичним огртачима.
Та чудовишта немају чела. Је-

дно једино око смештено је тамо
где би требало да се налази
чело, а уста, или огромна
чељуст, заузимају место које
је природа одредила за нос.
По наказности и безобличности
ово дело Хенри Мура је скоро
„најсавршеније" у његовом стварању.
Огромна је породица наказа
које је родио плодни енглески
скулптор, наказу у лежећем положају,
у седећем ставу, подлакћених
глава отпуштених на бок
или потпуно без главе, са страшно
великим трбусима и дугачким
надувеним удовима, разних
гуштера и птеродактила који
претстављају човека.
„Стваралаштво" Хенри Мура
препуно бесне мржње према духовној
и физичкој лепоти човека,
један је од јасних доказа
потпуне дегенерације савремене
буржоаске уметности. Та уметност
може да рађа само наказе
н ла тргује њима као подлац из
Моласанове приповетке.
(Литературнаја газета
бр. 14, 1948 превела
М. Н.)

ПЛАНИНО НАША,
ПЛАНИНО...

Иланино наша, висока
планино,
село је на твојим тгадинама;
у селу том играх се ко дете,
трчећи бос по градинама.
Планино наша, завичају наш,
твоји су људи бујни и смели;
такве л>уде одгаји ти
и твоји облаци бели .
Планино наша, немиру буне,
убојна песмо устанка,
ој» наша освето л>ута
и пушко партизанка!
Планино, наша, изворе бели,
за жедне студена вода,
ти нам и радост и надање,
ти нам и сан и слобода!

Рајко НИКОЛИЋ

Брсцј 17

НАРОДНИ СТУДЕНТ

3ФИСКУЛТУРА И СПОРТ

ЗАВРШЕНЕ СУ ПРВЕ СТУДЕНТСКЕ
ИГРЕ

Београдски универзихет однео је
укупну победу. Такмичидо се у 12
грана. Победа Београда изражеиа је
милималном разликом.
УСПЕСИ У ПОЈЕДИНИМ ГРАНАМА
У атлетици укупан победник је Загребачки
уневерзитет, али је Београд
победник у такмичењу мушких. Рачунајући
такмичење мушких и женских,
Загреб има 239 бодова, Београд
226, Љубљана 173 и Сарајево
12; засебно мушки: Београд 163, За.
греб 153, Љубљана 105, Сарајсво 12;
засебно женске: Загреб 88, Љубллна
68, Београд 63.
У Партизанском маршу: днсциплини
која се рачунала у атдетско такмнчење,
први је Београд, друга Љубљана,
трећи Загреб, четврто Сарајево;
У гимнастици Београд је неочекивано
заузео прво место и у укупном
тавмичењу мушких и женских. На
другом месту је Загреб, на трећем
Љубљана,У
тенису: прво место заузео је Загреб,
друго Београд, треће Љубљана.
У мачевању: је на првом месту Загреб,
на другом Београд, на трећем
Љубљана;
У футбалу: Је првак Загреб, други
је Београд, трећа Љубљана и четврто
Сарајево.
У рукомету: прво место заузео је
Загреб, друго Београд, треће Сарајево,
последње Љубљана.
У одбојци је: Београд, Загреб, Љубљана,
Сарајево.

У кошарци: Београд, Загреб, Љубљана,
Сарајево.
У шаху: Београд, Загреб, Љубљана,
Сарајево;
У стоном Загреб, Београд,
Љубљана, Сарајево.
Пехар Централног одбора Народне
омладине Југославије као свсукупни
победник првих студентских игара добио
је Београдски универзитет. Загреб
је добио пехар Комптета за фискултуру
као укупни победник у лакоаглетском
такмичењу.

УКУПНИ ПЛАСМАН

Прво место у свима гранама доноси
12 бодова осии петобоја свестраности
и атлетике, које дају 24 бода, Друго
место доноси седам бодова, треће четири
а последње два.

ПЕТОБОЈ СВЕСТРАНОСТИ
У петобоју свестраности ко*начни
победник је Београд. У овој дисциплини,
која се састоји од бициклнзма на
30 километара, рваља, пливања на
200 метара, кро« контрпја на 4 километра
и гађаља, успедо је екипи Београда
да освоји прво место. Поредак
појединаца је следећи; Штимац (2агре'б)
21 бод, Мило Лучић (В) 27,
РадмиЈ* Јанковић (Б) 27, ЈЈиодрег
(Б) 27, Вјекослав Барац
(3) 28, Реповж (Љ) 29, Сербов (Љ)
31, Едип Беговић (С) 33, Иван Тржланик
(С) 38, Јосип Загорац (С)
39. Укупни победник је Београд са
81 бодом испред Љубљане и Сарајева,
док се Загреб није пласирао јер
његов претставник није иопунио дисципдину
из пливања..

Гимнастичка екипа Београдског универзитета, победник на Студентским
играма

Старт петобојаца у пливању слоб одним стилом на 200 метара

ПОБЕДА НАРОДА ЧЕХОСЛОВАЧКЕ

Према извештају који је објавило
Министарство унутрашњих послова,
на изборима за Народну
скупштину у целој Републици је
предато 7,199.846 пуноважних гласова.
Од тога је за јединствену листу
Народног фронта гдасало
6,429.145 или 89,3®/* бирача. Белих
листића је у целој земљи предато
770.701 или 10,7 посто.
★
Први Iрезултатlи ивбсира у Чеххх
словачкај паказуј<у пкзбеду Нароаиог
фронта уа .велико учешће
бирача у целој земљи. Они
су доказ да оу наркхтји Чехослкквачке
одлучно пришли изградњи
социјализма у својо*ј земљи уовајајући
и учзршћупући промеие
које су иастале ош месеца фебруа/ра
до данас.
Пок|ушај реажције фебруара
месеца да ггомоћу држа®ног удара
заведе предратно уређење,
разбије Народни фронт и подреди
земљу еман'симlски и пол!Итички
и»астранспвlу, 'П*ропао је
захвалуу|ј(ући бушности КП Чехосл|рвачке.
Реак.цlИlЈа, потпомагана
од страиих имшеријалиста,
Iпреценила је своје, а потценила
Д|емок)ратокlе смаге у земљн,
онапу Комуниотичке паргије,
ње;н утицај и повезан>ст са
масама и чврстину радничке
класе. Партија је била та, која
је повела народие масе у данима
фебруарске кризе у одбраиу демомратскик
права, снслаlњај‘ући
се на класу која се
ткжазала зрела и дорасла својој
мlнсиј.и 'Предводника радних маса.
Од промена насталик у фебруару
када су из рукошодства исПlр«>тивнародни
елемен.
ти, братска Чехостовачтса Републшса
пошла је брзо напред.
Довршена је нациоиалкзација
предузећа, гвримљвн нови устав,
учвршћен Народни фронт, спроноди
се чишћење државвот ачта.
рата, пригпрема нови петогодишњи
план и учвршћуту братске
везе са СССР-ом и земљама «о.
ве демократије.
Нарадни фроит претставља
да«ас оснавицу друштвеног живота,
оирад-ина учвршћењу мор
ално-политичког једииства народних
маса!, подизању радног
елана, чишћењу државног апарата
и бори г 2 против сваког у.тицаја
упереног против једин-

ства чешког и словачког иарО|ла.
Побеца Народног фркмгга ва
избори-ма гаретставља ударац како
знутрашњој тако и међунарол!ној
|р*еакц|И||и. У исто време
она је маииф естацнј а мођ«
Народног фромта онаге и чврстине
Комунистичке ггартије,
морално полнтичког јединства
народа, високе свесги и патриотизма
трудбенина Чехословачке.
Побеша демократских снага у
'Чехословачкоп претставл>а д*>
принос у борби демоктатскнх
народа света за мп-пр н демократнју.
Изградња аутопута Београд —Загреб нова манифестација
солидарности демократске омладине света

Пруга Шамац —Сарајево поред
свог огромног значаја у изградњи
наше земље и наших омладинаца
била је и стециште
демократске омладине света која
је својим доласком, радом, и
многобројним изјавама доказала
колико се диви и колико цени
народе и омладину Југославије,
њихову борбу против фашизма
јуче, и борбу зао стварење
социјализма данас, Педссет
и шест иностраних радних бригада
и група са 5.842 омладинаца
и омладинки, из 42 разне
земље света, учвршћујући у међусобном
додиру братство и јединство,
упознавајући се и пре
каљајући кроз заједнички рад,
показали су на делу своју верност
принципима Светске федерације
демократске омладине-
За свој самопрегоран рад
рад 33 бригаде и групе проглашене
су за ударне. Међу
њима албанска омладинска
радна бригада „Кемал Стафа“
проглашена је 4 пута за ударну,
Грчка омладинска радна
бригада „Георги Сијандос“,
Прва корушка омладинска радна
бригада „Франц Ленарт“ и Бугарска
омладинска радна бригада
„Георги Димитров“ проглашене
су три пута ударним; Прва
грчка бригада ,Епон“ Друга

чехословачка бригада „Јан
Шверма“, Прва тршћанска бригада
„Алма Вивода“, Трећа тршћанска
бригада ~Војка Шмуц“»
Друга аустралијанска радна
група и Друга корушка омладинска
радна бригада „Матија
Томаш“ проглашене су
два пута ударним а 24 радне
бригаде и групе проглашене
су ударним. Враћајући
се у своје крајеве ти су омладинци
ширили истину о нашим
народима и нашој земљи, оповргавајући
бестидне клевете
плаћеничке реакционарне штампе
у неким иностраним земљама
о омладинској прузи, о демократској
омладини света и
њеној борби за свој бољи живот.
Наши се студенти радо и добро
сећају свога контакта са иностраним
омладинцима. Многе
студентске бригде радиле су
у близини иностраних бригада
а многи наши студенти били су
преводиоци и делегати. Обилна
преписка у току школске године
сведочи да је пријатељство које
су склопили незаборавно и
да се непрестано продубљава и
појачава како би било што бољи
прилог ствари мира и напретка.
Централно веће Народне омладине
Југославије предвиђа

овога лета долазак око 5-000 омладинаца
и омладинки на изградњу
аутопута Београд —Загреб.
У многобројним писмима
иностране омладинске бригаде
и омладинци изражавају своју
радост што ће и ове године, за-

једно са омладином Југославије
и омладином осталих земаља,
дати кроз рад нов доказ чврсте
решености и непоколебљивости
младих у борби за заједнички
циљ: трајан мир, слободан и
бољи живот.

И ТАЈ ИЗВОР ЈЕ ПРЕСУШИО

П риликом допуне Закона о национализацији нађене
су веће количине разне робе која је била прикривена на
разним скривеним местима за која су шпекуланти били
убеђени да их народна власт не може пронаћи .

Имате ли оловке?
Какве оловке, младићу, па ја уопште немам чиме да
се потпишем!

Живот и борба
студената света

БУРМА. У Бурми гаиа свега
2.500 студената на 17 ммлиона
становника. Скоро овн студенти
долазе цз класе државних члновника,
велепоседннш и власника
шрешlионица, ПоlСтоје свега
132 студента медицкЈне од мојјих
ће зав!ршити студаје ове године
само 3, а идуђе гошмке 10.
★
КИНА. Влада К|уоминтанга тх.
јачава своје нападе против Нациснналног
савеза кинеоких студената.
Савез Је прlИМloран да
ради у нлегалности пошто је о«
једна од главlн/ик демlократок)ик
организација у области којом
влада Чан Кај Шек. Према н>еговом
наређењу убијен је претседник
студентске ор|панизахмгје
у Хангчеу. Самостална студентока
руководства забрањена су
и замењена телима »оја н'нсу
бираиа,
★
Десет хиљада шакгаЈсчсих сту.
дената и учевс* > среоњих школа
организова/Јво је демомстрадије
у знак протеста због хапшења
петорице напредннх студената
Универрштета Чао Тунг.
Том приликом демокстрааЈК су
такође .оштро осудили појпј'!«кs,
агрееије Чамг КаЈ Шекскве владе,
као и амернчжју шшгшжу у
Јапану.
★
ИНДОНЕЗИЈА, У Семерангу,
у области коју су окупирали sболанђами,
студенти оу заједно са
својим »асгавницима прогласиаи
масовии штрајк у знак протеста
против намере да се холаидски
језик уведе у наставу као з®аннчни.
Биле су затворене све
школе, а релубликански плакати
били су излепљеки гао целом
праду. Холанђани ру на о®е манифестацгаје
засноване на осноа.
ним демократским правима, реаговали
силом.
★
ШВЕДСКИ СТУДЕНТИ УЧБ*
СТВУЈУ У ИЗГРАДЊИ
БУГАРСКЕ
Из Шведске је стигло у Софију
око 70 младих радника студвч
ната и ученика који су изразили
жељу да помогну бугарској си
младини у изградњи земље.
.♦♦♦.
ОТПУШТАЊЕ НАПРЕДНИХ
ПРОФЕСОРА СА УНИВЕРЗИТЕТА
У С. А. Д.
У Сједињеним америчким др*
жавама и даље трају бесни прогони
напредних елемената. Из
колеџа и универзитета отпуштено
је још пет професора коЈи су
подржавали кандидатуру Вала-|
са за претседника. Раније су отпуштени
професор Евансвилског
колеџа Пажер, 12 професора у*
ниверзитета у Илиноису, профе.
сор. универзитета у Џорџији
Џемс Барфут и други. Лист „Га*
зет енд дејли“, који излази у
Јорку, пише да је управа једног
колеџа у Пенсилванији упозорила
професора Атерна да ће бити
отупштен зато што припада на*»
предној странци те земље.

4

Одговорни уредник Влада Митровић, ст. права. Уредништво и администрација: Београд, Балканска улица 4, телефон 23-464; број чековног рачуна 1-9060014.
Штампари ја „Омладина“, Беохрад, Војводе Мишића улица број 19

' НАРОДНИ СТУДЕНТ

БроЈ П

Петобој
свестраности
24
14
8
0

Атлетика
14
8
4
14
Гимнастика
12
4
0
7
Тенис
7
4
0
12
Мачевањв
7
4
0
12
Стони тенис
7
4
2
12
Ногомет
7
4
2
12
Рукомет
7
2
4
12
Одбојка
12
7
2
4
Коша|>ка
12
4
2
7
Шах
12
4
2
7
  </body>
 </text>
</TEI>