<TEI version="3.3.0" xmlns="http://www.tei-c.org/ns/1.0">
 <teiHeader>
  <fileDesc>
   <titleStmt>
    <title>The shortest TEI Document Imaginable</title>
   </titleStmt>
   <publicationStmt>
    <p>First published as part of TEI P2, this is the P5
         version using a namespace.</p>
   </publicationStmt>
   <sourceDesc>
    <p>No source: this is an original work.</p>
   </sourceDesc>
  </fileDesc>
 </teiHeader>
 <text>
  <body>
   <p>This is about the shortest TEI document imaginable.</p>
  </body>
 </text>
  <text>
  <body>
ПРИЛОГ ДИСКУСИЈИ
Пред оснивање
Савеза

Ослањајући се на досадаг
шн>а искуствз, показало се да
активи Народне омладине, са
разграњавањем форми кроз
које је обављан друштвени,
културни, стручни и други
рад, нису били у стању да
све те задатке увек успешно
опроведу, јер су били пренатрпани.
Отуда тенденција да
ce активнolет чланова Савеза
што више приближи њиховим
радним местима, а саобразно
томе и њихова одговорност.
На пример: студент Филозофског
факултета, чла« дебатне
секције слависта, вршиће своју
чланску дужност учешћем у
раду тв секције и у њој ће
ва свој рад одговарати, Логично
је, према топие, да се
задаци спроводе преко секција,
клубова, кружока, а не
преко актива како је то до
сада било. И радна ииицијатива,
и систем плаиирања
б« могао да потиче баш са
оних места где се рад обавља,
а то би било пре и боље
спроведено, јер би се чланови
Савеза учлањавали у ону
секцију, клуб, кружок итд.,
чија их радна проблематика
највише занима.
Двоструке користи ће се од
овога имати: искористиће се
све могућности које пружа жи
вот на одређеном студију и
проналазиће се за њих најприкладније
форме. Свако ће
се налазити баш на скном месту
које му највише одговара бавиће
се оним послом који
га највише занима.
Вероватно да би се овим
путем рад још више проширио,
да би се јавило више
плодне иницијаггиве, да би општа
слика рада у једном удру
жењу била шароликија, јер би
оно укључивало у себе више
разиих секција и друштава.
Дакле, у односу Hai читаво
удружење, рад he бити свестранији.
Али ту стављамо један знак
питања. Неће ли рад сваког по
јединог члана Савеза постати
једностранији? Претпоставимо
да члан Удружења правника
ради у ликовној секцији. Све
своје обавезе у секцији он
уредно испуњава. Ко ће да во
ди рачуна о идеолошко-политичком
раду, например, т o га
члана Савеза? Да ли ће он да
суделује у дискусијама на де
батној секцији свога удружења?
То ће пре свега да зависи
од рада дебатне секције,
могло би се приметити. Али
ако га тај рад не буде у довољној
мери заннтересовао?
Најповољније решење би се
можда нзшло, ако би она сек
ција или друштво у којој неки
члан Савеза ради, водила ра
чуна не само о његовом раду
директно везаном за секциске
задатке, него и за његов укупан
развој.
Међутим, ту се мора чарочито
обазриво поступати. Уко
лико више секција буде Једно
удружење имало, утолико ће
имати више управа тих секци
ја, друштава, кружока и слично.
У управе ће битн изабран
велики број студената, који
још немају кскуства у раду
као руководиоци. Свакако ће
се неопходно морати да рачуна
са извесннм прелазннм
периодом. У томе прелазном
периоду би осии удружења
морала да постоји још нека
покретачка снага која би се
нашла у помоћи одбору удру
жења н управама секција. То
би за прво време били секретеријати
година и група, имајући,
наравно у виду што веће
осамостаљење управа.

Друштвени клуб Универзитета
може се боље користити

Друштвени клуб Универзитета основан
је пре два месеца са задатком
да постане место где ће београдски
студенти моћи да се културно
разоноде. Он је требао да одигра
значајну улогу у буђењу интреса
за уметност код студената и
изоштравању њиховог естетског укуса.
Као такав он је требао да послужи
факултетима за путоказ у
организовању друштвеног и забавног
живота. Но, двомесечни рад овог
клуба говори да се није успело
у таквим настојањнма. До данас 90
од сто студената Београдског универзитета
не само да није навраћало
у Клуб, већ уопште и не зна да
он ностоји. Зашто је то тако? По
нашем мишљењу има ту објективних
разлога: управа клуба није имала
довољно искуства, јер је Друштвени
клуб једна нова форма организовања
културно уметничког и
васпитног рада међу студентима.
Сем тога и материјална средства
Клуба била су слаба (за приредбе и
предавања напр., столице морају
да се сакупљају из читаве зграде
јер Клуб нема својих). Све је то
отежавало рад. Алн много онога
није учињено што се могло учинити.
Пре свега студенти нису били
на време информисани о приредбама
и предавањима које је организовао
Клуб у својим просторијама. За
два месеца Клуб је овоја врата отворио
студентима три пута а одзив
је био увек слаб.

Досадашње искуство показује да
је уз Управу потребно оформити и
посебно саветодавно тело састављено
од људи који ће се труднти да
уметнички наступи, предаваља или
дискусије буду на одговарајућој
квалитетној висини. Задатак овог
уметничког тела бно би да одабира
и са факултета уметничке програме
који би се могли изводитн у
Клубу. Наступ друштава са факултета
био би потстицај раду њнхових
секција. Развио би се дух такмичења
међу друштвима. То би довело
до разгарања културно-уметничког
рада наших факултетских
друштава који све више јењава.
Од обичних приредби на којима
се нижу тачка за тачком да би се
све на крају завршило игранком,
Клуб би могао да пређе на организовање
посебних музичких концерата,
књижевних вечери посвећених
значаЈном догађају или личности,
дискусије о филму, оперском извођењу
итд.
Такве приредбе и предавања могли
би студентима да дају најбржи
и најпотпуннЈи одговор на разна
питања из областн науке, културе и
уметностн.
Сматрамо да би Клуб требао да
буде стално отворен. Тиме би се
пружила могућност посетиоцима да
у свако време користе његове просторије
за пријатан одмор и културну
разоноду.

МАНЕВАР СТУДЕНАТА ТВШ

Борци у рову (извештај са манесра студената ТВШ доношмо на
другој страни)

САСТАВ САВЕТА ЗА ПРОСВЕТУ,
НАУКУ И КУЛТУРУ

Према одлуци Народне скупштине
Србије о реорганизацији Владе, за
руковођење пословима из области
просвете, науке и културе, основан
је Савет. Овај Савет сачињавају
претставннци друштвених организациЈа
и установа, као и појединци,
који су се истакли јавним и научним
радом.
Сходно овоЈ одлуци, ПрезидиЈум

Народне скуттштине СрбиЈе имено*
вао је чланове Савета. Са Универ*
зитета и Великих школа у Савет су
ушли следећи професори: др Алек*
сакдар Белић, претседник Српске академије
наука, др Илија Ђуричић,
ректор Универзитета, др РадивоЈ
Кашании, ректор Техничке Велике
школе, др Коста Тодоровић, ректор
Медицинске велике шкрле, др Синиша
Станковић, професор Природноматематичког
факултета, МиланБог*
дановић, професор Филозофског факултета,
Сретен Стојачовић, ректор
Академије ликовних уметности, Михаило
Вукдраговић, ректор Музичке
академије, др Радивоје Увалић, про*
ректор Универзитета, др Војислав
Ђурић, доцент Филозофског факултета
и Радован Теодосић, наставник
Универзитета.
Савет ће имати своје одборе коЈц
ће руководити одређеним пословцма
из своје области.

НAУЧНЕ ГРУПЕ ПОЉОПРИВРЕДНОГ ФАКУЛТЕТА

Кроз научне групе Пољопривредног
факултета за три године њиховог
постојања прошао је већи број
студената. Међу њима било је чланова
који су показали пуно воље,
способности и залагања у усавршавању
и оспособљавању, као и оних
који су због помањкања воље и упорности
при првим тешкоћама у.
стукнули.
Ове године од осам катедри пет
има своје научне групе, са укупно
58 студената, које обрађују 32 теме,
а три их немају (катедра пољопривредне
економике, катедра агротехнике
и агроекологије, катедра опште
хемије). Број чланова од прошле
године се смањио са 87 на 54
(62%). Није издат Зборник студентских
научно-истраживачких радова,
нису одржаване конференције за чи.
тање студентских радова. Уопште,
може се рећи, рад научних група на
Пољопривредном факултету знатно
је ослабио у овој години. Зашто?
Највећи разлог је по нашем ми
шљењу свакако организациони.
Наиме, руковођење научним групама
преШло је ове године са омладинске
организације на Катедре. А
катедре, често, имају различите ста.
вове према оваквим манифестацијама
стручног рада студената. Отуд
се по свој прилици ту и тамо чују
мишљења да су научноистраживачке
форме рада студената преживеле,
дз радови студената немају научни
карактер, да су то претежно радови
научника са етикетом студената.
Наравно да су овакве "теорије",
и још ако су их шириле катедре,
могле само демобилисати студенте.
Други разлог чисто објективне
природе су проблеми са којима се
боре и остале секције на факултету
(дебатни клубови, културно-уметничко
друштво итд.). То је како
да се у условима, кад се читав ваншколски
рад поставља на чисто волонтерску
базу ипак привуку у
те секције они студенти који поседују
све услове. Већина катедара,
то можемо слободно рећи, није ово
схватила. Тако је и могло доћи до
механичких закључака да студенти
још нису зрели за тај рад, и да их
”на крају крајева, тај рад и не интересује”!
Да успех студената у научним
групама зависи од катедре показују
најбоље примери. Где су катсдре
и Заводи активно руководили научним
групама и помагали им, успех
није изостао (катедра агрохемнје и
педологије, завод за вођарство, за-

вод за млекарство, за ентомологију,
фитопатологију, микробиологију
итд). Радови студената у овим научним
групама често су не само
озбиљни покушаји научног прилажења
проблемима већ и известан до
принос привреди.
На недавном састанку свих научних
група Пољопривредног факултета,
којем су присуствовали и професори,
наставници и асистенти изабран
је један одбор (од професора
и студената) коме Је стављено у
задатак да координира рад научних
група, да даје предлоге, организује
читање радова итд.
Редакција међутим сматра да тиме
ипак нису решени сви, па ни главни
проблеми. Тако, на пример, разлика
у погледима о свршсходносги научних
група дошла је до изражаја
у дискусији неких наставника. Том
приликом Је наш дописиик замолио
неке лрофесоре за изјаве по овим
питањима. Редакција их овом приликом
не обЈављује само зато што
сматра да су дате ”на брзину", да

не обухватају проблеме. у целнни и,
пре свега, зато, што овако фрагментгрно
дате не одражавају прави
став неких наставника. Но пошто
сматрамо да би једна принципијелна
дискусија о суштини рада научних
група на Пољопривредном факултету
могла помоћи таквим групама
и на осталим факултетима, редакција
овим путем моли професоре
др. Обрада Пејића, др. Стевана
Николића и др. Младена Јосифовиha,
који су дали споменуте изЈаве,
као и све остале наставнике и студенте
Пољопривредног факултета,
да кроз наш лист образложе своја
мншљења о овом тако важном проблему.
Можда би најцлоднија дискусија
произашла из обрада тема:
Целисходност, потребе и могућност
постојања научних група, начин руковођења,
стил рада итд. Ово су наравно
само наше сугестије. Редакција
се са своје стране обавезује
у границама својих могућности
да све овакве дописе објави у својој
рубрицн ”3а дискусију

Зашто апсолвенти
фармације не дипломирају

Недавно је на иницијативу Деканата
и студената одржан састанак
свих апсолвената Фармацеутског фа
култета. Састанак је имао задатак
да за сваког апсолвента понаособ
одреди дефинитивни рок за дипломирање.
До овог састанка дошло је
услед тога што већи део апсолвената
покушава да пролонгира рок свог
дипломирања што је могуће дуже.
Сем тога овај састанак био је јединствена
прилика, како за школску
управу тако и за омладинску организацију,
да бар на неки начнн изврше
контролу рада апсолвената,
јер је већина од њих, одмах после
апсолвирања, отишла својим кућа.
ма у унутрашњост. Један део, нарочито
они који иису имали стипендију,
запошљава се, понекад и сасвим
изван своје струке. По подацима који
су изнесени на овом састанку види
се да се укупан број апсолвената
попео на 254, и да ће овај број
доласком нових апсолвената у јуну,
још више нарасти, Подаци, даље,
ооказују да, на примвр. Дват aaco«

вената из 1947 године имају 57 заосталих
испита (што значи 5,07 ис.
пита на свакога), 59 апсолвената ив
1949 године 253 заостала испита (илп
4.2 испита на свакога), а апсолвеити
из 1950 године 789 испита (или
4.2 испита сваки просечно),
Претседник школске управе, декан
Фармацеутског факултета мишљења
је да оваквом стању треба што пре
да се учини крај. Због тога изјавио
је он, школска управа ћс убудуће
установити најстрожу контролу полагања
испита. Сви они апсолвенти,
који неоправдано буду и даље продужавали
своје дипломирање, бнће
предати Савету за иародно здравље
и социјалну политику који he их, по
овлашћењима које има, распоредити
као средње апотекарско особље
и упутити у места где се за њима
осећа највећа потреба.
Према обавезама које су прикупљене
од стране апсолвената, највећи
број he да дипломира у перио.
ду јуни, новембар 1951 године, а
остали најкасније до 1 јануара 1952
године«

Одбрана
дипломских радова

На саоб.раћајном отсеку Грађевин«
ског факултета браинли су своједи*
пломоке -радове студенти прве послератне
генерадије: Малонарац
Драгослав и МијушковиФ Бранко. И
један и други су имали дипломсш
рад из пројектовања жељезница.
Први је пројектовао жељезничку
пругу узаног колосека (ширина
0,76 метара) од Габеле до Имотског,
а други пр\ту нормалног колосека
(шнрина 1,435 метара) од Бусоваче
до Ивањ тунела, са прикључцима
до Сарајева.
Пред кандидате су се поставнли
веома озбиљни проблеми. Теигкоће
грађења и потребе које је изискивала
израда пројеката за ове пруга
ннсу биле мале. Морало се водитл
рачуна и о перспективама развоја кра
јева кроз које су пролазиле прлте,
Жељезиичка пруга која се пројектује
у једном крају наше земље мора
да има економстсо оправдање
своје израде.
Овај задатзк добио је ттрви кандидат
јер је трасирао шрлту у пасивном
херцеговачком крају. У карствим
пољима могу се, с обзироМ
на климатске услове, гајити, на при
мер, памук и дуван, о чему је кандидат
такође водио рачуна.
Други кандидат је морао да во.ти
рачуна о природним (рудним) богатствима
босанског предела кроа
који је пролазила траса пруге којјц
је ом пројектовао. Сем ових привредних
задатака трасирање прутв
је, о обзиром на планинске пределе,
захтевало израду многобројних
објеката, као тунеле, вијадукте, про
пусте и слично.
Све ове проблеме кавдидати су
успешно репгили. За успешно решење
прнмљених задатака Бранко Мц
јушковић је оцењен са девет, а Малопарац
Драгослав са десет.
ж. п.

НЕ ДЕЉНИ ЛИСГ БЕОГРАДСКИХ СТУДЕНАТАИЗВЕДЕН ЈЕ МАНЕВАР
СТУДЕНАТА ТЕХНИКЕ

Саопштење штаба манебра

15 априла у времену од 0 до 18
часова одржан је ванармиски војни
маневар студецрта технике. Маневар
је изведен према плану са задовоЛ»авајућим
резултатом и поред неких
пропуста и недостатака објективне
и субјективве природе.
У мавевру је учествовало 5000 студената
н студенткиња, т|. 94% свих
физички здравих. То је најмасовнија
акција београдскнх студеиата технике
после ослобођења.
Збор, подеда оружја, кретање до
положаја и знатан део *борби м нзвршени
су у највећем реду и дисциплинн
са много примера појединач
ног и колективног залагања. Другарице
су одлично подносиле овај знатан
физички напор. Само три од њих
су на путу због умора прихваћене
од санитетске службе.
У току ”борбн м извршене су мање

измене првобиггног оперативног плана.
Између осталог изведене су показане
вежбе на коти 208.
Ваздушни десант изведен је упркос
јаког ветра, уз велико пожртвовање
падобранаца.
После извршеног задатка одржана
је смотра свих јединица, са које
је упућен рапорт маршалу Јосипу
Брозу Титу. После смотре јединице
су се у колонама вратиле на полазно
место реон Техничке велике
школе.
У току маневра није било несрећ
них случајева.
Маневру су као гости присуствовали
многи новинари, којима је било
омогућено да прате ток операција,
алн штаб маневра не сносн
одговорност за податке и оцене у
њиховим извештајима и репортажама.
| НАРЕДБА sр. 12
Свим учесницима маневра студената
технике изражавамо своју захвалност.
За примерне припреме и успешно
извршсњс свог маневарског задатка,
за показно залагање, пожртвовање и
' дисциплииу
Похваљују се:
Чета хемиске заштите,
Коњички ескадрон,
Одред ваздушне пешадије,
Јединице у одбрани,
Пуковска батерија 76 мм,
3 чета 111 стрељачког батаљона,
1 чета II стрељачког батаљона.
Штабови батаљона и команде самосталних
јединица да предложе
овом Штабу појединце за похвалу.
Смрт фашизму Слобода кароду!
Комесар Комаидант
Ж. Крунић С Сто Јановић

Задатак је извршен „непријатељ" уништен

Сказаљка ва часовиику је показивала
тачно 4 часа и 25 минута. Кроз
пет шшута отпочеће напад. Ударнл
група II вода Ш чете има задатак
да очнсти од "непријатеља* простор
Раковица Гољино брдо, изврши
лродор у „противиичке* лшије и омогући
главкики трупа директан, одлјшни
удар.
У колоии по један отуплгамо се низ
падкну Раковичк« шуме; још киј«
лочело да овиће. Као сонку назирем
друга ислред себе, стрчао је низ
уоку стазицу и одмах осренуо десно.
Нигде шума, нигде гласа, само ветар
и жагор лтапћа. У близини смо
„непријатсља*; д«сетар раопоређује
тројке за напад, брзо н без мноro
речи. Једна група ћ« ааобићи са
десне сгране Ивдустрију мотора,
форсирати пругу, остали са леве.
Простор мора бити очишћен...
Потрчали смр и распршили ct по
пољу, бнрајућн заклоне. Нечујно као
авети пузимо, трчимо н бацамо се
иза sрежЈ т љака. Лежим иза једног
звда, погледом тражим Радета, вођу
тројке. Био је десетак метара десно
и рјжом показивао према врху Гољиног
брда. Горе су се назирале силуете.
Кретале су се. Одједном, нешто
је блеснуло, затим пуцањ. Још
један, а за овим и трећи. Приметили
су нас. Требало је бнти опрезан
и брзо радити.
Стој, излазн напрсд. Брзо.-. Оштар
глас Ангела, десетара друге десетине,
заусташо је једау групу непријатељске
извиднице. Простор се
чистио и ми смо лагано иадирали,
Морали смо застати, иштред нас се
пружао раван терен а мало даље
друга и поред н>е гомила шљаке.
Идеалан заклон, али требало је
доћи до њега. Нешто се мора урадити.
На левом кршгу једна тројка излеће
из заклона, скреће пажн>У на
себе. Заштектао је митраљез, „гађалн"
су их. Користимо овај тренутак,
искачемо и трчимо ка гомили
шљаке бацамо се на њу. Нисмо
били примећени. „Непријатељ* осећа
да се нешто спрема, његови пуцњи
су све чешћи. Још уввк смо у
једној линији а тада се разилазимо.
Наша тројка има за циљ да одржава
везу са Аигеловом десетииом. Користтго
тренутно затишје и пребацујемо
се даље. Циљ је доспети у
подножје Гољиног брда где се налазе
одлнчни заклоии. Још десетак
корачаји и... Али нзненада се појавила
препрека, речица широка метар
и по. Мора се прећи, бираћ>а није
било. Кратак залет окок. Раде
је закачио ногом и упао у воду. За
кратко време опет смо заједно, а
што је најважније у подножју брда.
Станбене зграде, воћњаци, шупе,
пружају добар заклон. Сачекујемо
Ангела и његове људе. Кратах договор
и већ внамо даљи правац напада.
”Непр«јатељска“ ватра све је че.
шћа. У рововима на врху распрскавају
се гранате. Наша артиљерија
стуттила је у дејство. Сада је већ лакше.
Пењемо се, хватамо бусију и осматрамо.
Сасвим добро ввдимо прве
лтгније противиика. Покаткад протрчи
који дуж рова. Пуцамо. Настаје
најтежи део задатка. Стрмом ивицом
брда, без икаквога заклона
теигко ј« доћи до рова. ..Неттрнјатељска*
ватра кмала б« одличан иишан,
живо месо. наше артиљерије
све ј« веће, гранате сгварају забуну
у рововима. Једна група скреће
улево, према кречанама, Пуцају и
Привлаче пажњу на себе.
Јуриш!
Полетели смо брзо и сдаовито.
Урааа... заорило се нашим редовима.
Чврсто држећи пзипке на
готовс, трчали смо дирвктно уа брдо
ш „ие-прнјатељу*. Сада «а*о в«ћ j
могуЈиоста да вађемо еамов. Кpe-

так предаг и одмах затим поновни
јуриш, последњи и одлучујући. Уз још
једно дуго „Урааа“, устрчали смо
последњих неколико метара. У трку
пуцамо, „непријаггељ* се колеба, одговара
ватром и окреће леђа. Повлачи
се. Заузели смо њихову прву
борбену лзинију. Наша главнина може
слободно да запоседне фронт, не
прети опасноог да је са Гољиног бр-

да заспе нелријатељска ватра. У saузетим
положајима, очекујући nojaву
наших јединица, мотримо да цротивник
не изведе цротишапад. Први
редови главнине наших трупа наишди
су и запоседају положај. Наша група
оетаје у позадини као прва 6‘орбена
резерва. Задатак је извршен, „непријатељ*
истеран.
8. Д.

Када је јаче запуцало

„Сачекати наше јединице које се
повлаче и пребадити их преко Саве“,
пнсало ј« у командантовој иаредби.
У току ноћи приблнжили смо се обалтг.
Чамци су већ били камуфлирани
у жбуњу. Поред нас је текла Сава
мутна и разливена од пролетњих
киша, š преко, кегде иза Чукаричке
косе, налазиле су се укопане наше
јединице. Beh неколико дана се повлаче.
Још један јачи јуриш „непријатеља*
и биће одбачене на Саву.
А тада дж ли ћемо стићи?
Залогоровали смо иа Ади Циганлији.
Читаву ноћ смо кајацима патролирали
водом
ИзЈ*утра, када je на положаЈИма j’aч«
запуцало, командир је дао знак н
у пшроком поретку завеслали смо
ка друтоЈ’ обали. За неколико минута
набујала Сава била j'e побеђена. Наше
извиђачке патроле већ опрезно
прелазе београдски друм и нестају у
ггравцу Бановог брда. Ссдимо по заклоњеним
јарцима поред пута и чекамо
команду. Сељаци цролазе путем
за Београд, окрећу се, радознало
очима преко наших одела,
каљавнх ципела и пушака. Претпостављају
да је нека војна вежба
и стидљиво питају ко смо. Марко
Ристовић је дуго обилазио око нас,
док се оомелио на разговор. „Непријатељски*
авион-извиђач натерао нас
је да се оклоцимо испод једног пропуста,
Марко је пошао са нама. И
он је пред Kpaj' прошлога рата по
читаве ноћи дежурао са cboj'hm чамцем
на Сави, чекајући са оне стране
неки знак. Пртага нам: „Увек осетимо
кад j'e офанзива у Срему и тада
на смену дежурамо крај обале, чекаЈући
на знак 6’зтериске лампице.
Шифра нам j‘e била да нартизани три
пута кратко упале аелено светло. А
тада бих за час обишао пет-шест
кућа и већ за пола сата неиолико чамаца
би секло Саву. Видим Ја другу
обалу ноћу, као да је десет метара
далеко. Извежба се човек. Ко зна
по колико 6и пута ноћу прешли реку,
А кад прође офанзива поново
напраг. Најтеже Је зими када су Јаки
ветрови, па дшку талас«. И вама
иоћас није било баш лако. Осетио
сам ветар.*
Паггроле које су хватале везу са
нашим јединицама вратиле су се.
Наши су ”опкољени“. Морамо се што
np« вратитн на нашу обалу, јер „непријатељ
‘ тек што није избио на
косу, одакл« може да нас гађа. Командир
пуцњем даје »нак за приправност.
За час смо сви код чамаца.
У томе моменту поЈавише се скоро
нечујно иза косе два авиона, пре-

летеше ктад наших глава и док с<
још нисмо пп смашли, избацише иг
свога трупа масу белнх клобукова з
нашу позадкиу. Падобраагцн! Hoea
опасиост, Презсиде нас други пуцаи
и чамии запловише Савом. Пред нама,
на неколико стотина метара, наma
позадина је већ примила борбу са
„непријатељским“ падобранским одредом.
Иза наших леђа непријатељ
већ заузима положаје са којих домннира
обалом. Ј. П.

РАПОРТ
Маршалу Југославије Јосипу Брозу Титу
Београд

Сгддети Техничке шелике школе и Вивоке еаобракајне школе
гвретани у војне јединице иввештавају Вас да eg данас извели ван ш
армиски војни маневар, као ceoj скромни прилог јачању одбранбене
спремности наше Домовине.
Наше јединиие g јачини од 5.000 л уди, наорджане пешадиским
оружјем и ојачане тенковима и артилеријом, кренуле су 14.1V. у 24 часа
испред Техничке еелике школе на терен маневра: Железничка
колонија Милакоаау - Филмски град Баново брдо
Чукарииа.
Наш маневар имао је карактер двостране вежбе: напад и одбрана.
У нападу је учеетвовао један борбени пук састава од три
стрелачка баталона. Пук је имао ладатак да ликвидира „непријателски
44 мостобран на дееној обали реке Caee. У саставу пука био
је и један одред падобранаца који је извршио еаздушни десант у
позадини „непријатеља и . У одбрани је учествовао један ојачани баталон
са деловима специјалних јединица U посебном јединицом itoја
је осигуравала повлачење „непријатела и преко Саве. Како командни
кадар тако и тенковеке, падобранске, артилериске, коњинке и nu m
онерске јединиџе и јединице за везу и противхемиску заштиту ctf
ставлене су од студената наших школа.
Манввар је изведен no предвиђеном плану од евих наших јединица
које еу прешле укупну маршруту од 30 км. у времену од 13
часова.
Маневар је изведен после опеежних двомееечних припрема У
којима смо ее користили ееестраном помоћи /угословенске армије.
У току ових припрема око 1.000 студената вршило /е гађање на
стрелишгима. Око 4.000 ет удената гледало је војно-наетавне филмове.
Ceu учесници маневра проучавали су своје задатке на картама, релефу
или на терену. Сее стрелачке и специјалне јединице изводиле
су пробне вежбе npt маневра. Руководећи кадар саставлен од ptлервних
и активних официра ЈА, који студирају на нашим школама,
допукио је eeoje искуство етечено g Народно-ослободилачкој борби
новим војним знањем.
Окуплени на смотри наших јединица после маневра, ми Још
једанпут манифестујемо своју безграничну лубав према социјалиг
етичкој Југославији и леним бојним штабовима Централном комитегу
Комуниетичке napruje Југославије и Влади Федеративне Народне
Републике Југоелавије.
И овом прилихом ми е мржњом поручујемо убицама наших дру
гова греничара, крадливцима југоеловенеких малишана и дипломатеких
претсгаеника, ратним хушкачима и провокаторима да им никад
нећемо дозволити да похазе нашу родну груду и отму њену
слободу.
Нека лнају империјалиети СССР-а и њихови вазали да ее
елобода наших народа не може ни украсти ни отети. Нека знају да he
еваког агресора на нашу лемлу чекати смрт на сваком кораку од
наших слободарских, лбратимлених народа.
Друже Маршале,
Кад год нас у име Отаџбин« позовете под наше славом овенчане
застеае, сврстаћемо ее ели као један борац, верни традицијама наших
предака, у непобедиву армију која he бројати 16 милиона југословена.
Београд 15. IV. 1951 «.
Студенти Техничке велике школе и
Високе еаобраћајне школе учесници
маневра

Кроз универзитете у свету

УТИСЦИ ФИЛИПА ЗИЛИ О БЕОГРАДСКОМ
УНИВЕРЗИТЕТУ

„Поред разговора и конферснција
са Комитетом Универзитета, са Центрадним
комитетом Народне омладинс
Југославије, Комитетом Медицинске
велике школе и Уредништвом
„Народног студента", имао сам прилике
да се добро упознам са студен!
ским животом у савезној престошци
Југославије.
Приликом посете универзитетском
одмаралишту на Авали провео сам
једно веома угодно по подне. Стигао
сам у одмаралиште баш пошто се
завршило време одређено за одмор.
Студенти, који су били у одличном
расположењу, брзо су пронашли музичке
ннструменте и ночели да певају
народне песме из разних крајева
Јутославије. За сада ово одмаралиште
има места само за 20 студената
али једна нова зграда већ се
налази у изградњи. Она ће моћи да
прими још 40 студената и очекујв
се да ће бити зааошена до пролећа.
Касно истога дана посетио сам
студентски дом „Лоле Рибара*, једаи
од иајвећих домова ове врсте у Београду.
Свим оваквим домовима управља
директор кога именује Министарство
за науку и културу, али сами
студенти бирају саветодавии комнтет
од шест чланова. Овај комитет
претставља везу између сгудената
и директора и нема иавршног
гласа.
У студентској поликлиници поздравио
ме директор Чеда Бјеладиновић
који је изразио велико задовољство
за пошиљку лекова из Канаде. Ова
поликлиника има огапта и специјалнзирана
одељења и може да пружипомоћ
у свимслучајевима сем најозбиљнијих.
Поликлиника има 42 кре

вета sa болесне етудецте. Свалси студент
у Београду при упису на У|Шверзитет
бива подвргнут лекарсасом
прегледу, регистрован на поликлшшци
и за цело време студија »а сваког
студента воде се посебни здравствени
картони. Прошле године поликлиника
је извршила схоро 70.000 прегледа.
Имао сам прилике да посетим
сва одељења и неколико пријатних
болескичких соба за три или четири
студента, гд« сам разговарао са лекарима
и са 6олесницима. , ‘

Студенти из Брисела траже социјално
осигурање

Недавно су студсши ш Брисела
објавили манифест у коме »ахтевају
социјално осигурање, Образлажући
свој захтев, о«ни кажу да са ранијим
просечним износом издрокавања
није данас могуће опстати. Због
овога, само деца из имућнијих породица
могу да одлазе на студије, док
број сиромашних студената рапидно
опада. На садашњим првим годштама
оамо 5% од укупног броја студената
су радиичког порскла.

Ђачки лист абонената Општег
студентског ресторана

Прим. Ред.: Кривицом нашсг цртача печати Управе ресторана ударени
су на првој сграни. Управа, међутим, ставља печаде на последњој
страии Ђачког мет

САСТАНАК ЧЛАНОВА УПРАВА ДЕБАТНИХ КЛУБОВА И СЕКЦИЈА
У петак, 20 априла 1951 године, у 20 часова, одржаће
ca саватовање чланова управа дебатних клубова и секција
Универзитета и великих школа у просторијама Друштвеног
клуба Универзитета Балканска 4, приземље. Саветовање
организује редакција. Базу за дискусију даће уредник
„Народног студента“, у облику кратко* реферата.
Позивају се сви чппнови управа и остали заинтвресовани
другови да присуствују овом саветовању. Уједно мотто
другове да ce аа диснусију прнлрем«,РАЗГОВОР СА ИВОМ АНДРИЋЕМ*

ПОВЕРЕЊЕ МЛАДИМА

Као мото Једној својој приповетци
Иво Андрић је ставио речи италијанског
песника Леопардија: "Поново
питам. Зашто Je младост тако нвсретна?
- Читајући Андрићеве приповетке
имао сам утисак да Je већина
јунака његових приповедака имала
несретно детињство, које би могло
бити изражено баш цитираним речима,
да је већина н>их прошла период
детињег страха, "који већ према
томе какав Је први додир тога детета
са друштвом и његовим законима
или ишчезава доцниЈе са годинама,
са умним раввитком и правилиим васпитањем
или, напротив, ocraje у двтету,
раств са њим заједно, испуњава,
ломи и сатире му душу, трује
живот као скривена бољка и тешко
оптерећење". Као дечак гимназијалац,
његова личност живи у сталиом
неоствареном надању:
*У пространом ходнгасу гимназиск*
зграде хладно и пусто. На великој
црној табли која Је једини украс те
невеселе просторије, исписана читко
имена ђака коЈи имају писмо код слу
житеља. Дечак посматра, као увек ту
таблу и кмша редом, а сазнлњв да sa
њега нема и нв може да буде ништа,
јер му нико ие пише, осећа као нарочит
и већ добро познат бол. Одјвдном
му ce од Једиог сличног презимека
учини да Је његово. Види Јасно
своЈе пуно име. Види одмах у мислилима
писмо, право писмо, »атворено,
са маркама, поштанским жиговима и
траговима даљиие и путовања, са ни
сам чв зна каквим свв порукама, важним,
лепим н занимљивим. Шта све
нв може да садржи Једно писмо? Само
мо има срећв да ra добије. Тада
заиграју слова на табли, помере се и
разместе онако како стварно Јесу и
Ч* V знеље да чотаоте уповнамо оа «а-вотом
и радом наших шнижевника в
уметника. наЈа Ј« делатност била наЈиггито
плол!Н» измвђу два рата, а коЈи
а дашао раде н®сман>вном виврпцЈои,
донооићвмо овв репортаасв. Онв немаЈу
еа циљ да да]у било какав оуд. већ
оУ оамо негка врста разтовора измвђу
аутора репортажв н уметника. Овв примодбе
в оугеотзјв биће нам од кораоги.

втоје, и његовог имена иигдв. Ни пиема
нема, ни поруке из даљине...*
”И то ће проћи“ животни мото
је једне од Андрићевих личности.
И та реченица ми се неодољиво намеће
као гесло већине његових личности
бар већине оних позитивних
које, више интуитивно него
свесно, осећају да животна мора, која
их у оваквом друштву притискује,
једном мора престат И Зеко, човек
комв је последњи рат са свим
својим недаћама донео, кроз ослобођењв
његове личности ив тешке породичне
атмосферв и лично ослобођење,
као да прихвата тај мото. Тешко
је рећи то је најбоље што је
уметник дао; критичар скоро никада
то не би смео да напише, Ја моГу имати
својв интимно мишљвњв Koje
нв мора битн обЈективан суд и у том
случају могу да кажем мислим да
Je "Зеко* најбоља Аидрићева приповвтка,
јер је њом уметник дао завршетак
свих оних личноетн којв еу,
из низа субјективних и Једног јединог
м увек истог објектнвног разлога
друштво били под сталним
притиском, мором, стегом. Исидор
Катанић-Зеко је показао пут избављења
свима њима. И као оквир Андрићевом
двлу ставио бих на почвтак
"Књигу 4 приповвтку о дечаку неостварених
надања, а н«. крај ”3еку*
приповетку о ослобођеном човеку.
Сам Андрић мало говори о ввомв
раду. О првим својим остварењима
каже:
—• Почво там Још у гимназији, и
то песмама. Каснијв сам скоро квосетно,
прешао на прозу. Млад човек
чекгго ни сам, у нрви мах, нв »на шта
му вишв одговара. Тек временом
прихвати овај или онаЈ начин изражавања,
Уосталом, ниЈв од пресуднв
важности да ли ce Једна идеЈа казуje
у стиху или прози важно je
како се кажв.
- Ви врло много пишетв о прошлости,
нарочито о даљоЈ. Колико
вама служе историски извори као
полазка бааа аа разраду дела? И, уопштв,
какав je ваш метод, ваш поступак
у стварању дела?
Мени историски подаци служе
само као полазна база. као оквир. у
који смештам своЈе личности. Природно
Je да се морам, у обради Једног
тако далеког пвриода, држати извесне
историске веродостоЈности. Но
оио што Ја дајем, то наравно нв стоЈи
у историским ваписима; сликање
ликова, њихова обрада то je мој
удео и мој доторииос њиховом оживљавању.
Шта мислите о делатности млађих
књижевника, о најмлађој генврацији,
коЈа почиње да ствара тек
сада, после рата?
Не могу да кажем ништа дефинитивно
о њима, као што, уосталом,
то не би могли ни други. Сигурно је
само да се данас, више можда него
у доба моЈе младости, Јавља нових
снага. То је, уосталом, потпуно разумљиво
данас су услови за рад
и развој књижевника несравњиво
бољи него што је било када смо ми
почињали. Ипак не верујем да ће сви
они моћн да се одјрже; јер много је
услова који утичу на одржавање једног
књижевиика. У ове наше књи-

жевне воде запливаће, можда, тридесет,
а испливаће тек пст-шест. Прогнозе
је тешко давати и прорицати
време и догађаји ће показати ко
ће остати. Да би неко био добар
кшижевник треба много да зна, да учи;
а код младих људи, нарочито код
ђака и студената, то није тако једноставно,
Студент сликарства у сво*
јој школн учи да будв добар умвтник.
А писац почетник може ва факултету
да научи много тога, али наравно
не и да уметнички ствара. Отуда,
можда, н чињеница да неки од
млађих иисада показују нешто сдабији
успех иа студијама од осталих
својих другова. Јер, анатв, млад човек,
нарочито ако jfoui има, како би
понеко рвкао •уметничку душу*
склон Је да подлегне овом или оном
моменталиом утиску, који га за моменат
може одвести од књиге и
школске клупе. Но еве се то можв,
ипак, уз извесне напорв и добром
вољом постићи. Треба са оптимизмом
гледати ва нашу младу генерацију
она то ааслужујв.
Разговарали смо доста дуго. Иво
Андрић je причао о својим почецима,
о прошлом и будућем раду. Радио
је врло много за време окупације.
Тада је написана "На Дрини hy
прија“, Травничка хроника* и многв
приповетке. Тих дана се био потпуно
повукао из Јавног живота и није
учествовао ни у каквом виду у
њему. Данас ради на једној хроници
у коЈоЈ обрађује Босну из друге половине
XIX века. Док Je он причао
о свомв раду сећао сам ce речи Хамзи-бега
из ”Травничке хронике - који,
присећајући се "Бунапартиног доба*
каже:
Па, ево, и то би и прође.
И нисам могао да се отмем утеску
читаво Андрићево књижевно дело
је негација осионости и пустахилука.
Све то ће, пре или касније,
проћи. Остаће само оно што Је високо
хумано, човекољубиво. И у томе
је, чини ми се, иајвећа вредност Аидрићевог
књижевног стваралаштва.

Миодраг КУЈУНЏИЋ

Црте* ВРАНЕ ПАВЛОВИЋА

Културни лексикон

Антика нам Је оставила низ вечито
вредних дела, којима се и данас
дивимо, ив којих смо научили добар
део свега што знамо. Кад је, након
занемаривања у средњем веку, опет
откривена грчка уметност, људи су
били склони да верују да Је све оно
што су стварали стари Грци далеко
бољв него што је икад у историЈи

Цртеж са Једне вазе. Од грчког слв■арства
ниЈе нам остало ништа очувано
иако писпи савременипи кажу д а Је
оно било великих уметничких квалитета.
Остали су само цртежи на вазама,
који су, понекад, рађеви По утледу ва
дела већег формата.

Минијатурни одблесци
Одломак

m њихаљт у љубавпом лламу
и тражи дево}ку губљено повнанство
Срцв јв вретено што Шsи)а таму,
растура таласом маштања пространство.
Раиу има оио, ал мислим, зарашће,
опрости ми драга због моје лудоће.
Обгрљени врисок oceha и храшће
ксд пфстима грана зрње неба хоће.
Опрости ми драга, оц жудњи створена,
на прелому тела Moh луда грано;
умрећу под оунцем и рад твојих зена,
да би срцу било све блиско и знано.
Ја волим еусрете огња твога, руку,
да очи обале вољења пронађу
и да буду онв у наручју звуку ,
uok не боравв у неком безнађу.

Жарко ЂУРОВOЂ

Уметност слободног духа

створено. Заиста, они су нам оставили
низ класичних узора лепоте,
али то нијв дало снагу тој уметности
да се одржи кроз хиљаде година,
јер складни облици и лепота нису
довољни да је дело уметничко и
трајно.
Грчка уметност Je дело људи б«з
осећаја инфериорности. Сетимо се
свих народа коЈи су њима претходили
како су гмизали пред својим боговима.
Вера у достојанство човека
Je она новина коју Грци дају човечанству,
исповедајући науку, да Je
човек почетак и крај и једина сврха
света. Па и њихови богови нису билн
далеки, страшни и свемоћни, и
онн су се бринули о сво Јој опољашноста
х такмичили се, као и њихови
земаљски савременици.
Храмови су били посвећени по једном
богу, увек једноставни и складни,
сведочећи о врло високом укусу
и осећању мере њихових градитеља.
У начину грађења огледа се утицај
грађења у дрвету. Никад Грци нису
употребили у сво Јој архитектури
свод; све њихове конструкције су
архитравне, а тнме је стуб дошао до
најбољег изражаја. Да би стуб сигурниЈв
примио ea себе теашну ар-

Унутрашњц изглед Зевсовог храма у
ОлимпиЈи (по |едно(Ј рекоиструкцвји).
Научници нису сложви у мишљењу
тачног изгледа унутрашњости храма. Не
ки претпостављају да је имао отворену
таваницу, као што Је на слици претстављено,
док други лобиЈаЈу то иишље.
ње. Зевсова статуа У дну zpaafa Је рад
цувеног ваЈа**« ФВд ftj«.

хитрава умеће се каиител. Намена
му је сасвим конструктивна и у дорском
стилу он је без украса. У јонском
стилу капител је украшен saвојцима,
да би коначно у коринтском
стилу изгледао као свежан* акантусова
лишћа. Ренак претпоставља да
су Грци у овом периоду већ заборавили
конструктивну намену капитела,
јер им иначе не би пало на памет
да тежину архитрава подухвате
свежњем свећа.
Скулптура је имала различит развој
од свих које су јој претходиле.
Прелазећи пут од архаичне укочености,
па постепеио ослобађањем до
слободног покрета и индивидуализираног
израза, дала је низ класичних
дела. Оставимо на страну песничке
хвалоспеве лепоти белога мрамора.
Ни скулптура ии архитектура није
остављена бела. Мермер се користио
не због лепоте његове белине,
него зато што је био најпогоднији
за скулпторску обраду. Фасаде храмова
су шаране чудним бојама, а
скулхггуре су добијале неочекивану
полкхромију: очи црвеие, коса жута
игд. То никако не умањуЈе вредност
њихових дела.
Од сликарства је остало мало ггримера.
По малобројним подацима
може се констатовати да није заостајало
99 осталим саврсменим ушхаошаА
Афродита богнља лова. Гипсапи одлив.
по оригиналу, може се видетп и
код нас у зсмлјн у Гипсотеци у Загребу.
Грку су импоновали складни cpasмери
и умерена употреба енергије,
али од часа кад су покорени и постали
аависни, њихова уметност губи
сва ова битна обележја, губи спонтаност
и радост стварања, јер људи
нису виш« изражавали осећања своJt
епободнс заједшше.

ЈАВНИ ЧАСОВИ
СТУДЕНАТА МУЗИЧКЕ АКАДЕМИЈЕ

Beh дуже врвмепа одржаваЈу ee
т Муаичкој академији Јавни часови
е циљем да се втудекти навикавају
на концерткрање пред јавношћу.
Студенти за програм спремају
одговорна дела с озбиљнкм техничкнм
захтевима, а излазе пред публику
тек по одобрењу наставника
или комисије. Прва година се скоро
никад не јавља на овим приредбама,
пошто Још није у стању да да
о«аЈ квалитет који се захтева од извођача.
На програму Је наЈвише
клавирских тачака, јер је клавирска
класа наЈмногоброЈниЈа; нешто мање
исгупају виолинисти, док се дувачки
инструменти ређе јављају.
У последње време одржана су два
јаваа часа посвећена по једном комлозитору
(Бах и Шуман), док је до
сада програм био разнородан. Јавни
час посвећен Шуману нарочито је
добро успео, добрим делом захваљујући
успелим певачким интерпретзцијама.
Свакако би и студенте Универзитета
и великих школа интересовало
да чуЈу своје колегв, али већ онога
дана кад се одржавање часа објави
у новинама, карата више нема. Сала
је увек препуна и још многи остају
пред зградом без улазкице. Та чињеница
до душе говори о великом
»нтересовању публике за Јавне часове
студената, али тиме ниЈе реше«о
питање и оних студената који
без ушеха покушаваЈу да дођу до
улазнице. Још није решено да ли ће
се АкадемиЈи за Јавне часове уступити
сала Официрског дома, која
може да прими већи броЈ слушалаца.
Решењем овога питања омогућило
би се широј публици, у првом
реду студентима да присуствују јавним
часовима студената Музичке академијв.
Студенти Музичке акаде-

vmj« могли би миого дв допринесу
музичком образовању студената нашег
Универзнтета, када би који ОД
успслијих часова, са пригодним уводним
предавањем н коментаром
дела, био поновљен »скључиво sa
студенте, и то у некој већој сали,
која ce на Ушгверзитету може наћи.
В. Б.

Мнрјана Шипош

Мајка и дете

ШЕСТА РЕПРИЗА
„МАЛОГРАЂАНА"
од Горког

Драмска секција кулуурно уметннчког
друштва Медииинске велике
школе дала је шесту по реду претставу
~Малограђана“ од Горког 10
о. м. Тек сада је остварено оношто
је у досалашњим извођењима недостајало;
малограђанСки амбијент као
основна атмос.фера ове драмв. Peжисер
(Б. Маринковић) је ово уснсо
изменом концепција неколико
улога (на пример Шишкин) које су
раније недовољно сигурно и прецизно
постављене. Карактсристично је
да овога пута ши’е било оне упадљиве
разлике у глуми „великих* и
„малих* улога. Колектив у целиин
је дао остварење којс га уврштава
у ред солидних позоришта. Посебно
истичсмо игру Миомира Терзиђа,
члана Радио драме, који је као гост
играо улогу Тетерева (због болести
В. Недиђа). Добро су остварен«
улоге Терчихина (Ж. МаЈдевац),
Татјане (И. Недић), Акулине (Ј. Ивашковић).
Оваквим својим радом драмсха
секција културно уметничког друштва
„Мика Митровић", које сада
броји близу 50 чланова, има све услове
за прерастање у аматерско
позориште, кдо самосталан колектив.
Колектив припрема „Ожалошћену
породицу * од Бранислава Нушићаи
„Лажу и паралажу* од Ј. С Поповића
.ДОПИСНИ ХУМОР

Старе варијације на нову тему

Моја нова тема то је мој син.
А старе варијације су поступци одГоворних
службеника за потрошачке
карте. Главне личности су следеће:
мој новорођени син, моја другарица,
ја, другарица Каја са Правног
факултета, одговорна за потрошачке
карте, и најзад, н>ена колегиница
са НДВШ.
Овај случај не бих нудио пажњи
неутралних читалаца и заинтересованих
надлежних, али, другови, морам.
EtOb пре него што сам добио

сина, другарица Каја данала ми Је
више пута карту са аакашњењем.
Тако је било са Т-картом за моју
другарицу, па са картом sa текстил,
па са мојом Р-картом. Али,
говорио сам ипак, моЈа другарица
и Ја одрасли смо људи. Причекаћемо.
Дочекаћемо.
Али родио ми се син. Још
није ни проговорио а већ тр>ажи сво
ја права. И ја, наравно, одем у одређени
дан на шалтер да подигнем
Р-карту, за другарицу карту дојиљу,
Д-1 карту и карту за млеко. Била
је гужва али стигнем на ред... и изненадим
се. Дали су ми само
Р-карту.
Уђем у канцелариЈу да расправим
ствар. Другарица Каја била је
кратка:
На шалтер, друже, тамо ћете
добити. Нисте никакав изузетак да
не можете чекати заједно с осталима.
Тамо ћете добити.
Вратим се у ред и дођем на шалтер.
Опет ништа. Поново одем код
другарице Каје и, тек што заустих,
а она:
На шалтер, дружв, нисте никакав
изузетак...
То се понови укупно трипут. НаЈзад
се другарица Kaja смилова и
прими ме. "Пази, стварно нема!“ — *
рекла је. Закључили смо да је заборавила
да требује карте за мог сина,
али она одмах обећа да ћу их
за три дана примнти. Три пута по
три дана долазио сам узалуд. НаЈзад
добиЈем две карте, а трећу тек
крајем месеца.
ДЕМАНТИ
ИзјављуЈем Да неукусно добашгеање
које је чинио Мирослав Лабус,
студент медицине II године, на Усме
ним новинама Ветеринарског факултета
за време наступања Дејана Дубајића
(после чега је Дубајић напустио
салу) нема никакве везе са
мном.
Лабус Мирослав
студент медицине II године
•tt
НА СЛИКАРСКОЈ ИЗЛОЖБИ
Учитељица француског језика;
А ова слика, децо, претставља...
i'e ne sais <3uoi, tu ne sais Quoi.
I ne sait Quoi..i

Сина сам дотле тешио како сам
знао и умео.
После решим да сина пребацим
на снабдевање код мене, у НДВШ.
Један месец прође добро, али већ
следећег одговорна другарица изЈави:
Дођите после првог. Дали су
ми Једну студеитску внше, а ваш
син је дете.
Тако Је рекао сам моЈ
син Је сасвим недужно дете.
Докле ће друже уредниче, ове
одговорне другарице спроводити дн
скриминацију лрема мом сину?l

Ж. Симић

Побегао сам од културе

Почетком аггрта, као и обично,
Јутаргњи путничкн воз за Београд
Дође на новосадску станицу. Тамосс
нађох и ја, те почнем да се гурам и
трчим од вагона до вагона. Одједном,
из једног вагона, разлегну се
звуци музичког оркестра. Радознао
и жељан забаве попнем се и отворим
врата.
У.таз двадесет динара! дочека
ме један глас.
Немајући времена да размишљам,
извадим новац и као против-вредност
добиЈем сасвим исправну државну
улазницу. Показаше ми место. Седнем
и почием да разгледам необичнв
приређиваче.
Сасвим у дну оркестар, Сви пожнати
инструментн. Десно и лево понеки
гост, сличан мени. Неколико
парова игра између клупа и на пролазу.
А лриређивачи? Неуредна одела,
лица испијена и бледа, очи мутне
и пуне носталгије за чашом.
Шта је ово? мислио сам.
Још неколико слободких места!
Изванредна музика sa игру! Удаз у
салу дозвољен само младим оообама!..
Једиог посетиоца пустише за пакло
"Неретве*. Двојицу без пара избацише.
И тад, неко, објави програм:

« Најттре lie чланови оркестра уз
помоћ својих инструмената отпевати
песму...
”Мама Тошу ставила...*
Благајник, наједном, поче да се
буни:
Ипак, људи су платили. Дајте
им квалитет...
Више не издржах. Излазећи затгатам
које је то друштво.
Културно-уметничка група Прав
ног факултета рече један безидејни
приређивач.
Освестих се тек у другом вагону.
Па ја сам то побегао од културе!
Али... ловратка није било.
Ј. П.

Шта знате још сем имитирања птица?

СПОРТ

Оставили смо неодлучност...

»»• • • Тада Још нисам бж> довољно
иосусан. Мој сапутник и ја одлучили
смо да кренемо упркос неизвесно-г
времена. Имали смо пред собом
шест поподневних сати пењања. Оптимизмом
смо растерали недоумицу и
изабрали горњи пут гребеном. За
сат и по сгигли смо до испод њега,
проводећи разговор у досеткама и
свакојаким примедбама.
Пази га, бежи из долине, опоменем
друга за собом, на црног, љигавог
планинског гуштера, који је
својим успињањем наговештавао сла
бо време. И заиста. после пола сата
ходања, обавиле су нас магле и
ситна киша поче нам освежавати лице.
Пењемо се упорно даље. „Ваздушни
маневар" отпочиње. Са запада
долази грмљавина. Осећамо да
ће олуја. Обадвојица се бавимо истим
мислима, зато лрестадосмо разговарати.
Понекад је физички напор уклањао
те мисли. Тад се и провуче која
реч кроз маглу до мојих ушију:
Немој десно, овуда је боље.
Тамо ћемо морати преко снежннка,
кажем свом другу и скренем позади
руба стене у лево...
Још тридесет метара до врха, а
ветар отпоче. Нзегово звиждање опоменуло
нас је на могућу незгоду.
Ево прва муња са десетоструким
одјеком грома. За часак смо
обадвојица изгубили снагу. Пар упитних
речи друга позади мене наговестило
ми је његов страх и малаксавање
пред опасношћу;
Шта ће бити на гребену? Збациће
нас!
Али нисмо били збачени са гребена.
Огромном брзином су магле мимо
нас пролазиле преко гребена, из
једне провалије у супротну, 300—500
метара дубнне десно и лево. Као да
идемо по оштрици ножа. Киша се
поче мешати са смрзнутим снегом.
Нипошто не смемо изгубити трезвену
и одлучну акцију. Сваких пар тренутака
гром удара у долнну. Муње
као да се провлаче између ногу. Напорних
два сата учинило је своје.
Мокри до коже застадосмо да промрзлим
прстима дохватимо из ранца
парче сланине:
Па она просто плива у води
која се накупила у ранцу. Не мари.
Једиио се шећер „понапио" воде...
Сумрак је, да преноћимо овде!
Пресекле су ме те речи. Мој друг
је изгубио снагу, хоће одмора. Знам
шта све значи, поготову са овако
мањкавом спремом. Смрзавање или
запаљење плућа.
Не, кажем одлучно своме другу.
Имамо пред собом још три четврти
сата... Да 6и му барем у неколико
повратио снагу, морао сам да
кажем тако, иако нам два сата неминовно
претстоје.

Од Алпа на северу, тог традиционалног
циља одважних
пењача - алпиниста, преко
белих крашких врхова Динаре,
па све до југа, д 0 Шаре и
Прења, простире се бескрајни
преплет наших планина, коЈе
су за планинаре и алпинисте
оно што Је за атлетичаре
втлвтска стаза, за футбалере se
лено поље...
Издржати концентрисати
своЈу вољу, постати упоран,
борбен у савлађивању препре
ка то нас учи овај лепи
спорт. Јер, елан треба разумно
да савлада све тешкоће.
Доживљаји и осећања у природи
дају тај елан.

Кретање нс застаје ни за трен. Одмор
значи непотребно размишљање,
а то убија. Видим како је мог
друга обухватио страх. Покушавам
бдлучким речима да га умирим. Силазим
низ вододерину, којом се сада
вода слива чак и нама за врагг. Опет
уопон, а колена дрхте, Руке су

све тврђе, кожа иа н>игга све мскша,
Са олујом улааимо у мрак, Неколи«o
часова раније, пролазећи туда, било
је лепо време. Сада икстиктивно корачамо
напред.
Крај гребена је. Још пола сата до
коначишта. Долазимо на пут којн ми
дозвољава да малаксалог друта у«
хватим под мишку. Шта сада. Налазимо
се тамо где смо малочас били.
Наше ћутање се прекине разговором
у пар речи. Мозак ми с« зазртео
од речи „луташе".
Дај да пробамо са компасом^.
Мокар фосфор једва сјаји, пока^
зујући север. Морамо ипак даље Ж
даље... Опет налазимо пут, већ мора
да смо близу циља. Још једаипут
лутамо. Осећање да смо близу ц»ља
завело нас је у непажљивост.
Шта је то, нека пирамида? Каква
ли то стена стрчи?
Уздах олакшања објаснио Је. Три
десетак метара пред нама указивало
се коначиште. Ушли смо као пијани,
Чај и четири покривача учинили
су да смо брзо заспали, мислећи само
једно: на путу смо оставили оно
што се назива неискусност и неодлучност,,,
Бојан Пирц

КВАЛИТЕТНО СПОРТКО ПРВЕНСТВО СТУДЕНАТА БЕОГРАДА

Ревија најбољих атлетичара - студената
који ћe се борити sa пехар "Партизана"

Крајем овог иесеца Београд ће имати
Једну велику спортску приредбу квалитено
спортско првенство студената
Београда. Атлетичари, кошаркаши. одбојкаши
n футбалери, бориће се по први
пут у екипама Универзитета, Техничке
велике школе и Медицивске велике
школе.
■МЕДИЦIШАР* ДIOЛЕТ“ 3:0 (2:0)
У такмичеткима ва први рааред футбалског
ггрвенства Београда „Мвдицинар 1 *
Је заОележио још један уопех победио
Је „Полета“ 3:0. „Мсдицинар и Je наступио
У следећем саставу: Филиповдћ — 1
Шинковић. Милатовиђ Јелисијевић,
Шећеров. Крстић Поповић, БруЈић,
Оташевић. Патрногић, Милорадовић.
Головв су дали; Оташсвић 2, Брујић 1.
Данас на игралишту „Раковице“ „Медицинар“
игра са „Трговачким" а у недвљу
са „Новим Београдом.*,

Такмпчеше У атлетици, за коЈе влада
највеће интересовање, биће прва већа
приредба ове врсте У Београду на по*
четку сезоне. Учествоваће студенти
чланови „Црвене звезде“. „Паргизана*
и других београдских друштава. од ко«
Јих су неколицина државни репрезен*
тативци и рекордери. То су Пецељ, Јо«
ванчић. Рачић, В. Илић, Милићевић, Попов,
иКивковић, Милаков, Јефтовић,
Крњајић и други. РепрезентациЈа загре.
бачке Техничке велике школе. чији he
такмичари на првееству бити гости тех*
ничара Београда. долази са екипом У
koJoj he наступити познати атлегичар«:
Реља, Срп, Галин. Краљевић и другц
чланови „Младости*.
За победничке екипе одређени су пе«
хари. Укуппи победник у атлетици при«
миће прелазни пехар АК „Партизана*.
док he наЈбоља футбалска екипа добити
пехар „Црвене звезде". Пехар Универзи,
тетског комитета Народне омладине осво
Јвће кошаркаши. а О дбо]каши пехар Ко.
митета Народне омладине МВШ.

УСПЕЛА АКАДЕМИЈА
ГИМНАСТИЧАРА

Ценцрално гимнасшчко лруштво
београдских сгудената одржало je
пре неколико дана успелу академију
у Аранђелов-цу и том прадгаком
уопоставило срдачне односе са месдам
друштвом. Истовремено је 50
чланова Друштва направило изле*
до Букуље.
Друштво је увече одржало гимнасшчку
академију са црограмом!
вежбе члано-ва на разбоју, вратилу,
коњу са хватаљкама, на тлу, гаре*
скоци преко коња и вежбе чланица
на двовисинском разбоју као иритмички
састав са лоптама (Милица
Шепо начелница ГСЈ). Академију
је пратило 600 грађана.
Студенти су сутрадан извели исти
програм и за средњошколску омладину.
Одбојка утакмица између;
студената и меоног друштва завршила
се победом Београђана са
Пре подне су одигране утакмнце кошарке
и хокеја на трави, које су имале
за циљ пропагирање ових
спортова код омладине Аранђеловца.
За време боравка у Аранђеловцу
чланоан друштва су ортанизовали
и такмичење у гађању из ваздушне
пушке. Најбоље резгултате имзли
су: Н. Стаменовнђ са 30 погодака,
Б. Пејаковић са 29 итд.
(Д. Р.>
ОДБОЈКАШИ ”МЕДИЦИНАРА«
ТАКМИЧИЋЕ СЕ У ЛИГИ
НР СРБИЈЕ
После успешног такмичења у београдској
лиги, где су одбојкаши ”Медицинара“
заузели прво место без
пораза, мушка одбојка екипа се систематски
припрема за претстојећа
такмичења у лиги НР Србије.
ОСНОВАН ЈЕ СТУДЕНТСКИ
ТЕНИС КЛУБ
Ових дана је на Универзитету R
великим школама основан Студентски
тенис клуб, који ће окупљати
студенте београдских факултета
љубитеље овог спорта. Интересован>е
за оонивање овог клуба је било
велико, како код квалнтетних такмичара-сгудената,
тако и код почетника.

Са гимнастичке академије у Аранђеловцу:
Двојна скупина, изводе
Јерић Милојко и Петровић Милојко.
У ТАКМИЧЕЊИМА СА ПЛАНИНАРСКИМ ДРУШТВИМА СРБИЈЕ
ПРВУ И ДРУГУ НАГРАДУ ДОБИЛА
СТУДЕНТСКА ДРУШТВА

Поводом “Пролећног дана ттланннара“
Планинарски савез Србије у
заједниил са Градским одбором
ПСС, оргаиизовао је два излета, на
којима су учествовала и друштва
беопрадских студената. Циљ такмичења
је био у извођењу што већег
броја планинара, чија ће садржина
рада битн боља и богатија елеменгима
ванармијског васпитања.
П. Д. “Тара“ са Пољопривредног
и Шумарског факултета освојилоје
прву награду јер је извело процент\’ално
иајвећи број чланова и на
Гучеву извело уметничтси програм.
Као натраду друштво је добило Безардов
компас.
П. Д. “Копаоник* Природно-математичког
факултета освојило једру
ry награду саиитетску торбицу

са лековима. Задатах да се кроз кепознат
терен, а према карти и компасу,
попну на Столове, студенти
су са >"спехом извршнли, (Р. С.)

ИЗЛЕТИ ПЛАНИНАРА

20 апрнлА чллновн „Копаопика*
поовтиће Плитвичка језера;
81 »гарила Студентски планинарски
одбор организује масовнн
излет на Овчар и Каблар
Чламноси „Цера“ поеетиће Гоч;
Члалови „Јастребца" прав« излет
долином Дрине;
22 априла Чланови „КосмаЈа* по.
сетићв Космај. „Гучева" крзгујевачки
Прни Врх, „Мироча“
Фргушку Гору. Пријавс
по друпггвима.

Издаје Народна омладина Србије на Београдском универзитету и великим школама; Одговорни уредник Сима Беговиђ: Уредништво и администрација Београд, Балканска 4/IV,
телефов 23-464; Чековни рачув 103-903213. Штампа "Политика 44 , Стаљинградска 31
  </body>
 </text>
</TEI>