<TEI version="3.3.0" xmlns="http://www.tei-c.org/ns/1.0">
 <teiHeader>
  <fileDesc>
   <titleStmt>
    <title>The shortest TEI Document Imaginable</title>
   </titleStmt>
   <publicationStmt>
    <p>First published as part of TEI P2, this is the P5
         version using a namespace.</p>
   </publicationStmt>
   <sourceDesc>
    <p>No source: this is an original work.</p>
   </sourceDesc>
  </fileDesc>
 </teiHeader>
 <text>
  <body>
   <p>This is about the shortest TEI document imaginable.</p>
  </body>
 </text>
  <text>
  <body>
ПРЕДЛОГ ЗА ОСНИВАЊЕ
САМОСТАЛНЕ СТУДЕНТСКЕ
ОРГАНИЗАЦИЈЕ

Не може се порећи да су организације
Народне омладине на (
универзитетима и великим шко- i
лама у земљи постигле у свом до- 1
садашњем раду вишеструке значај- i
не успехе. Оне су у својим редови- .
ма окупиле и активизирале огромну
већину студената, остваривајући i
и на практичним задацима стално јача ]
јући њихово политичко јединство и i
спремност да под заставом Партије j
даду свој удео изградњи социјали- .
стичке Југославије и очувању њене '
слободе и независности. Кроз прак- •
тично решавање задатака избијале
су на површину у студентским омла- i
динским организацијама разноврсне ,
форме рада и усклађиване са више '
или мање успеха са постојећим организационим
условима које је пруЖала
Народна омладина. i
Захваљујући тим, у првом реду ]
политичким успесима, степен развитка
студентских организација Народне
омладине све је више пружао и ■
пружа могућности прелаза на савре- 1
менију и прикладнију организациону
структуру, кроз коју ће се још успешније
развијати активност студената,
јер ће у највећој мери одговарати
њиховом положају, склоностима
и навикама, па према томе,
до већег степена пооштравати полет,
интерес и наклоности за разнолике
акције које ће у оквиру такве
организације да буду спровођене.
На данашњем степену развитка услови
под којима раде студентске ор|анизације,
као и општа линија нашег
друштвеног, социјалистичког
развитка, тр&же такве нове облике
окупљања и организовања студената
који ће бити у највећем складу
са њиховим специфичним положајем
и специфичним задацима које
нмају у друштву. Осим тога, напредни
студентски покрет у нашој земљи
и његове сјајне традиције обавезују
и садашње и будуће генерације
студената да у оквиру својих организација
стално полазе од њих, узимајући
их не само као неисцрпно вре
ло патриотског и социјалистичког
васпитања, него и као ризницу драгоцених
организационих искустава
за правилан и успешан рад данашњих
студентских организација.
Тиме су се, у најкраћим цртама,
и руководили претставници студентских
организација Народне омладине
са свих југословенских универзитета
када су на недавно одржаном
саветовању у Централном комитету
Народне омладине Југославије
предложили оснивање нове, самосталне
организације студената, која
би носила назив Савез студената
Југославије и као целина била укључена
у Народну омладину Југославије,
Пошто ]е овај предлог усвбјен, на
истом саветовању одлучено је, да
се 28 овог месеца у Београду одржи
оснивачка скупштина за образовање
нове организације. На скупштину
треба да дођу изабрани делегати
Народне омладине са свих уииверзитета
у земљи, Овај предлог.

како је и на саветовању решено
ставиће се на дискусију у свим организацијама
појединих универзитета
и на тај начин организације ће
лримати мишљења и сугестије своЈих
чланова.
Нова организација, Савез студената
Југославије, треба да буде створена
као јединствена политичка организација
свих југословенских студената,
прилагођена, у својим појединим
организационим облицима што
је више могуће специфичном карактеру
појединих универзитета или
појединих студнја у оквиру једног
уннверзитета. Облици кроз које ће
она руководити свестраном активношћу
студената траба да буду изграђени
полазећи од потреба, склоности,
интересовања и жеља како појединаца
тако и читавих организација,
односно удружења на појединим
факултетима и школама која би се
оснивала као органи Савеза на дотичном
факултету односно школи.
То ће свакако у знатној мери да
развије заинтересованост и наклоност
студената, да их још више веже
за проблеме организације уопште и
посебно оне њене секције, клуба, дру
штва итд., у коме они као чланови
Савеза буду радили.
Стварање такве организације
кроз коју ће студенти ЈугославиЈе
још Једном да потзрде своЈу спремност
да чувају и даље негуЈу своје
јединство и Још више да се заложе на
извршењу своЈих задатака претстављаће,
нема сумње, озбиљан допринос
даљем Јачању и развитку
наше социЈалистичке заЈеднице.
ПрослављаЈући десетогодишњицу
Народне револуциЈе студенти ЈугославиЈе
и посебно студенти нашег
Универзитета везуЈу ту прославу
за хероЈску историју свога покрета
и у том знаку приступаЈу стварању
своје самосталне организациЈе, свесни
да ће њено оснивање бити још
Један доказ правилног, истински социЈалистичког
пута коЈим иде наша
народна заједница предвођена Пар,
тијом и друтом Титом.

Александар НВНАДОВИЋ

УМОРСТВО У ГРАДУ

С кровова u траве
дими.хо се јутро
у априлском зраку.
У априлском зраку
јато птица прође
поврх твоје главе.
Беспомоћио, тихо
крв је истицала,
ледила се рана.
Ледила се рана
и мутило влагом
огледало зена.
Сњежно се топио
бијели цвијет eoha
у твом завичају,
у твом вавнчају
Зедна зрачна нада
топила се сњежно:
ти им нећеш доћи
ти доникт неђеш
ведру снагу знања:
ти им нећеш доћи
празним, тихим путем
свијетао ко сања..,
Зена твога ока трне
као зене младе срне,
устријељенв младе срне
У руменом зраку
тек се ucnapaea
млсдост твоја снажна.

И над градом 6yh
у бунилу звона
и у сиренама. .

МИХАИЛО ЛАЛИЋ

(„Наша ст®арсЕК)ОТ и , јуни 1935)

Жарио Мзриновић

ОДБОР ЗА ПРОСЛАВУ ДЕСЕТОГOДИШЊИЦЕ
НАРОДНЕ РЕВОЛУЦИЈЕ
НА УНИВЕРЗИТЕТУ

У понедељак, 2 апрнла
Је одбор за припрему прославе десетогодишњнце
Иародне револуциЈе
на Београдском универзитету састављен
од наставиика и студената.
У одбор су између оогалих ушли:
д-р Илија Ђуричић, д-р Душа« Недељковић,
д-р Ђур(ић ВоЈислав, д-р
Увалић РадивоЈ, д-р Никола СтЈепановић,
Андрија Крешић, Саша Ненадовић,
Велимир Матић, Милосав Стијовић
и друпг.
Претседник одбора је друг РадивоЈ
Увалић проректор Универзнтета.

Свечана академија наставника
и студената Београдског
универзитета и великих школа

У знак сећања на велике дане
априлског штрајка у Физичкој сали
ће се четвртог априла у 20 часова
одржати свечана академија. Своје
успомене на борбу студената против
самодржавља оживеће активни
борци тадашњег студентског покрета
на Београдском универзитету
другови Вељко Влаховић и Милош
Минић. Истог дана снимиће се и
филмски журнал о местима и документима
овог значајног догађаја из
предратног студентског покрета.

1. Уводна реч: Андрија
Крешић.
2. Говориће другови: Вељко
Влаховнћ и Миловд Минић.
3. Пројекцпје летака и прогласа.
4. Уметнички део програма
изводи КУД „Бранко
Крсмановић“

ОДЛУЧНИ ОБРАЧУН

Прослављањем десетогодишњице
Народне револуције евоцирамо
дане значаЈне за културну и револуционарну
историЈу наших народа.
БроЈни примери напора достоЈних
дивљења одлучног отпора надмоћној
снази, свесног жртвовања,
проницљивог разби Јања планова непријатеља
окитили су венцима
славља и искуствима драгоцене вредности
последње странице наше историЈе,
странице у нужди, самозаштити
и самоодбрани поведене Народноослободилачке
борбе.
Али да би се издржало на СутЈесци,
Игману, Неретви, Дрвару, и
другим крвавим поприштима на којима
су се Јединцце наше воЈске сукобљавале
са подмуклим и свнрепим
неприЈатељем, ниЈе било довољно
хтети се борити, него знати зашто
се борити и под чиЈим руководством
се борити. Потрсбно Је било да наши
народи добиЈу своЈу народну армиЈу.
А да би народ примио Једку борбу
за своЈу потребно ју Је било неустрашиво,
доследно и зналачки водити,
даЈући у исто време сваком
борцу Јасне перспективе за будућност
његову и целе заЈеднице. Комунистичка
партиЈа испуњгвала је
све те услове и из дана у дан за-

добијала све већи број искрених родољуба
на своју страну,
Но, у томе се не би могло успетн
да Партија није већ раније ухватила
јаког корена у народу и да
није очеличила у илегалним акцијама
своје авакгардне кадрове, који
су истурали увек у прве редове своје
груди и своја знања извршавали
најтеже задатке. И 27 март, и 7
јули, и 29 новембар су плод истрајног
дугогодишњег рада Партије у
масама.
На нашем Универзитету Партија
је снажила и у данима најцрњег терора.
У периоду између два светска
рата Београдски универзитет је био
жариште слободне мисли и као такав
уживао велики углед у земљи
и у иностргнству и омразу у круговима
који су управљали крмилом
влада. Ни у тренуцима кад је чизма
и кнута газила по најелементарнијим
правима народа (почев од шестојануарске
диктатуре) није малаксавала
доследна револуционарност униперзитетске
омладине. То је најбољ*
огледало утицаја и рада Партије —•
једине искрене револуционарне сна<
ге у држави.
Пут прогресивног студентског покрета
је пут пун превирања и дога*
(Наставак на другој страни)

ц Е д Е Jb Н И Л И С I ВЕОГРАДСКИХ СТ Y Д Е Н А Т А(Наставак са прве стране)
ђаја, пут штрајкова, барикада, и демонстрација,
борбе за аутономију
Универзитета, за побољшање економског
положаја студената и слободу
удруживања студентске омладине.
Један од таквих датума у историји
студентског покрета је 4 април
1936 године, дан проглашења општег
штрајка студената свих југословенских
универзитета, коме посвећујемо
данашњи број нашег листа.
Али пут предратног студентског
покрета није био глада«, дапаче је
чешће пун окршаја са полицијом и
агентима тадашњих режима, многобројних
хапшења, премлаћивања по
затворима Управе града Београда,
па чак и мучких уморстава по београдским
улиц&ма и факултетима. И
априлски штрајк има своју жртву:
Жарка Мариновића, студента права,
двадесетогодишњег младнћа из upногорског
села Очинићи. Није то
било случајно него добро припремљено
убиство са јасно одређеним
циљем: да застраши и одврати студенте
од даљег продужавања штрај-

ка и да, на тај начин доведе до по«
влачења свих студентских захтева,
То би значило даље фашизирање Универзитета,
јер би на ректорској
столици остао већ н сувише у студентским
очима компромитовани Ћоровић,
заједно са својом универзитетском
полицијом, онемогућењем
рада студентских удружења и повишеним
школским таксама. Но организатори
провокације су се преварили
и овог пута у рачуну. Убиство
је изазвало међу студентима управо
супротан ефекат. Жестина штрајк«
и решеност штрајкача се после овог
догађаја још више пооштрила.
Штрајк је био преко очекивања дугачгк,
а његов ехо међу становништвом
наше земље и ван ње преко
очекивања велик. Капитулирали су
реакционарни експоненти, а студентски
покрет доминирао својом највеђом
победом. Ни жртва Жарка Мариновића
није била узалудна.
Дочекујемо четврти април у јеку
прославе десетогодишњице Народне
револуције, као један од најзначајнијих
датума у историји студентског
покрета.

КАКО СМО ИСТРАЈАЛИ
Сећања Вељка Влаховића

ДА вам говорим о априлском штрајку? Драге вол>е, али, баш уочи
штрајка "морао* сам отићи из Београда. Протерали су ме у
Црну Гору. О тадашњем стању на Универзнтету могао бих вам причатн
данима, месецима. Име студента значило је тада много. Властодршци
су ra се бојали, натурали силу, а ми смо се против ње борили и
победили. Волео бих да вам могу шта рећи, али... нисам бно очевидац.
Hero, да вам помогнем некако.
За трепутак, генерал Воја Николнћ се замислио, пришао телефону
и окренуо број.
Ало, јеси ли ти то Вељко? Код мене су дошли студенти, да
им причам о штрајку, али ти знаш шта је било са мном тада... Би ли
ти могао рећи, на кога да се обрате ? Ти си заузет знам...
Кроз слушалицу се чуо неразговетаи шум, а затим ,је лидем генерала
Николића, студента техннке нз априлских дана 1936, заиграо
осмех. Прешао је у ”напад*.
Како би било Вељко, да им пак ти све лепо испричаш. Био
си претседник Акционог одбора.
Затворио је телефон.
Вељко вас чека сутра у једанаест пре подне, рекао је задовољно.
ВИСОК, црномањаст човск устао
је и потштапајућм се пришао
нам. Чврст и срдачан стнсак руке.
Сусрет двеју генерација. Оне која
је започсла к оне која наставља. У
пркос разлици у годинама и искуству,
брзо смо нашли заједничку,
топлу, другарску атмосферу.„
~.Први месеци 1936 године. Стањв
на Универзитету све горе, владајућа
класа тражн начина да студентима
онсмогући даље продирање у науку.
Предратна аграрна Југославија
није могла да обезбеди запослење
великом броју студената. А где се
тражнло решење? У повећању таксе.
Власти су сматрале да ће тим
потезом извући двоструко преимућство.
Неће се замерити богаташким
снновима, а спречиће долазак на Универзитет
радничке омладине чијег
су се присуства у академској
средини плашили. Када је одлука о
повећању такса почела да се спроводи
у дело положај студената из
сиромашних кућа био је поражавајући.
Једна илустрација: ћерка иидустријалца
БајлониЈа купала се у
изобиљу и пиву, а плаћала је
школску таксу само триста динара
више од сииа једне чистачице. Однос
је био немогућ. Но, ни то ннЈе
било довољно. Методи борбе против
напредне мисли налазили су нове
облике. Руководиоцима студентског
покрета био је ускраћен упис У
наредни семестар а поред тога, са
факултета је исдључено око тридесет
другова. Донешена је уредба о
успостављању униформисане универзитетске
полицнје, која би ys
сарадњу агената Управе града, испу
њавала све захтеве омрзнутог ректора
Ћоровића. Под ударцима буржоазије
су се налазили најнапреднији
студенти.
Није се могло погнуте главе трпити
и чекати. Ово је био јсдан од
најозбиљнијих насртаја на Универзитет.
Аутономцја је повређена; требало
се за њу борити. Партија је
била на Универзитету толико јака

да |е могла да рачуна да ће се од
8000 студената барем 4000 одазвати
њеном познву. Студенти су рекли
своју реч. Оддука је пала: штрајк!

Но, ова акција не би била у потпуности
извршена без сагласности
студената Загребачког и ЉубљансКОг
универзитета. Студенти главН
ог града послали су као свога делегата
Вељка Влаховића који је изнео
њихово гледиште друговима Загреба
и Љубљане. Трећег априла
донета је дефинитивна одлука. Већ
сутрадан на свим универзитетима
Југославије отпочео је општи
штрајк. У кући Лоле Рибара штамП
аЈу се први летци позив на солидарност.
Доцније за студенте раде
две штампарије. Од постављених
ЗД хтева неће се отступити до коначие
победе.
Многопартиска политичка прштадност
студената Загребачког и Љубљанског
универзитета довела je до
размимоилажења и слома штрајка у
тим градовима за краћи период времена.
Београдски универзитет је на-

ставио борбу. Полиција и агенти Управе
града су немоћни. Пуни беса,
читали су билтене, летке, прогласе,
који су се тајанствено појаат>ивали
по два пута па дан. Студенти се обавештавају
о развоју штрајка. У
мензи, на улици, по кућама, свуда
се говори само о једној ствари: о
штрајку. Он се мора наставити док
се не победи! Појавиле су се штрајкашке
страже. Око шест стотина
студената смењивало се дан и ноћ
пред улазима факултета. Универзитетске
власти доносе одлуку: предавања
ће се одржати макар само
два слушаоца била у амфитеатру.
Рачунале су на штрајкбрехере, на
око педесет режимских студената.
”Ни та двојица не смеју бити на
предавању“, гласило је гесло штрајкача.
Страже су допуштале штрајкбрехерима
несметан улазак, али касније,
по изласку, стизала их је казна
већине. Универзитет је и даље
ћутао. Слушаонице су биле празне
али ”Главњача“ пунв. Свакодневно
су одвођени студенти-стражари,
али су убрзо морали да буду пуштени
на слободу. Разлога за хапшење
није било. Они су само мирно шетали
улицом не допуштајући никоме
улаз. А одредбе која то забрањује
није било у Кривичном законкку.
”Пред Патолошким институтом убијен
је Жарко Мариновић“ пронело
се кроз град. Повод је био цепање
антистудентске плакате. Једна
другарица је здерала детак окренута
леђима.«
И најзад успех. Удовољено је
свим захтевима студената, изузев
једнога: Двор и Министарство унутрашњих
послова противили су се
амнестији кажњених и искључених
студената. На место смењеног ректора
Ћоровића долази нови ректор
Драгослав Јовановић.
Он упорно брани и заступа студентска
права. Сва удружења на Универзитету,
(око 28), прелазе у руке
студената. Физичка сала поново
постаје место слободие речи, манифестације
студената н народа. Поново
се са овог места зачула реч
истине.«
-h
Кратко ћутање. У мнслима реконструншемо
априлскн догађај, јавља
се лик Жарка Мариновића, ликови
студената бораца...
Пријатељскн глас прекида тишину.
Опет је говорио друг Вељко.
Волео бих да се једном састанемо,
ми учесници и очевидци тих
догађаја, па да причамо вама. млађим
генерацијама, наше тешкоће,
нашу борбу. да причамо као Другови
и пријатељи...
У томе моменту и ми смо исто
зажелели. 3* Д*

ГЛАВЊАЧА

ОДЛОМАК ИЗ РОМАНА
„СМЕНА ГЕНЕРАЦИЈА"

Драгав МихаЈловиђ, Јед*
на од глаБИих лнчности ро
мана, ухапшен је зС>ог своје
напредне делатноста у
студентским организациЈама.
У одлом«у коЈи доноспмо
описано je »сгово саслушавашв
У Глашначи.
Део у комв je опнсано мупење
Драгалово У тексту
је означено тачкицама; таЈ
одломак je цензура прв
рат а избацила аутору кз
текста романа. Агеит Ууо,
којн се У Твкоту поминл,
је познахн крволок белогардејац
Никола Губаров.
Учетири часа тачно отворила су
се врата. Драган је задрхтао
и скочио.
Хајде! наредио j’e агент осорним
гласом.
Драган заглади руком косу и
нзиђе. Идући ходннком, видео је
кроз решетке на вратима главе хапшеника.
У једној соби биле су девојке.
Драган се сети Вере и хтсде
да застане, али је агент ишао поред
њега.
Овде рсчс и ухвати ra за
руку. На
прозорима простране собе оиле
су спуштене ролетне, иако је напољу
било још светло. Гореле су
сијалице. За једним столом седео је
онај агент и пред н>нм сУ се налазили
корбач И неки ланци. У углу су
стојала њих тројица у цивиау и
нешто тихо разговорали, А на суиротном
крају једна дама, пред којом
је била писаћа машина. Ссдела
ј е окренута .према шефу, са руком
пребаченом преко наслона, држећи
на дугачкој муштикли иигарету. Коса
јој je била обојена жуто и сва
у коврџицама, нокти дуг&чкн к цр*
веном бојом премазани.

ГТрисуство ове девојке улнло Је
наду и храброст Драгану. Поклонпо
се и застао опружених руку.
Дакле, венчава се? питао
Је шеф агената младу девојку.
Да... и то, богами, извапредно.
Богатство... ауто. Више joj
ништа не треба.
Шсф агената са нстим осмехом којим
је посматрао даму, обрати се
Драгану.
Молим вас, седптс. —• Оида
дохватн нека акта па.се окрете н>ој:
Нешто' mv само недостаје... да
је мало млађи.
Драган пог.теда л>убопнтл»иво даму,
која Је имала дугачке надомсштене
трепавице и у ову тмуриу
атмосферу уносила нешто ведрнне.
Па ни овај Рус није се Драгану npuчињавао
онако страшан. Шсф се
налакти на сто, састави шаке, поче
лупкати прстима и са љубазнпм
осмехом, поглсда Драгана;
Ви се зовсте?
Драган Михајловић.'
Она дама се окрете столу и поче
куцати на машини.
Студенх права!

— Да.
Шсф Је палцем десне руке трл>ао
по длану леве и као да се присећа,
питао;
—• Ви сте... ако се не варам.,.
син универзшета господина
Михајловића, је л* те?
Тако је! одговарао Је одрешито
Драган.
Аха!... Ну... да! говорио
јс шеф, палећи цигарету. Онда као
да се присети: Пардон... Пушите
ли? и поднесе Драгану ду*
ванску кутију.
Не, хвала! насмешн се Драган
и лако прик.тони главом. "Ово
су врло љубазии људи“ мислио
је. . .
Шеф се придиже и прнђе јсдном
Од оие тројице коме нешто шапну.
Враћајући се додаде;
Извините, Онда отресе цигарету
и настави; Дакле, професор
универзитета?
Д«.
Али.., меии ее лпни ... *и
ннсте живели f *аједници «а својим
Оцем, i i

Драган се помери на столици и
замуцну:
Н-не, нисам!
Чудновато! махну руком
ше ф. __ Д а ли бн стс нам могли рећн
разлог?... Али, молим вас, ако
вам је то непријатно не морате говорнти.
Драган увуче главу у рамена и
колебајући се лодаде:
Није тајна... Због маћехе...
Аха, због маћехе.,. О, о, о,
тежак је свуда живот где је у кући
маћеха. Онда се окР ет е дактилографкињи:
Кажем ја ваиа, roспођице
Лоло, неће се она провестн
добро.
Боже! учини Лола и напупи
усне. У сваком случају мора јој
дати богато издржавање ове речи
нарочито нагласи.
А, то је друга ствар насмеши
се шеф и обрати Драгану:
Да!... Дзкле молим вас... и ви,
кад сте напустили очеву кућу. узели
сте стан у Јатаган Малп. Он
отвори акт и прочита; Ред четврти.
Је л’ те?
Одговорк кратко Дра-

ган и као да се саз скупи. Осећао
je да ђе сада наступити оно главно
и посматрао је нетремице шефа агената.
Код кога сте становали?
Код једне старнје жене... seaлн
смо је тетка Лена. Не знам јој
нрезиме.
То није ни важно шеф areната
се намршти и поче добовати
прстима по столу, Затим отвори vct*
као да хоће да ппта. Али је isyTao
и посматрао Драгана, као да се премншља.
А с ким сте становали?
Са своја два друга, Гојком Ннколићем
и Ђуром Лазовићем.
Јестн ли их добро познавали?
Па... Хмl... Јесам... са универзитета.
' Шеф агената повуне днм и држећи
цнгарету између кажнпрста и ве*
ликог прста налактп се на сто а главу
наслони на палац. Гледао је
жмиркаво Драгана.
Ви сте, господине Михајловићу,
млад човек, нз угледне породице, а
нисте били свесни у какво сте друштво
запали. Он укрсти шаке *
климну главом. Огрови!... Криминални
типови!...
Драган је муцао;
Можда али се тада сети да
их оптужује и брзо додаде: Ја
ннсам имао прилике, да их познам
као такве.
Драги мој! климао _је главом
шеф агената, као да је хтсо
рећн: ви појма немате. Гледајући
испптивачкн Драгана наставио је;
Зиате шта је тај Ђура рскао за
вас? -7- Qh ртвори табак П
т Ц „На сасганКЈ; к ШМихајловиЂ * учесгвовао у саставл>ан»у
летка*.
Чудим се да је могао тако шта
рећк... Ја уопште нисам био на том
састанку, нити , шта знам о састављању
летка.
Ето виднте изазивао га шеф
и лупкао шаком по хартијн; Ви
немате ни најмање разлога да њега
чувате... Наравно.
„Треба све одбнјати и ништа ие
потнисивати" понавл»ао је Драган,
наслућујући да се приближује
отсудни момент. Гледао је напрегнуто
шефа агената и пратио сваки
н»егов покрет.
Овај дуну на ревер капута да би
стресао пухар цнгарете и бришући
се руком, као да говори узгред, 'настави:
Пошто сте становали са н»lша,
вама је сигурно познато, шта су ош
разговарали и где су се састаја.т;ц
Сматрам да ћете нам искрено рећи...
—Ми смо билн увек заједно.
Алн, продавали смо млеко...
Аха!... Зашто сте вИ то чинили
кад је ваш отац добро материјалио
обезбећен?
—Да бнх могао свршити пнлотску
школу.
А ви сте пнлот?
Драган потврдно клпмну главомТо
је лепо... Дакле, молим
вас, да пређемо на оно што је главно.
Ви сте били на састанку и учествовали
у саставл»ан»у летка?
То није тачно, и не могу прнзнати.
Сматрам... пзмишљено је.
Шеф погледа строго Драгана и
управи прст на себе.
Од сгранс накк? roeopno је

таквим тоном ипо Је искључивало
сваки потврдни одговор.
Драган, ослањајући се на руку,
издиже се са седншта и крећући
главом проговори;
Не кажем.., Али то уопште
иије тачно.
Шеф се завали у наслон столице
н стави палчеве у џепове прсника.
Шегово лнце постаде некако хладНо
, као ледено. Климао је главом
и говорио претећим гласом:
Мн смо навикли на таквс одговоре.
Дли не заборавите, мн потађамо
вашу мисао на два часа унапред.
J a в ам пријатељски саветутујем
да говорите отвореио. Ви сте
из \тледне породице и немате разлога
да се правите неки политички
мученик.
Ја то ие желим... Али, господине,
ја ие могу да признам оно што
није тачно.
Шеф је лупкао кажипрстом о сто
Н посматрао упечатљиво Драгана,
Не заббравите, ми нмамо пуно
начина да вас натерамо да говорнте
не само истину, него и оно што
ни у сну нисте сањали. Између
његових очију цојави се дубока бора.
Уснице су му биле стиснуте.
Драганове вилште су задрхтале.
Иогледао је дактилографкињу, надајући
се да му се у њсном присуству
ништа рђаво догодити. Гризао
је усну, док му је по челу избијао
зној. Очи су му грозничаво
снјале:
ДаЈем вам часну реч, да говорим
истнну.
Не дам буђав марјаш за твоју
часну реч. Пнтам ја тебе последњи
цјт; Је си т биа на сасрааку и са-

стављао летак? ттитзо ]е шеф ПО'
Втиеннм гласом.
Не... нисаи одговори Драган.
Шеф одбаци писаљку и устаде.
Лобро... Причекај! н изађе
из собе.
Драган ]е седео погнуте главе.
Иза његових леђа агенти су нешто
ћућорнли. Дактилографкиња је пушила
на дугачкој муштиклн и бсзизразно
гледала у машину пред собом,
и по навици ударала лако прсгима
по диркама. „Добро сам се
држао... нисам ништа прнзнао*
понављао је Драган, као да се преслишава.
„Ваљда иеће* мислио је
устрептао, надајући се да ra неће
тући. У том су се врата отворила.
Ушао је шеф и за н>им један крупан
човек, црвена, груба лица.
Је ли тај? запита онај крупан
човек и без икакве претходне
обзнане удари Драгана песннцом
по врату, а другом руком шамар по
образу. Драган је устао и повео
се. Онај промрмља «еку псовку и
глсдајући бесно Драгана пође лагано
излазу.
Драганови образи су горели. ц у
врату осећао је бол. Кроз замагљене
очи видео је дактилографкињу,
како равнодушно клацка пребаченом
ногом н лупка по днркама машнне.
Осећао је као да му се цело тело
грчи и скупља, приправпо да одбије
сваки ударац. А све свесне радње
се концентришу на једну мисао, да
никога не оптужи, и ништа не призна.
„Ма шта било* пркосио је
самоме себн.
Шеф отвори дуванску кутију. Потон
аапали вештим по-

кретом угаси палидрвпе и бацајући
на под, обрати се Драгану:
Но?... Сад ваљда и Сам увиђаш
како је крајње време да проговориш,
Немам шта да говорим. Остајем
при своме исказу! остао је упоран
Драган сав нарогушеи и прко*
сан.
Добро, добро. Онда се окрете
према агентима и даде Им неки
знак руком.
Један од њих изиђ«.
„Не признај ништа, не призна]!*
саветовао је Драган самога себе
и удахнуо снажно ваздух као да
прибира снагу.
На вратима се појавтт онај круннн
агент, вукући за руку некога. Његово
лице било је бледо, мршаво и
зарасло у браду, очн су упале, а испод
љнх тамни колутови. Драган је
једва разазнао, да је пред њим
Ђура. I ледајући његово нзмучено
лмце, имао је утисак да посматра себе
у неком огледалу. Ужаснлх) се.
Као да је у ње*у вндео доказ и своје
пропастн. Али одмах затим очи
Драганове су сенулс,. уста се развукла.
Да је могао, полетео би му у
загрљај.
Шеф стадс испред Ђуре.
Је ли ово тај? и показа руком
на Драгана.
Јесте једва чујно проговори
Ђура и обори очи,
Онда се обрати Драгану;
Познајеш ли ra?
Познајем и грозннчаво погле
да Ђуру, не би ли «а његовом лицу
прочитао мисли.
A* ciw се опет обратн Ђур«

Реии сада cne што знаш о tbt*
му.
Не з«ам ништа да кажем
муцао је Ђура.
А раннје си прмзнао да Је и он
учествовао у саставЈвању лстка
викну Рус и унесе Му се у лице.
Ни један мусхул на дагцу Ђурииом
ни.к ее померио. Био је укочен као
MVMitja. Говорио је ледешт гласом;
Наггпсалн сте без мога знан>а.„
Агенти су се уСкомешали.
Шеф ци!кну:
•*- Шта кажеш?!
Дратан искористи прнлику;
Како сн могао рећи, да сам састављао
летак?
Нисам рекзо. Али њетова
глава се sattece под снажним ударом
песнпце и он се поведе до врата.
Води то ђубре драо ce Рус.
Кључар је отворио врата. Агенти
су гурнули Лрагана и он је поребарке
пао. Један је прмшао и npcтио
прстом:
-- Ниои хтео да прш/НШ. .. Али
»шј, ако не признаш, бзцнћемо те
у Дуиав... Размисл« се.
Драган је слушао ове речтт. као
да долазе са неког другог света и
да ce њега не тичу. Јер ништа горе
и стрзишије не може да ta задеси,
од овога што ce већ догодпло.
А најзад, и ту смрт ће лакше поднети
од мучења. И тада му пред очима
сеиу, као на неком филму, шта му
се све може догоднти. Обухвзтио Jr
главу и гласно зајецао, понављаЈ^ 1 '
»Мајко Moia“-

Стеван ЈЛКОР^*

Значајна прекретница

Чланак Иве Лоле Рибара
објављен две годнне
после апрнлског
штрајка у листу „Студент”.
Две године нас већ деле од дана
јуначке смрти Жарка Мариновића.
Од оних дама великог априлског
студентског штрајка, којим
је, после 25 дана борбе, одбрањена
аутономија Универзитета и створени
посебни услови за будући развој и
рад студената и њиховог покрета.
Посматран из данашње перспективе,
овај велики студентсми покрет из
априла 1936 добија' свој прави и нарочити
значај. Та, најоштрија борба
која је до сада на овом Универзитету
вођена, показала је први пут у
ширем опсегу ОДЛУЧНУ УЛОГУ
СТУДЕНТСКОГ ЈЕДИНСТВА, организованост
и зрелост заједничке бор
6е демократских студената, вслику,
искрену љубав студентских маса према
њиховом Универзитету, култури
и слободној науци, и свест једног
дела омладине о њиховом положају
и правима. Студентски штрајк из априла
1936 значио је крај једне епохе
настајања студентског покрета
као таквог, крај оних спонтаних студентских
иступа, крај борбе студентске
авангарде и почетак борбе свих
студената. Свим тим, заједно с оним,
у току штрајка први пут шире
оствареним контактом са нашим
професорима, велики општи студентски
штрајк из априла 1936 значио је
јсдан крај и један почетак, једну
значајну прекретницу у историји студентског
и омладинског покрета код
нас и у историји самог нашег Универзитета.
ПОТПУНО ЈЕДИНСТВО ДЕМО.
КРАТСКИХ СТУДЕНАТА У У.С.О.

од тада, кроз последње две године
наш се студентски покрет непреккдно
развијао у свима правцима:
све ширим организовањем, планским
акцијама све конструктивнијим, све
студентскијим радом, савлађиване су
препреке и грешке, оствариванц успеси,
успеси од користи студентима,
науци и народу. Данашњи студентски
покрет, покрет сарадње и слоге студе
ната у њиховим удружењима која су
остварнла многе студентске захтеве,
покрет потпуног јединства демократских
студената у Уједињеној
студентској омладини, није више саио
израз спонтаног бунта и општих
золитичких тежњи једне студентске
авангарде: данас, априла 1938, две
године после великог штрајка, те
прве опште студентске акције, имамо
студентскн локрет као покрет за-

ИВО ЛОЛА РИБАР

иста омладински н културни. Каолокрет
једног дела данашњег младог
нараштаја, свесног свога друштвеног
положаја, своје заједничке судбинс и
одговорности. За такав покрет с друштвеног
гледишта било је већ и услова
пре априла 1936 али баш
априлски штрајк је први стварно изразио
нову садржину и облик студентске
борбе и свима указао на нови,
на прави пут, на пут који захтева
време и интереси студената икарода.
На прекретницу између студснтског
покрета као локрета сту-

дентске авангарде и студентског покрета
у данашњем смислу те речи,
као омладинског покрета свих студената,
студентски штрајк 1936 године
има за нас историски значај

ТЕРОРИСТИЧКЕ АНТИСТУДЕНТСКЕ
КЛИКЕ ПОКУШАВАЈУ ДА
ДИЖУ ГЛАВУ

Да је такав пут нашег локрета једино
правилан и могућ, да он не само,
као што на речима радикални елсменти
тврде, није снизио борбену
(Наставак на четвртој страни)

БЕРЧЕВА Заклетва

А КО еџ јин bvm слте за неделл,
Нека из tbux нигне грст коров и грава.
И ако сам глух за рода невесела^
Нека ме завеје лишке за6орава ш
Ateo су мп руке нејаке да брангш
Заставу нам мчра што полупце носи,
Нека mt отпадну м нека ми дани
Буду жито cee/to што га ветар коси.
Ако икад уста землу ми издају
Нека ми изгори со другарске крви,
Нека пелен буде у мом залогају,
Нек ко бор погођен громом паднем првн.

Владета ВУКОВИЋ

СНОВИ СУ ОСТАЛИ НА ПЛОЧНИКУ

Нису ra нспраћали ни отац пп
мајка. Жарко се само као кроз
мутан сан сећа када су преко камењара
пренели два дрвена ковчега.
И то је све шго му је у памћењу
остало о родигељима.
Али тога дана, док су му сестре
помагале да скупи оних пар књига
и стварчица у снротињски завежљај,
ипак је гледао погледом наде
у будућност. Пред њим је свет пун
сањарења која још није успео нико
да му отме, јер је сашарење хлеб
сиромаха.
Тешко је растати се од очинског
огњншта, ма да је на њсму чешће
крчкала вода него пура. Али остати
на селу значило би делнти парче
дедовине тај камењар и шаку
посне зе.мље са братом и шесторо
сестара. Жарко се одлучио за оно
друго: ићи у град ,и учити,
Колико је пута дечаче са торбнцом
преко рамена и кожним 'опанци
ма на ногама, које је оштри камен
много брже разднрао него што је
зарада сиромаха стизала Да их окрпи,
препешачнло стазу од родног
кућерка у кршном селу Очинпћима
до гимназије у Цетињу? Пуннх осам
годнна сат и по хода тамо и сат и
хода назад, Пребродио је то
Жарко. А no повратку кући затицао
је све теже стање. За тако сиромашну
породнцу као што је била
његова један ђак је био више него
терет. А тај ocehaj’ да си у низу бри
ra једна брига внше, да си у немаштини
повод да се она још повећа...
Али то је све већ прошлост. Сутра
ће га воз понети далеко од кршевитих
висова, а машта још много

даље у нови свет којиг ће му омогућитн
да жпви животом човека.
Јесени 1934 године отворнла су
му се врата толико жељеног Универзитета.
Шта га је овде очекивало?
Београд је за њега бно нов. Нова
и непозната среднна. Познанства
Мало. Средстава за издржавање
никаквих. Гладовања, студирање н
потуцање ишлн су руку под руку.
Поучавање деце богатих омогућило
му је да живогари, Али, Жарко
тада није заборавио да поред
њега посгоји маса студената који
немају средстава за живот и полу-

гладују. Они који га се сећаЈу пз
тнх дана, причају како је Жарко
месецима живео на пола порције,
дајући друговнма други део.
Студеитске демонстрације и штрајкови
затичу ra на другој години сту*
дија. Живот га је до тада научио да
сам не може рстварнгн своје снове.
Била је потребна масовна борба.
Зато је и нашао своје право место
на страни огромне масе студеката
који су се борили за аутономни Универзитет
и за слободу науке. Часовнма
стражарн на факултетима
као припадник "студентске страже*.

Своји-м грудима бранио je слободу
науке, науке коју је толико волсо и
због KOj’e је прешао пут од брдовитог
Очинића до Цетпња и Београда.
А онда је дошао изненадни ударац.
Eno шта прича о том дану Дика
Мариновић, учесник у тим догађајима:
*У Ј*ануару месецу затворнлк су
ме са још многнм друТовима на Адн
Циг&нлнји. Због недостатка доказа
пустили су нас неколико, а ocraле
су интернпрали. Темпо и ја kpeнули
смо у медицпнску мензу, Онако,
са стварима, упалн смо тамо.
Срсли смо се са неким друговима.
Бнли сУ тамии у лииу, мало пометени
и ftmue су ћутали нсго говорили.
Када сам te ја појавио Настао је тајац.
Питали смо ихс
Шта је?
Погкнуо нам јс један друг.
Нисам ни помнслила на Жара од
хиљадс студеиата. А познајем га из
детињства- Из истог смо села. Он
ме је и иаговорпо да пођем на сгуднје.
Три месеца се брииуо о меии,
радио за мене да би могла j'ccth. И,
егск пао је као жртва реакције“,
Тог дана на бранику студентске дутономије
стајао је и Жаре Марнновпћ.
Група "југоваца* 1 ra је изазпвала.
Дошло је до сукоба. Један *.iyговац“
му је пришао са леђа, зарио
нож и кукавнчки побегао.
Пао j’e Жаре. Палн су и сви иде*
али сиромашног црногорског сељачега
из Очинића више Цетиња. Шсст
сестара залуд су чекале свога брата.
Тврдн крух, свакодневне муке, Цешачење,
годнну и по дана напора да
опстаие на студпјама све је лежало
на плочиику.

т Иетшастм тшктишешцРастанак

прича о сахрани Жарка Мариновића

Жарка Мариновића 4 априла
i e i H ° M ЈС потв Р дила
да непријатељ неће штедети никаква
средства, па ни животе младих љу-

ди, да би угЈ т шио штрајк. Сами
штра'; - ii, пак, још јаче су после
твегоЕе смрти збили своје редове,
чврсто решени да у борби однесу
победу. Присећајући се тих дана,
књиж' .шк Мпхаило Лалић, између
осталог, каже:
Да, то је била, у правом смислу
речи, класна борба. На једној
страни смо били ми, комунисти и остали
напредни студенти, на другој
буржоазија. Довољно је речита
чињеница о томе ко су били штрајкбрехери
синози Русл Сслогаодејаца
и госпођице нз „бољих* београдских
поролица су чинилн њихову
већину. Нас су помлгали и напред
ни професори. Сама Жаркова смрт
још једном нас је искупила ла масовно
иступимо против полиције.
Жарка су, одмах по убиству полициски
органи тајно сахранили, Када
су штрајкаши за то сазнали, одкопали
су Жарков гроб, изнели сандук
и, решени да своме палом суборцу
одају последњу почаст, у дугој
колони пошли на гробље.
Било нас је преко три хиљаде.
Тога дана био је пети или шести
април, сада се више не сећам тачног
датума лила је таква киша да смо
били потпуно мокри. Али нико није
ни помишљао да одустане. У Гробљанској
улици су нас дочекали кордони
жандара. Но тога дана-још нису
нападали, али на гробље нас нису
пуштали. Само је делегација од
тридесетак другова, међу којима су
били и народни хероји Рифат Бурџевић
и Данило Бојовић, обоје попшули
у рату, затим Бошко Ђурнчковић,
Војо Николпћ, Милинко Ђуровић,
могла да оде на гробље. Ми,
који иисмо могли на гробље, вратили
смо се. Бећ у Гробљанској улици,
у поворци, почело је демонстрирање.
Од грађанства на улици доби
јали смо видљиве знаке симпатије
одговарали су на наше узвике, И
одједном видимо на улици једну
старију жену у црнини. Мајка. ваљда,
неког студента или радника
маше нам и поздравља нас. По некад
је, зиаш, довољан и најмањи
гест човека, кога чак не мораш познавати,
да те подигие, охрабри. Ова
жена нас је одиста подигла. Осетили
смо да је она оличење наших мај
кн, да она казује жељу свнх њих.
Пуни елана, помагани од грађанства,
изашли смо у Александрову улицу.
И тада неко рече на Ћоровићев
стан. Киша је стално лила. Би
ли смо до коже мокри, али нико није
напуштао поворку. Компактни,
стигли смо у професорску колонију.
Баштенска капија била је јака и чврсто
закључана. Потегли смо каменице
и полупалн сва окна.
Сутра дан, наставља Лалић, пошли
смо на сахрану. Но за ову прилику
полиција је довела појачања из
околних места. Дуж Гробљанске улице
било је, ваљда, исто толнко
жан n pa, колико и нас. Када смо пре

Михаило Лалић

шлн мост у Гробљанској улнци rroкушалн
су да нас зауставе. И тада
смо се потукли с полицнјом. У близини
је бнла нека циглана са које
смо узимали цнгле н тукли жандаре.
Чудно је али нису пуцали у нас
ваљда т©га дана нису имали наређење.
У тој тучи, већ изнемогао, бно
сам ухапшен.
Но ни застрашивања нн хапшеља,
ни претње управника града Дра
гог Јовановића и ректора Ћоровића
нису нас омели. Ми смо издржали
до краја и победили. После десетак
дана славили смо своју велику победу
извојевали смо аутономију
Универзитета, завршио је Михаило
Лалић своје излагање успомена
на дане априлског штрајка.

Михаило Лалић

Како је штрајк ван земље

I-Ia састанку бироа међународне
1 * светске студентскс заједнице,
1936 годинс, преиедник бироа,
француски студснт Андре Виктор,
предложио је да томе заседању
претседава делегат Акционог одбора
југословенских студената, Иво
Лола Рибар, јер претставља „једну
тако реномирану организацнју која
је непосредно пред почетак заседа-

ња бпроа Међународне студентске
заједнице славним једномесечним
штрајком одбранила аутономију
свога Универзитета".
То доказује колико је уважавана у
то време наша студентска омладнна и
њен Акциони одбор и са колико симпа
тија је дочекана њена победа у
априлскнм данима, пре петнаест година.
ПРОГЛАС УЈЕДИЊЕНЕ СТУДЕНТСКЕ ОМЛАДИНЕ
поводом погибије Жарка Мариновића

СТУДЕНТИ f
У борби за наша права и нашу слободу пала је још једна жртва. Смрт друга Жарка
Мариновића, студента права, који је пао под убодима ка.че јсдног фашистичког плаћеника, је
још један злочин у низу безбројних насиља и злочина, којег су годинама проводили и још проводе
разни противнародни режими, служећи се свим средствима фашистичког терора.
Годинама наш народ крвари и стење под јармом и ударцима тих режима; годинама
управљачи з емље хараче, годинама газе путем безакоња, крви и насиља. Убиства, робија и
концентрациони логори одговор су на сваки захтев народа за слободом.
II данас, поред најављене демократије, исте оне терористичко-фашистичке организације
које су за време злогласног Јевтићевог режима извргииле отворено насиље над народом,
продужују под владом Стојадиновић — Корошец, несметано своју злочиначку акцију. Студентска
терорггстичка организација „ ОРНАС", чији је почасни претседник злогласни крвави ректор Ћоровић,
уз видну благонаклоност данашњег режима, пз дана У дап, помагана од полиције, врши
разбојничке нападв угрожавајући животе појединаца, са оружјем напада на студентске скуповв
правећи од Универзитета разбојиште.
У моменту када су студенти употребили последње академско средство штрајк, У
борби за своје основне животне потребе, за своја права, з а слободу науке и унггверзитетску аутономију,
погажсну универзитетском полицијом, ректор Ћоровић чије су руке умрљане крвљу
двојице студентских бораца, организује банду пропалица плаћепика, којп наоружани до зуба
нападају изненада на голоруке студенте да се све завргии смрћу једног нашег друга и десетином
теже и лакше рањених.
СТУДЕНТИ!
Смемо ли дозволити да и даље падају борци из наших редова под ударом каме професионалних
убица? Сме ли кдап режим који хоће Да се претстави народним режимом и који
се на сва звона оглагиава демократским, дп и даље постоји и да помаже терор фаигистичкнх
организација? Не! Свесну и борбену студснтску омладину нагиег Универзитета неће помести
ови промишљени удари непријатеља. lle. Јер ми нисмо сами. Наши другови у Загребу и Љубљани,
синови Хрватског и Словеначког парода, налазе се V покрету и борби проти> фашистичке
офанзиве. Радни народ листом стоји уз своје синове који годинама дају животе у борби са реакцијом.
Широки народни слојевгг се буде и вал народног покрета за слободом стићи ће као
освета оне који су га годинама кундачили и бичовали и газили ову земљу.
СТУДЕНТИ!
Пикада као данас нисмо били тако снажни « тако јединствени у нашој борби која
Зе везана за неодложпо испуњење ових наших захтева:
1. Растурање фашистичке организације
2. Стављање под кривичну одговорност свнх чланова организације за њен досадашњи
рад и з а убиство, na и њеног почасног претседника Владимира Ћоровића.
3. Оставку Ректора Ћоровића и његово уклањпње са Универзитета, пошто ie у ceo }ству
Ректора био почасни претседник једне терористггчке организације.
4. Укидање универзитетске полиције и. поништење казни изречених нод члановима
Акционог одбора стручних удружења.
5. Решење свих студентских питања, првенствено школаргше и такса. no којима данас
штрајкују солидарно cea три Универзитета.
СТУДЕПТИГ
Истрајмо У штрајку до остварења наШих захтева.
У овом тренутку, после крвавих догађаја и свирепог полнциског терора над узбуђенил
студеитским масама, за време погреба нашег погинулог друга, у тренутку када су студенти « jaeност
целе Југославпје м читавог света огорчени нпд новом жртвом фагчизма, сваки онај ко
се активно не би заложгго за oee запеве ставља се на строну фашистичких убица.
Народни студенти, Студенти народне радикалне странке, Земљорадничка студентска
омладина, Студенти земљорадничке левице, Студенти самостални демократи, Студенти Хрватске
сељачке стоанке, Студенти Словенци присталице Удружене опозиције.

„ОСЕТИЋЕ КOМУНИСТИ
ШТА ЗНАЧИ TEPOP"

Збијени чврсто око свог Акционог
одбора студенти су тих април«
ских даиа били решени да штрајкују
до потпуног остварења својих
захтева. Хашшења нису успела да saплаше
смеле београдске студенте.
Непријатељ је био бесан и жељан
освете.
Крвави рекггор Ћоровић к овог пута
води главну реч. Његов стан у
Лрофесорској колонији постаје место
где се кују подмукли и бавдитскн
ила/иови који ће се најзад завршитн
смрћу Жарка Мариновнћа.
Донешена је одлука да се терор појача;
средства не треба бирати. Полнција
је тражила повод за фронталнн
напад на шрајкаче. Бандити
Омиљен и Слободан Недељковић са
овојим људима из ОРНАС-а добили
су задатак да изазову крзопролиће...
Излазећи из ректоровог стана Омиљен
задовољан што му се опет даје
прилика да иокали свој бандитски
бес на голоруким студентима, изјављује:
„Осетиће комунисти шта
значи терор“* То је било трећег априла.
Четвртог априла на вратима Патолошког
института појавио се летак
ОРНАС-а који је хушкао на штрајкаче.
„Кукавице! Ко сме да дирне
летак“ изазивали су реакционари,
Студентска отража сквда летак. Почиње
туча. У рукама бандита каме.
Једна од њих зарива се у леђа Жарка
Мариновића. Два... три ударца
убице. Жарко пада. Слободан Недељковић
држећи још увек крвав нож;
у руци даје се у бекство. Збуњени
Жаркови другови, пуштају га да побегне.
Осталн „орнасовци“ кроз парк
Патолошког института беже према
игралишту. Смртно рањеног Жарка
односе на Прво хируршко одељење.
Али... лекари нису стигли да му
дају помоћ издахиуо је на носилима.
За то време убица стиже на
Прву интерну. Ту га хвата секретар
деканата Медицинског факултета Чеда
Милошевић и уз помоћ портира отима
му из руке нож. „Чудан је то
био нож, ceha се данас друг Чеда
Мидошевић. Била је то некаква
нарочита кама са украшеном дршком
и иницијалима терористичке организације
ОРНАС“.
Убиство Жарка Мариновића тадашња
штампа је приказала сензационалистички
са намером да га претстави
kaO a'KT самоодбране.
пошто су се у јавности чули све
бројннји гласови протеста против овог
најновијег злочина самодржавља,
читава ствар иочела је да се заташкава.
У ту сврху штампане су изјаве*
злочинца Недељковића који со
„кајао“ н његовог оца „старог пуковника"
који није знао да је његов
син „та«ав“.
Апри.тска жртва требала је да упла
ши и поколеба штрајкашке масе
студената. Но, злочинци и њихови
инспиратори преварили су се у свом
крвавом рачуну. f

Ове недеље

Утакмице 111 кола за првенство
Универзитета и Великих школа
ц.јУ Позоришна Дкадемија
В.П.Ш. Игралиште ”Нови Београд“.
почетак у 13,30.
9-lV М.У.П. Медициист
Игралиште г Текстилац“, почетак у
13.30.
9-lV Пољопрпвредни Природно-математички.
Игралиште ”Тек
стилац", почетак у 15,30.
9-lV Правни Ветеринарски.
Игралиште ”Икарус“, почетак у
15.30.
9-lV Т.В.Ш. Економски. Игралиште
”Нови Београд", почетак
у 15,30.
9-IV Н.Д.В.Ш. В.С.Ш. Игралиште
"Чукаричког", почетак у 15,30.

ЗНАЧАЈНА ПРЕКРЕТНИЦА

(Наставак са трећ© стране)*
снагу нашег студентства из времена
фебруара 1935 и студентског штрајка
1936 већ да ју је проширио и продубио
и много увећао, зато су
најбољи докази последњи догађаји.
Својим познатим методама: крађама,
фалсификатима, новим нападима на
голоруке студенте скопчаним са новим
проливањем крви пред Универзитетом,
терористичке антистудент-*
ске „зборашке” и сличне клике покушале
су у задње време да дигну
главу. Потучени и од сваког превареног
и добронамерног напуштени,
ови усамљени терористи свесни чињенице
да на Универзитету не могу
играти више никакву улогу, покушавају
сада ла провокацијама, изазивањем
нереда и новим проливањем
крви разбију данашње стање
ствари на Универзитету, онемогућс
мир и рад и доведу до затварања ове
школе. Снажна рсакција свих студената
на ове бесрамне покушаје, убедљнви
и недвосмислени триумф

студентског јединства на изборима
за Потпорно удружење, последње
величанствене приредбе на Универзитету
са преко 3.000 присутних, силина
којом су нападачи најурени из
ауле Правног факултета и онај незаборавни
протестни митннг против
насртаја на живот нашег колеге Међсдовића,
све је то био за њих
достојан одговор и поука. Све им
то казује, њима и свима који се
сличним плановима баве: да је наш
покрет, две године после априлског
штрајка, цементираи радом и жртвама,
буднији и снажиији но икад, да
је прозрео њихове планове и да ће
знати да брани студентске тековине,
да дисциплиновано и организовано
одговори на сваки напад против рада,
реда и мира на Универзитету.

АПРИЛ 1936 ПОЧЕТАК ЈЕДНЕ
ЕПОХЕ

Снага нашег покрета, која је баш
задњих дана у неколико махова дошла
тако до израза, показује пут који
је пређен. Пут чији је почетак,
почетак једне епохе , април 1936
пут на коме је наш покрет дошао до
своје организованости и свести о
својим задацима, и заиста постао покретом
кроз који једно поколење
иде ка животу и ка своме циљу: ка
свесној служби народу, друштвсном
задатку генерације народне интелигенције
коју хоћемо да створимо.

Издаје Народна омладива на Б*оградском унивсрзитету и великим школама; Одговорни уредник Сима Беговић: Уредништво и администрација Београд, Балканска 4/lV*
МДвфов 23-464; Черовнв pav ч 103*903213. Шхампа "Политика", Стаљинградска 31
  </body>
 </text>
</TEI>